https://www.pordata.pt/	2026-08-21
https://www.pordata.pt/academia	2026-02-10
https://www.pordata.pt/academia/accoes+na+sala+de+aula	2023-01-10
https://www.pordata.pt/academia/formacao	2023-01-10
https://www.pordata.pt/academia/literacia	2023-01-10
https://www.pordata.pt/comunicacao/agua+da+torneira+e+segura+para+consumo-693	
https://www.pordata.pt/comunicacao/eua+++4%c2%ba+principal+destino+das+exportacoes+de+bens-699	
https://www.pordata.pt/comunicacao/eua+++5%c2%ba+destino+exportacoes+de+servicos-695	
https://www.pordata.pt/comunicacao/evolucao+da+area+ardida-691	
https://www.pordata.pt/comunicacao/imigracao+sustenta+crescimento+da+populacao-706	
https://www.pordata.pt/comunicacao/literacia+digital+um+longo+caminho+para+meta+2030-709	
https://www.pordata.pt/comunicacao/portugal+e+o+3.%c2%ba+pais+mais+envelhecido+da+ue-707	
https://www.pordata.pt/comunicacao/qualidade+das+aguas+balneares+em+portugal-680	
https://www.pordata.pt/comunicacao/quantos+habitantes+tem+portugal+-704	
https://www.pordata.pt/comunicacao/radiografia+do+pais+em+80+indicadores+chave-710	
https://www.pordata.pt/comunicacao/retrato+da+populacao-705	
https://www.pordata.pt/comunicacao/retrato+demografico+da+populacao-708	
https://www.pordata.pt/comunicacao/retrato+do+ambiente+em+portugal-673	
https://www.pordata.pt/comunicacao/retratos+da+europa-651	
https://www.pordata.pt/comunicacao/retratos+dos+municipios-634	
https://www.pordata.pt/contactos	2016-08-08
https://www.pordata.pt/cookies	2026-01-29
https://www.pordata.pt/db/portugal/ambiente+de+consulta/tabela	
https://www.pordata.pt/destaques	
https://www.pordata.pt/en/about+pordata	2026-07-29
https://www.pordata.pt/en/academy	2019-01-14
https://www.pordata.pt/en/academy/literacy	2015-09-01
https://www.pordata.pt/en/academy/training	2015-09-01
https://www.pordata.pt/en/academy/training+room+sessions	2016-02-29
https://www.pordata.pt/en/all+portraits/	
https://www.pordata.pt/en/communication/+%e2%80%9centerprises%e2%80%9d+theme-127	
https://www.pordata.pt/en/communication/ageing+index-649	
https://www.pordata.pt/en/communication/bilingual+portrait-196	
https://www.pordata.pt/en/communication/elections+for+the+parliament%27s+id-223	
https://www.pordata.pt/en/communication/eu+keeps+growing-48	
https://www.pordata.pt/en/communication/euro+area+enlargement-77	
https://www.pordata.pt/en/communication/europe%27s+id-53	
https://www.pordata.pt/en/communication/europe+2020+strategy-168	
https://www.pordata.pt/en/communication/european+statistics+day+++1st+edition-120	
https://www.pordata.pt/en/communication/european+statistics+day-154	
https://www.pordata.pt/en/communication/forest+fires+and+area+burnt-648	
https://www.pordata.pt/en/communication/infographics+men+and+women-186	
https://www.pordata.pt/en/communication/infographics+of+portugal+in+eu-156	
https://www.pordata.pt/en/communication/latvia+joins+the+eurozone-64	
https://www.pordata.pt/en/communication/municipal+portraits-232	
https://www.pordata.pt/en/communication/national+minimum+wage-647	
https://www.pordata.pt/en/communication/new+national+accounts+review-226	
https://www.pordata.pt/en/communication/new+pordata+theme-112	
https://www.pordata.pt/en/communication/new+pordata+theme-132	
https://www.pordata.pt/en/communication/new+pordata+theme-90	
https://www.pordata.pt/en/communication/new+pordata+theme-93	
https://www.pordata.pt/en/communication/new+portrait+++madeira-178	
https://www.pordata.pt/en/communication/new+portrait+of+azores-177	
https://www.pordata.pt/en/communication/new+portrait-102	
https://www.pordata.pt/en/communication/new+portrait-113	
https://www.pordata.pt/en/communication/new+portrait-115	
https://www.pordata.pt/en/communication/new+portrait-119	
https://www.pordata.pt/en/communication/new+portrait-137	
https://www.pordata.pt/en/communication/new+portrait-144	
https://www.pordata.pt/en/communication/new+portrait-153	
https://www.pordata.pt/en/communication/new+portrait-183	
https://www.pordata.pt/en/communication/new+portrait-190	
https://www.pordata.pt/en/communication/new+portrait-193	
https://www.pordata.pt/en/communication/new+portrait-217	
https://www.pordata.pt/en/communication/new+portrait-219	
https://www.pordata.pt/en/communication/new+portrait-255	
https://www.pordata.pt/en/communication/new+portrait-88	
https://www.pordata.pt/en/communication/new+portugal+portraits-71	
https://www.pordata.pt/en/communication/new+theme+in+pordata-173	
https://www.pordata.pt/en/communication/new+theme+in+pordata-210	
https://www.pordata.pt/en/communication/new+theme-105	
https://www.pordata.pt/en/communication/new+topic+in+pordata-158	
https://www.pordata.pt/en/communication/news+in+the+theme+enterprises-215	
https://www.pordata.pt/en/communication/news+regarding+the+theme+enterprises-101	
https://www.pordata.pt/en/communication/pordata%27s+5th+anniversary-83	
https://www.pordata.pt/en/communication/pordata+member+of+world+of+statistics-69	
https://www.pordata.pt/en/communication/pordata+viva+exhibition-86	
https://www.pordata.pt/en/communication/pordata.pt+wins+wsa+award-6	
https://www.pordata.pt/en/communication/portrait+of+madeira-203	
https://www.pordata.pt/en/communication/portraits+of+europe-657	
https://www.pordata.pt/en/communication/summary+table+for+europe-141	
https://www.pordata.pt/en/communication/summary+table+for+europe-188	
https://www.pordata.pt/en/communication/summary+table+for+europe-212	
https://www.pordata.pt/en/communication/we+already+are+responsive!-166	
https://www.pordata.pt/en/communication/your+municipality+in+key+numbers!!-134	
https://www.pordata.pt/en/communication/your+municipality+in+key+numbers!-171	
https://www.pordata.pt/en/communication/your+municipality+in+key+numbers!-206	
https://www.pordata.pt/en/contacts	2016-08-08
https://www.pordata.pt/en/cookies	2026-01-29
https://www.pordata.pt/en/credits	2021-01-12
https://www.pordata.pt/en/db/portugal/search+environment/table	
https://www.pordata.pt/en/europe	2026-08-21
https://www.pordata.pt/en/europe/academic+staff+in+higher+education+(isced+5+8)+total+and+by+sex-1344	2026-03-05
https://www.pordata.pt/en/europe/active+population+in+the+total+of+the+population+of+active+age+(percentage)-1755	2026-07-10
https://www.pordata.pt/en/europe/active+population+per+pensioner-2432	2026-07-22
https://www.pordata.pt/en/europe/activity+rate++aged+15+to+64+by+highest+level+of+education+completed-3135	2026-04-20
https://www.pordata.pt/en/europe/activity+rate+total+and+by+age+group-3828	2026-04-20
https://www.pordata.pt/en/europe/activity+rate+total+and+by+sex-1754	2026-04-17
https://www.pordata.pt/en/europe/actual+final+consumption+by+households+by+goods+and+services+type+(pps)-1520	2026-01-26
https://www.pordata.pt/en/europe/actual+prison+occupancy+(percentage)-3318	2026-04-29
https://www.pordata.pt/en/europe/adult+participation+in+learning-3557	2026-04-19
https://www.pordata.pt/en/europe/ageing+index-1609	2026-01-27
https://www.pordata.pt/en/europe/agricultural+area+used+in+the+total+area+of+the+country+(percentage)-3703	2026-01-23
https://www.pordata.pt/en/europe/agricultural+factor+income+per+annual+work+unit+(awu)-3533	2026-01-15
https://www.pordata.pt/en/europe/agricultural+holdings+total+and+by+dimension-3493	2023-02-02
https://www.pordata.pt/en/europe/air+emission+intensity+from+industry-3641	2026-01-14
https://www.pordata.pt/en/europe/air+passengers+carried+arrivals+and+departures-2707	2026-01-06
https://www.pordata.pt/en/europe/air+passengers+carried+on+international+flights+total++eu27+and+extra+eu27-2708	2025-10-30
https://www.pordata.pt/en/europe/air+passengers+carried+total++domestic+flights+and+international+flights-2706	2025-10-30
https://www.pordata.pt/en/europe/ammonia+emissions+from+agriculture-3539	2025-10-30
https://www.pordata.pt/en/europe/annual+population+growth+total++natural+and+migratory-1282	2026-07-13
https://www.pordata.pt/en/europe/area+burnt+by+forest+fire-1888	2026-05-20
https://www.pordata.pt/en/europe/area+under+organic+farming+(percentage)-3537	2026-01-09
https://www.pordata.pt/en/europe/area-2489	2026-01-23
https://www.pordata.pt/en/europe/arrivals+of+tourists+in+collective+tourist+accommodations+total+and+by+type+of+accommodation-2444	2026-01-21
https://www.pordata.pt/en/europe/arrivals+of+tourists+in+collective+tourist+accommodations+total+and+by+type+of+tourist-2445	2026-01-21
https://www.pordata.pt/en/europe/asylum+applications-3584	2026-04-27
https://www.pordata.pt/en/europe/at+risk+of+poverty+rate+after+social+transfers+by+household+type+with+dependent+children-1809	2026-03-30
https://www.pordata.pt/en/europe/at+risk+of+poverty+rate+after+social+transfers+by+level+of+education-2417	2026-03-26
https://www.pordata.pt/en/europe/at+risk+of+poverty+rate+after+social+transfers+employed+population+by+household+type-1811	2026-03-26
https://www.pordata.pt/en/europe/at+risk+of+poverty+rate+after+social+transfers+households+of+individuals+aged+65+and+over-1808	2026-03-30
https://www.pordata.pt/en/europe/at+risk+of+poverty+rate+after+social+transfers+individuals+aged+65+and+over-2169	2026-03-26
https://www.pordata.pt/en/europe/at+risk+of+poverty+rate+after+social+transfers+individuals+aged+less+than+16-2170	2026-03-26
https://www.pordata.pt/en/europe/at+risk+of+poverty+rate+after+social+transfers+total+and+by+sex-2171	2026-03-26
https://www.pordata.pt/en/europe/at+risk+of+poverty+rate+before+and+after+social+transfers-1940	2026-03-26
https://www.pordata.pt/en/europe/at+risk+of+poverty+threshold+(euro)-2026	2026-03-16
https://www.pordata.pt/en/europe/at+risk+of+poverty+threshold+(pps)-2027	2026-03-16
https://www.pordata.pt/en/europe/available+beds+in+hospitals-1334	2026-07-13
https://www.pordata.pt/en/europe/average+actual+final+consumption+expenditure+by+households+by+goods+and+services+type+(pps)-1521	2026-01-26
https://www.pordata.pt/en/europe/average+co2+emissions+per+km+from+new+passenger+cars-3611	2026-01-19
https://www.pordata.pt/en/europe/average+expenditure+in+tourist+trips+per+tourist++(euro+ecu)-2531	2026-01-20
https://www.pordata.pt/en/europe/average+expenditure+per+tourist+trip+total+and+by+destination+of+the+trip+(euro+ecu)-2538	2026-01-20
https://www.pordata.pt/en/europe/average+investment+per+enterprise+by+some+sectors+of+economic+activity-3186	2026-01-20
https://www.pordata.pt/en/europe/average+number+of+nights+spent+per+arrival+in+collective+tourist+accommodations+total+and+by+type+of+tourist-2534	2026-01-21
https://www.pordata.pt/en/europe/average+number+of+passengers+per+commercial+air+flight+total++domestic+flights+and+international+flights-3046	2026-01-19
https://www.pordata.pt/en/europe/average+number+of+persons+per+household-1613	2026-04-20
https://www.pordata.pt/en/europe/average+number+of+rooms+per+person+total+and+by+type+of+household-1536	2026-03-26
https://www.pordata.pt/en/europe/average+number+of+students+per++teacher+in+higher+education+(isced+5+8)-1668	2026-03-17
https://www.pordata.pt/en/europe/average+number+of+students+per+teacher+in+lower+secondary+education+(isced+2)-1666	2026-03-17
https://www.pordata.pt/en/europe/average+number+of+students+per+teacher+in+pre+primary+education+(isced+02)-1669	2026-03-17
https://www.pordata.pt/en/europe/average+number+of+students+per+teacher+in+primary+education+(isced+1)-1665	2026-03-17
https://www.pordata.pt/en/europe/average+number+of+students+per+teacher+in+upper+secondary+education+(isced+3)-1667	2026-03-17
https://www.pordata.pt/en/europe/average+number+of+touristic+trips+per+tourist-2532	2025-10-16
https://www.pordata.pt/en/europe/average+number+of+victims+per+road+accidents-3079	2026-05-19
https://www.pordata.pt/en/europe/average+personnel+costs+per+person+employed+by+some+sectors+of+economic+activity-3166	2022-10-28
https://www.pordata.pt/en/europe/average+size+of++large+enterprises+by+some+sectors+of+economic+activity-3204	2026-01-15
https://www.pordata.pt/en/europe/average+size+of++small+and+medium+sized+enterprises+by+some+sectors+of+economic+activity-3216	2026-01-15
https://www.pordata.pt/en/europe/average+size+of+agriculture+holdings-3659	2023-02-02
https://www.pordata.pt/en/europe/average+size+of+enterprises+by+some+sectors+of+economic+activity-2976	2026-01-15
https://www.pordata.pt/en/europe/average+size+of+enterprises+total-3158	2026-01-21
https://www.pordata.pt/en/europe/average+turnover+per+enterprise+by+some+sectors+of+economic+activity-3183	2026-01-20
https://www.pordata.pt/en/europe/backlog+rate+in+first+instance+courts+type+of+cases+(percentage)-3337	2026-07-08
https://www.pordata.pt/en/europe/balance+of+goods+total++eu27+and+extra+eu27+(euro)-3519	2026-04-14
https://www.pordata.pt/en/europe/balance+of+proceedings+in+first+instance+courts+type+of+cases-3338	2026-07-08
https://www.pordata.pt/en/europe/balance+of+remittances+by+emigrants+and+immigrants+total++eu+and+extra+eu+(euro)-3527	2026-01-26
https://www.pordata.pt/en/europe/balance+of+services+total++eu27+and+extra+eu27+(euro)-3522	2026-04-14
https://www.pordata.pt/en/europe/balance+of+trade+as+a+percentage+of+gdp-1766	2026-01-12
https://www.pordata.pt/en/europe/balance+of+trade+balance+(euro)-1553	2026-04-10
https://www.pordata.pt/en/europe/balance+of+trade+export+(euro)-1554	2026-04-10
https://www.pordata.pt/en/europe/balance+of+trade+import+(euro)-1555	2026-04-10
https://www.pordata.pt/en/europe/bathing+sites+with+excellent+water+quality-3632	2026-01-12
https://www.pordata.pt/en/europe/bed+places+in+collective+tourist+accommodations+total+and+by+type+of+accommodation-2438	2026-07-03
https://www.pordata.pt/en/europe/bedrooms+in+hotels+and+similar+establishments-2437	2026-07-03
https://www.pordata.pt/en/europe/beds+in+hospitals+per+100+thousand+inhabitants-1700	2026-07-13
https://www.pordata.pt/en/europe/birth+rate+of+enterprises+total+and+by+some+sectors+of+economic+activity-2982	2026-05-21
https://www.pordata.pt/en/europe/blood+alcohol+concentration+(bac)+limit-3067	2025-10-30
https://www.pordata.pt/en/europe/capital+account+(euro)-2666	2026-04-10
https://www.pordata.pt/en/europe/capital+account+as+a+percentage+of+gdp-2747	2026-01-08
https://www.pordata.pt/en/europe/captured+fish-3652	2026-01-20
https://www.pordata.pt/en/europe/carbon+intensity+of+the+economy-3131	2026-06-08
https://www.pordata.pt/en/europe/circular+material+use+rate-3612	2026-01-14
https://www.pordata.pt/en/europe/citizenship+acquisitions+per+100+thousand+inhabitants-3358	2026-07-10
https://www.pordata.pt/en/europe/citizenship+acquisitions-1290	2026-03-24
https://www.pordata.pt/en/europe/civil+and+or+commercial+cases+in+first+instance+courts+initiated++resolved+proceedings+and+proceedings+pending-3333	2026-07-08
https://www.pordata.pt/en/europe/classroom+teachers+in+lower+secondary+education+(isced+2)+total+and+by+sex-1332	2026-03-05
https://www.pordata.pt/en/europe/classroom+teachers+in+pre+primary+education+(isced+02)+total+and+by+sex-1342	2026-03-05
https://www.pordata.pt/en/europe/classroom+teachers+in+primary+education+(isced+1)+total+and+by+sex-1331	2026-03-05
https://www.pordata.pt/en/europe/classroom+teachers+in+upper+secondary+education+(isced+3)+total+and+by+sex-1335	2026-03-05
https://www.pordata.pt/en/europe/clearance+rate+in+first+instance+courts+type+of+cases+(percentage)-3336	2026-07-08
https://www.pordata.pt/en/europe/climate+related+economic+losses+(euro)-3619	2026-01-14
https://www.pordata.pt/en/europe/climate+related+economic+losses+per+capita-3620	2026-01-14
https://www.pordata.pt/en/europe/collective+tourist+accommodations+total+and+by+type-2436	2026-07-03
https://www.pordata.pt/en/europe/commercial+airports+total+and+by+type-2698	2026-07-01
https://www.pordata.pt/en/europe/commercial+goods+air+flights+total++domestic+flights+and+international+flights-3077	2025-10-30
https://www.pordata.pt/en/europe/commercial+passenger+air+flights+arrivals+and+departures-2710	2026-01-06
https://www.pordata.pt/en/europe/commercial+passenger+air+flights+total++domestic+flights+and+international+flights-2709	2025-10-30
https://www.pordata.pt/en/europe/commercial+passenger+international+air+flights+total++eu27+and+extra+eu27-2711	2025-10-30
https://www.pordata.pt/en/europe/compensation+of+employees+(euro)-1915	2026-03-05
https://www.pordata.pt/en/europe/compensation+of+employees+(pps)-1918	2026-03-30
https://www.pordata.pt/en/europe/congestion+rate+in+first+instance+courts+type+of+cases+(percentage)-3335	2026-07-08
https://www.pordata.pt/en/europe/consumption+by+households+in+the+economic+territory+total+and+by+durability+(euro)-2967	2026-03-03
https://www.pordata.pt/en/europe/consumption+of+antibiotics-3545	2026-03-06
https://www.pordata.pt/en/europe/contribution+of+natural+and+migratory+growth+to+annual+population+variation+(percentage)-1568	2026-01-20
https://www.pordata.pt/en/europe/contribution+of+renewable+energies+to+the+primary+production+of+energy+(percentage)-1729	2026-05-21
https://www.pordata.pt/en/europe/contribution+to+the+international+100bn+usd+commitment+on+climate+related+expending-3621	2026-02-16
https://www.pordata.pt/en/europe/convicted+person+total+and+by+citizenship-3301	2026-04-29
https://www.pordata.pt/en/europe/convicted+persons+per+100+thousand+inhabitants-3354	2026-07-10
https://www.pordata.pt/en/europe/corruption+perception+index-3595	2026-03-05
https://www.pordata.pt/en/europe/cost+with+wages+and+salaries+of+employees+working+in+enterprises+by+some+sectors+of+economic+activity-3163	2025-12-02
https://www.pordata.pt/en/europe/costs+with+employees+working+in+enterprises+by+some+sectors+of+economic+activity-3162	2026-01-09
https://www.pordata.pt/en/europe/costs+with+wages+and+salaries+as+a+percentage+of+the+total+costs+with+personnel+in+enterprises+by+some+sectors+of+economic+activity-3165	2022-10-28
https://www.pordata.pt/en/europe/crimes+by+type-3285	2026-04-29
https://www.pordata.pt/en/europe/criminal+cases+in+first+instance+courts+initiated++resolved+proceedings+and+proceedings+pending-3305	2026-07-08
https://www.pordata.pt/en/europe/crude+birth+rate-1605	2026-07-10
https://www.pordata.pt/en/europe/crude+death+rate-1941	2026-07-13
https://www.pordata.pt/en/europe/crude+divorce+rate-1565	2026-07-10
https://www.pordata.pt/en/europe/crude+marriage+rate-1564	2026-07-10
https://www.pordata.pt/en/europe/crude+rate+of+total+population+change++net+migration+and+natural+change-1955	2026-07-13
https://www.pordata.pt/en/europe/current+account+balances+(euro)-1551	2026-04-10
https://www.pordata.pt/en/europe/current+account+balances+as+a+percentage+of+gdp-2665	2026-01-05
https://www.pordata.pt/en/europe/current+account+exports+(euro)-2746	2026-04-10
https://www.pordata.pt/en/europe/current+account+imports+(euro)-2742	2026-04-10
https://www.pordata.pt/en/europe/death+rate+of+enterprises+total+and+by+some+sectors+of+economic+activity-2983	2026-05-21
https://www.pordata.pt/en/europe/deaths+by+certain+causes+as+a+percentage+of+total+deaths-2484	2026-07-13
https://www.pordata.pt/en/europe/deaths+by+certain+causes-1612	2026-01-15
https://www.pordata.pt/en/europe/deaths+total+and+in+first+year+of+life-1252	2026-07-13
https://www.pordata.pt/en/europe/dentists+per+100+thousand+inhabitants-1698	2026-07-10
https://www.pordata.pt/en/europe/disability+pensioners+total+and+by+sex-2419	2026-07-22
https://www.pordata.pt/en/europe/divorces-1270	2026-03-19
https://www.pordata.pt/en/europe/doctors+by+some+specialist+areas-1277	2026-07-24
https://www.pordata.pt/en/europe/doctors+per+100+thousand+inhabitants-1926	2026-07-15
https://www.pordata.pt/en/europe/doctors+total+and+by+sex-1913	2026-07-15
https://www.pordata.pt/en/europe/domestic+material+consumption+total+and+by+type+of+material-3330	2026-07-02
https://www.pordata.pt/en/europe/drought+impact+on+ecosystems-3633	2026-01-14
https://www.pordata.pt/en/europe/early+leavers+from+education+and+training+rate+total+and+by+sex-1350	2026-04-19
https://www.pordata.pt/en/europe/electric+intensity+of+the+economy+by+type+of+consumer+sector-3269	2026-03-03
https://www.pordata.pt/en/europe/electric+intensity+of+the+economy-3268	2026-03-03
https://www.pordata.pt/en/europe/electrical+energy+consumption+total+and+by+type+of+consumer+sector-1473	2026-01-12
https://www.pordata.pt/en/europe/electricity+prices+for+households+and+industrial+users+(pps)-1479	2026-03-18
https://www.pordata.pt/en/europe/electricity+prices+for+households+and+industrial+users-1477	2026-03-18
https://www.pordata.pt/en/europe/emissions+of+greenhouse+gases+++europe+2020+targets-3476	2026-01-06
https://www.pordata.pt/en/europe/emissions+of+greenhouse+gases+per+capita-3360	2026-07-10
https://www.pordata.pt/en/europe/emissions+of+greenhouse+gases+total+and+by+some+source+sectors+of+air+emissions-1481	2026-06-08
https://www.pordata.pt/en/europe/employed+persons+in+forestry+and+logging-3665	2025-10-28
https://www.pordata.pt/en/europe/employees+as+percentage+of+employment+in+collective+tourist+accommodations-2470	2026-04-20
https://www.pordata.pt/en/europe/employees+in+collective+tourist+accommodations-2466	2026-04-20
https://www.pordata.pt/en/europe/employees+total+and+by+highest+level+of+education+completed-1617	2026-04-20
https://www.pordata.pt/en/europe/employees+working+in+enterprises+by+some+sectors+of+economic+activity-3156	2026-01-05
https://www.pordata.pt/en/europe/employment+by+occupational+status+++females-1739	2026-04-20
https://www.pordata.pt/en/europe/employment+by+occupational+status+++males-1738	2026-04-20
https://www.pordata.pt/en/europe/employment+by+sector+of+economic+activity+++female+(nace+rev.1.1)+(1992+2008)-1745	2026-01-04
https://www.pordata.pt/en/europe/employment+in+collective+tourist+accommodations+total+and+by+type+of+contract-2467	2026-04-20
https://www.pordata.pt/en/europe/employment+in+collective+tourist+accommodations+total+and+full+time-2465	2026-04-20
https://www.pordata.pt/en/europe/employment+in+crop+and+animal+production+per+100+thousand+inhabitants-3704	2026-07-10
https://www.pordata.pt/en/europe/employment+in+crop+and+animal+production-3646	2026-01-21
https://www.pordata.pt/en/europe/employment+in+fisheries+and+aquaculture-3661	2025-10-28
https://www.pordata.pt/en/europe/employment+rate++aged+15+to+64++by+age+group+++females-1806	2026-04-20
https://www.pordata.pt/en/europe/employment+rate++aged+15+to+64++by+age+group+++males-1805	2026-04-20
https://www.pordata.pt/en/europe/employment+rate++aged+15+to+64++by+age+group-2520	2026-04-19
https://www.pordata.pt/en/europe/employment+rate++aged+15+to+64++by+level+of+education+++females-1807	2026-04-20
https://www.pordata.pt/en/europe/employment+rate++aged+15+to+64++by+level+of+education+++males-1804	2026-04-20
https://www.pordata.pt/en/europe/employment+rate++aged+15+to+64++by+level+of+education-2521	2026-04-20
https://www.pordata.pt/en/europe/employment+rate++aged+20+to+64++by+sex-3396	2026-04-20
https://www.pordata.pt/en/europe/employment+rate+total++citizens+and+foreigners-2386	2026-04-20
https://www.pordata.pt/en/europe/employment+rate+total+and+by+sex-1758	2026-04-17
https://www.pordata.pt/en/europe/employment+total+and+by+age+group-1851	2026-04-20
https://www.pordata.pt/en/europe/employment+total+and+by+highest+level+of+education+completed-1601	2026-04-20
https://www.pordata.pt/en/europe/employment+total+and+by+occupation-3386	2026-04-20
https://www.pordata.pt/en/europe/employment+total+and+by+occupational+status-1602	2026-04-20
https://www.pordata.pt/en/europe/employment+total+and+by+sector+of+economic+activity+(nace+rev.1.1)+(1992+2008)-1625	2025-12-29
https://www.pordata.pt/en/europe/employment+total+and+by+sector+of+economic+activity+(nace+rev.2)-1623	2026-04-20
https://www.pordata.pt/en/europe/employment+total+and+by+sector+of+economic+activity+++females+(nace+rev.2)-1743	2026-04-20
https://www.pordata.pt/en/europe/employment+total+and+by+sector+of+economic+activity+++males+(nace+rev.1.1)+(1992+2008)-1744	2026-01-04
https://www.pordata.pt/en/europe/employment+total+and+by+sector+of+economic+activity+++males+(nace+rev.2)-1742	2026-04-20
https://www.pordata.pt/en/europe/employment+total+and+by+sex-1597	2026-04-17
https://www.pordata.pt/en/europe/employment+total+and+full+and+part+time-1603	2026-04-20
https://www.pordata.pt/en/europe/energy+import+dependency-3601	2026-01-09
https://www.pordata.pt/en/europe/energy+intensity+of+renewables+production+in+the+economy-3283	2026-03-03
https://www.pordata.pt/en/europe/energy+intensity+of+the+economy+by+type+of+consumer+sector-3267	2026-03-03
https://www.pordata.pt/en/europe/energy+intensity+of+the+economy-3271	2026-03-03
https://www.pordata.pt/en/europe/energy+productivity-3599	2026-01-14
https://www.pordata.pt/en/europe/enrolled+female+students+total+and+by+level+of+education-1294	2026-03-17
https://www.pordata.pt/en/europe/enrolled+male+students+total+and+by+level+of+education-1293	2026-03-17
https://www.pordata.pt/en/europe/enrolled+students+as+percentage+of+resident+population+total+and+by+level+of+education-1658	2026-07-10
https://www.pordata.pt/en/europe/enrolled+students+total+and+by+level+of+education-1291	2026-03-17
https://www.pordata.pt/en/europe/enterprise+births+total+and+by+some+sectors+of+economic+activity-2978	2026-01-21
https://www.pordata.pt/en/europe/enterprise+deaths+total+and+by+some+sectors+of+economic+activity-2979	2026-01-21
https://www.pordata.pt/en/europe/enterprises+by+some+sectors+of+economic+activity-2970	2026-01-15
https://www.pordata.pt/en/europe/enterprises+surviving+to+1+year+of+life+total+and+by+some+sectors+of+economic+activity-2980	2026-01-21
https://www.pordata.pt/en/europe/enterprises+total-2969	2026-01-21
https://www.pordata.pt/en/europe/enterprises+with+10+or+more+personnel+employed+having+access+to+the+internet+as+a+percentage+of+total+of+enterprises+by+band+of+personnel+employed-1496	2026-01-15
https://www.pordata.pt/en/europe/enterprises+with+10+or+more+personnel+employed+having+access+to+the+internet+as+a+percentage+of+total+of+enterprises+by+some+sectors+of+economic+activity-1498	2026-01-15
https://www.pordata.pt/en/europe/enterprises+with+10+or+more+personnel+employed+using+computers+as+a+percentage+of+total+of+enterprises+by+band+of+personnel+employed+(2013+2015)-1497	2026-01-06
https://www.pordata.pt/en/europe/enterprises+with+10+or+more+personnel+employed+using+computers+as+a+percentage+of+total+of+enterprises+by+some+sectors+of+economic+activity+(2003+2015)-1499	2026-01-15
https://www.pordata.pt/en/europe/enterprises+with+10+or+more+personnel+employed+with+website+or+homepage+on+the+internet+as+a+percentage+of+total+of+enterprises+by+band+of+personnel+employed-1495	2026-01-15
https://www.pordata.pt/en/europe/enterprises+with+10+or+more+personnel+employed+with+website+or+homepage+on+the+internet+as+a+percentage+of+total+of+enterprises+by+some+sectors+of+economic+activity-1500	2026-01-15
https://www.pordata.pt/en/europe/environmental+tax+revenues+as+a+percentage+of+gdp-3640	2026-03-03
https://www.pordata.pt/en/europe/environmental+tax+revenues+total+and+by+category+of+environmental+taxes-3639	2026-02-11
https://www.pordata.pt/en/europe/estimated+soil+erosion+by+water+++area+affected+by+severe+erosion+rate-3634	2026-03-20
https://www.pordata.pt/en/europe/eu+financing+to+developing+countries+(at+current+prices)-3597	2026-02-20
https://www.pordata.pt/en/europe/eu+imports+from+developing+countries-3591	2026-02-18
https://www.pordata.pt/en/europe/expenditure+in+research+and+development+activities+(r+d)+as+a+percentage+of+gdp+by+sector+of+performance-1674	2026-03-03
https://www.pordata.pt/en/europe/expenditure+in+research+and+development+activities+(r+d)+of+enterprises+sector+as+a+percentage+of+gdp-1740	2026-03-03
https://www.pordata.pt/en/europe/expenditure+in+research+and+development+activities+(r+d)+total+and+by+field+of+science+(euro)-1420	2026-01-21
https://www.pordata.pt/en/europe/expenditure+in+research+and+development+activities+(r+d)+total+and+by+sector+of+performance+(euro)-1418	2026-01-21
https://www.pordata.pt/en/europe/expenditure+in+research+and+development+activities+(r+d)+total+and+by+sector+of+performance+(percentage)-1690	2026-01-21
https://www.pordata.pt/en/europe/expenditure+in+research+and+development+activities+(r+d)+total+and+of+enterprises+sector+(euro)-1696	2026-01-21
https://www.pordata.pt/en/europe/expenditure+on+healthcare+total+and+by+type+of+financing+agent+(euro)-2580	2026-01-20
https://www.pordata.pt/en/europe/expenditure+on+healthcare+total+and+by+type+of+provider+(euro)-1288	2026-03-06
https://www.pordata.pt/en/europe/exports+of+goods+total++eu27+and+extra+eu27+(euro)-3518	2026-04-14
https://www.pordata.pt/en/europe/exports+of+services+total++eu27+and+extra+eu27+(euro)-3521	2026-04-14
https://www.pordata.pt/en/europe/exports+total+and+by+type+of+energy+product-1385	2026-01-09
https://www.pordata.pt/en/europe/extension+of+the+railway+lines+in+operation-3069	2026-01-12
https://www.pordata.pt/en/europe/fatal+accidents+at+work++per+100+thousand+employed+persons+total+and+by+some+sectors+of+economic+activity-1713	2026-07-09
https://www.pordata.pt/en/europe/fatal+accidents+at+work+per+100+thousand+employed+persons+total+and+by+sex-3572	2026-07-09
https://www.pordata.pt/en/europe/fatal+accidents+at+work+total+and+by+sex-1325	2026-07-09
https://www.pordata.pt/en/europe/fatal+accidents+at+work+total+and+by+some+sectors+of+economic+activity-1314	2026-07-09
https://www.pordata.pt/en/europe/fatalities+and+injured+in+road+accidents-3045	2026-01-06
https://www.pordata.pt/en/europe/female+employment+total+and+full+and+part+time-1611	2026-04-20
https://www.pordata.pt/en/europe/female+graduates+in+higher+education+(isced+5+8)+total+and+by+field+of+education-1324	2026-05-19
https://www.pordata.pt/en/europe/female+students+enrolled+in+higher+education+(isced+5+8)+total+and+by+field+of+education-1303	2026-03-19
https://www.pordata.pt/en/europe/females+as+a+percentage+of+teachers+and+academic+staff+total+and+by+level+of+education-1736	2026-03-05
https://www.pordata.pt/en/europe/females+in+total+of+enrolled+students+(isced+5+8)+total+and+by+field+of+education+(percentage)-1305	2026-03-19
https://www.pordata.pt/en/europe/females+in+total+of+enrolled+students+(percentage)++total+and+by+level+of+education-1659	2026-03-17
https://www.pordata.pt/en/europe/females+in+total+of+personnel+and+researchers+(fte)+involved+in+research+and+development+activities+(r+d)+(percentage)-1994	2026-01-21
https://www.pordata.pt/en/europe/females+in+total+of+phds+(isced+8)+(percentage)-1662	2026-05-08
https://www.pordata.pt/en/europe/final+consumption+expenditure+by+households+by+goods+and+services+type+(percentage)-1728	2026-03-23
https://www.pordata.pt/en/europe/final+consumption+expenditure+by+households+total+and++by+goods+and+services+type+(euro)-1519	2026-03-23
https://www.pordata.pt/en/europe/final+consumption+total++public+and+private+(euro)-1535	2026-03-03
https://www.pordata.pt/en/europe/final+consumption+total++public+and+private+(pps)-1537	2026-03-30
https://www.pordata.pt/en/europe/final+consumption+total++public+and+private+as+a+percentage+of+gdp-1768	2026-03-23
https://www.pordata.pt/en/europe/final+energy+consumption+by+type+of+energy+product-1476	2026-01-09
https://www.pordata.pt/en/europe/final+energy+consumption+in+households+per+capita-3551	2026-01-09
https://www.pordata.pt/en/europe/final+energy+consumption+total+and+by+type+of+consumer+sector-1397	2026-01-12
https://www.pordata.pt/en/europe/financial+account+direct+investment+(euro)-2743	2026-04-10
https://www.pordata.pt/en/europe/financial+account+portfolio+investment+(euro)-2744	2026-04-13
https://www.pordata.pt/en/europe/financial+aid+to+students+as+percentage+of+total+public+expenditure+on+education+total+and+by+level+of+education+(1999+2011)-1352	2025-12-29
https://www.pordata.pt/en/europe/fish+produced+in+aquaculture-3653	2026-02-18
https://www.pordata.pt/en/europe/fishing+vessels-3651	2026-04-16
https://www.pordata.pt/en/europe/fleet+of+commercial+aircraft++total+and+by+aircraft+configuration-2699	2026-05-07
https://www.pordata.pt/en/europe/fleet+of+commercial+aircraft+total+and+by+aircraft+age-2701	2026-05-07
https://www.pordata.pt/en/europe/fleet+of+commercial+passenger+aircraft+total+and+by+aircraft+capacity-2700	2026-05-07
https://www.pordata.pt/en/europe/foreign+employment-1598	2026-04-20
https://www.pordata.pt/en/europe/foreigners+as+a+percentage+of+resident+population-1624	2026-01-21
https://www.pordata.pt/en/europe/forest+area+in+the+total+area+of+the+country+(percentage)-3626	2026-01-09
https://www.pordata.pt/en/europe/forest+fires+and+area+burnt-1374	2026-05-20
https://www.pordata.pt/en/europe/gdp+by+components+(euro)-2683	2026-03-03
https://www.pordata.pt/en/europe/gdp+per+capita+(eu27+100)-3523	2026-08-03
https://www.pordata.pt/en/europe/gdp+per+capita+(pps)-3579	2026-08-03
https://www.pordata.pt/en/europe/gender+employment+gap-3561	2026-03-13
https://www.pordata.pt/en/europe/gender+pay+gap-3560	2026-02-24
https://www.pordata.pt/en/europe/general+fertility+rate-1610	2026-07-02
https://www.pordata.pt/en/europe/general+government+expenditure++revenue+and+net+lending+net+borrowing+(euro)-1547	2026-04-23
https://www.pordata.pt/en/europe/general+government+expenditure++revenue+and+net+lending+net+borrowing++as+percentage+of+gdp-1762	2026-04-23
https://www.pordata.pt/en/europe/general+government+expenditure+by+category+(euro)-1968	2026-04-23
https://www.pordata.pt/en/europe/general+government+expenditure+by+category+(percentage)-1980	2026-04-23
https://www.pordata.pt/en/europe/general+government+gross+debt+(euro)-1548	2026-04-23
https://www.pordata.pt/en/europe/general+government+gross+debt+as+a+percentage+of+gdp-1763	2026-04-23
https://www.pordata.pt/en/europe/general+government+revenue+by+category+(euro)-1964	2026-04-23
https://www.pordata.pt/en/europe/general+government+revenue+by+category+(percentage)-1977	2026-04-23
https://www.pordata.pt/en/europe/general+government+taxes+on+income+(euro)-1967	2026-01-21
https://www.pordata.pt/en/europe/general+government+total+expenditure+on+law+courts+per+capita-3590	2026-03-24
https://www.pordata.pt/en/europe/generation+of+waste+by+hazardousness+per+capita-3613	2026-01-14
https://www.pordata.pt/en/europe/gini+index+(percentage)-1541	2026-03-26
https://www.pordata.pt/en/europe/goods+carried+by+sea+at+major+ports+total++domestic+and+international-3049	2026-01-28
https://www.pordata.pt/en/europe/goods+carried+by+sea+unloaded+and+loaded-2715	2026-01-21
https://www.pordata.pt/en/europe/goods+carried+by+train+total++domestic+and+international+transport-2721	2026-06-08
https://www.pordata.pt/en/europe/goods+carried+internationally+by+sea+at+major+ports+total++eu27+and+extra+eu27-3050	2026-01-28
https://www.pordata.pt/en/europe/goods+transported+by+air+input+and+output-2713	2025-10-30
https://www.pordata.pt/en/europe/goods+transported+by+air+total++domestic+flights+and+international+flights-2712	2025-10-30
https://www.pordata.pt/en/europe/goods+transported+on+international+flights+total++eu27+and+extra+eu27-3031	2025-10-30
https://www.pordata.pt/en/europe/government+budget+appropriations+or+outlays+for+research+and+development+(r+d)+as+a+percentage+of+gdp-1660	2026-08-10
https://www.pordata.pt/en/europe/government+support+to+agricultural+research+and+development+(r+d)+per+capita-3602	2026-08-07
https://www.pordata.pt/en/europe/government+support+to+agricultural+research+and+development+(r+d)-3536	2026-08-07
https://www.pordata.pt/en/europe/graduates+in+higher+education+(isced+5+8)+total+and+by+field+of+education-1322	2026-05-19
https://www.pordata.pt/en/europe/graduates+in+higher+education+(isced+5+8)+total+and+by+sex-1319	2026-05-08
https://www.pordata.pt/en/europe/gross+disposable+income+(euro)-2687	2026-01-21
https://www.pordata.pt/en/europe/gross+disposable+income+total+and+by+institutional+sector+(euro)-2966	2026-01-21
https://www.pordata.pt/en/europe/gross+domestic+product+(euro)-1786	2026-03-03
https://www.pordata.pt/en/europe/gross+electricity+generation+total+and+by+some+types+of+energy+source-3494	2026-01-09
https://www.pordata.pt/en/europe/gross+emigration+rate-1935	2026-07-10
https://www.pordata.pt/en/europe/gross+fixed+capital+formation+of+agriculture-3649	2026-01-09
https://www.pordata.pt/en/europe/gross+immigration+rate-1934	2026-07-10
https://www.pordata.pt/en/europe/gross+inland+consumption+of+energy-1396	2026-01-09
https://www.pordata.pt/en/europe/gross+national+income+(euro)-2676	2026-01-21
https://www.pordata.pt/en/europe/gross+value+added+in+environmental+goods+and+services+sector+in+percentage+gdp-3615	2026-01-14
https://www.pordata.pt/en/europe/gross+value+added+of+agriculture+in+percentage+of+gdp-3688	2026-03-03
https://www.pordata.pt/en/europe/gross+value+added+of+agriculture-3650	2026-01-09
https://www.pordata.pt/en/europe/gross+value+added+of+forestry+by+forest+area-3662	2026-01-12
https://www.pordata.pt/en/europe/gross+value+added+of+forestry+in+percentage+of+gdp-3687	2026-03-03
https://www.pordata.pt/en/europe/gross+value+added+of+forestry-3664	2026-01-09
https://www.pordata.pt/en/europe/gross+value+added+total+and+by+sector+of+economic+activity+(euro)-3270	2026-03-03
https://www.pordata.pt/en/europe/health+expenditure+as+a+percentage+of+gdp-1962	2026-03-03
https://www.pordata.pt/en/europe/health+expenditure+per+inhabitant+(euro)-1963	2026-07-10
https://www.pordata.pt/en/europe/healthcare+personnel+dentists-1271	2026-01-20
https://www.pordata.pt/en/europe/healthy+life+years+at+65+by+sex-1590	2026-06-17
https://www.pordata.pt/en/europe/healthy+life+years+at+birth+total+and+by+sex-3654	2026-06-17
https://www.pordata.pt/en/europe/high+speed+internet+coverage-3656	2026-06-18
https://www.pordata.pt/en/europe/households+with+a+computer++with+internet+access+at+home+and+using+a+broadband+connection+(percentage)-1494	2026-01-09
https://www.pordata.pt/en/europe/housing+cost+overburden+rate++by+tenure+status-3406	2026-03-26
https://www.pordata.pt/en/europe/imports+of+goods+total++eu27+and+extra+eu27+(euro)-3517	2026-04-14
https://www.pordata.pt/en/europe/imports+of+services+total++eu27+and+extra+eu27+(euro)-3520	2026-04-14
https://www.pordata.pt/en/europe/imports+total+and+by+type+of+energy+product-1377	2026-05-14
https://www.pordata.pt/en/europe/in+work+at+risk+of+poverty+rate-3534	2026-03-26
https://www.pordata.pt/en/europe/inactive+foreign+population+aged+15+and+over-1593	2026-04-17
https://www.pordata.pt/en/europe/inactive+population+aged+15+and+over+total+and+by+age+group-1942	2026-04-20
https://www.pordata.pt/en/europe/inactive+population+aged+15+and+over+total+and+by+sex-1594	2026-04-17
https://www.pordata.pt/en/europe/inactive+population+due+to+caring+responsibilities+by+sex-3562	2026-04-20
https://www.pordata.pt/en/europe/inactivity+rate+total+and+by+sex-1781	2026-04-17
https://www.pordata.pt/en/europe/income+share+of+the+bottom+40percentage+of+the+population-3583	2026-03-26
https://www.pordata.pt/en/europe/individuals++aged+16+to+74++who+accessed+internet++on+average++at+least+once+a+week+as+a+percentage+of+total+individuals+by+age+group-1486	2026-01-09
https://www.pordata.pt/en/europe/individuals+who+accessed+internet++on+average++at+least+once+a+week+as+a+percentage+of+total+individuals+by+employment+situation-1487	2026-01-09
https://www.pordata.pt/en/europe/individuals+who+accessed+internet++on+average++at+least+once+a+week+as+a+percentage+of+total+individuals+by+highest+educational+level+completed-1488	2026-01-15
https://www.pordata.pt/en/europe/individuals+who+accessed+internet++on+average++at+least+once+a+week+as+a+percentage+of+total+individuals+by+sex-1489	2026-01-09
https://www.pordata.pt/en/europe/individuals+who+used+a+computer+in+the+last+3+months+as+a+percentage+of+total+individuals+by+age+group+(2002+2017)-1493	2026-01-05
https://www.pordata.pt/en/europe/individuals+who+used+a+computer+in+the+last+3+months+as+a+percentage+of+total+individuals+by+employment+situation+(2002+2017)-1492	2026-01-05
https://www.pordata.pt/en/europe/individuals+who+used+a+computer+in+the+last+3+months+as+a+percentage+of+total+individuals+by+highest+educational+level+completed+(2002+2017)-1491	2026-01-05
https://www.pordata.pt/en/europe/individuals+who+used+a+computer+in+the+last+3+months+as+a+percentage+of+total+individuals+by+sex+(2002+2017)-1490	2026-01-05
https://www.pordata.pt/en/europe/inequalities+between+unemployment+rates++aged+15+to+74+by+level+of+education+completed-2119	2026-04-20
https://www.pordata.pt/en/europe/inequality+of+income+distribution+(s80+s20)-1540	2026-03-26
https://www.pordata.pt/en/europe/infant+deaths+late+foetal+and+neonatal-1253	2025-12-24
https://www.pordata.pt/en/europe/infant+mortality+rate-1589	2026-07-13
https://www.pordata.pt/en/europe/inflation+rate+(growth+rate+++consumer+price+index)+total+and+by+goods+and+services+type-2656	2026-02-04
https://www.pordata.pt/en/europe/international+investment+position+as+a+percentage+of+gdp-2674	2026-04-14
https://www.pordata.pt/en/europe/international+investment+position+financial+assets+and+liabilities+abroad+(euro)-2672	2026-01-26
https://www.pordata.pt/en/europe/international+migration+flows-1622	2026-02-23
https://www.pordata.pt/en/europe/internet+subscriptions-1506	2026-01-15
https://www.pordata.pt/en/europe/investment+gross+fixed+capital+formation+(euro)-1542	2026-03-03
https://www.pordata.pt/en/europe/investment+gross+fixed+capital+formation+total+and+by+institutional+sector+(euro)-2678	2026-01-21
https://www.pordata.pt/en/europe/investment+of+enterprises+by+some+sectors+of+economic+activity-3181	2026-01-14
https://www.pordata.pt/en/europe/investment+rate+of+enterprises+by+some+sectors+of+economic+activity-3187	2022-10-28
https://www.pordata.pt/en/europe/investment+share+of+gdp-3568	2026-01-14
https://www.pordata.pt/en/europe/judges+in+courts+of+justice+per+100+thousand+inhabitants-3355	2026-07-10
https://www.pordata.pt/en/europe/labour+force++aged+15+to+64+total+and+by+highest+level+of+education+completed-1592	2026-04-20
https://www.pordata.pt/en/europe/labour+force+total+and+by+age+group-1838	2026-04-19
https://www.pordata.pt/en/europe/labour+force+total+and+by+citizenship+status-1588	2026-04-20
https://www.pordata.pt/en/europe/labour+force+total+and+by+sex-1587	2026-04-17
https://www.pordata.pt/en/europe/labour+force-1944	2026-04-19
https://www.pordata.pt/en/europe/labour+productivity+per+hour+(euro)-3019	2026-02-12
https://www.pordata.pt/en/europe/labour+productivity+per+hour+worked+(eu27+100)-1992	2026-05-27
https://www.pordata.pt/en/europe/large+enterprises+as+a+percentage+of+all+enterprises+by+some+sectors+of+economic+activity-2975	2026-01-15
https://www.pordata.pt/en/europe/large+enterprises+by+some+sectors+of+economic+activity-2974	2026-01-15
https://www.pordata.pt/en/europe/legally+induced+abortions-3393	2026-03-24
https://www.pordata.pt/en/europe/length+of+motorways-3068	2026-01-05
https://www.pordata.pt/en/europe/life+expectancy+at+65+by+sex-1262	2025-12-24
https://www.pordata.pt/en/europe/life+expectancy+at+birth+total+and+by+sex-1260	2025-12-24
https://www.pordata.pt/en/europe/live+births+according+to+order+in+total+of+live+births+(percentage)-3027	2026-02-23
https://www.pordata.pt/en/europe/live+births+outside+marriage+(percentage)-1800	2026-07-02
https://www.pordata.pt/en/europe/live+births+total++in+marriage+and+outside+marriage-1247	2026-07-02
https://www.pordata.pt/en/europe/long+term+unemployment+rate+total+and+by+sex-2264	2026-03-13
https://www.pordata.pt/en/europe/longevity+index-1930	2026-01-27
https://www.pordata.pt/en/europe/main+crop+area-3697	2024-11-08
https://www.pordata.pt/en/europe/main+crop+production-3698	2024-11-08
https://www.pordata.pt/en/europe/main+crops+yield-3678	2024-11-08
https://www.pordata.pt/en/europe/male+employment+total+and+full+and+part+time-1604	2026-04-20
https://www.pordata.pt/en/europe/male+graduates+in+higher+education+(isced+5+8)+total+and+by+field+of+education-1323	2026-05-19
https://www.pordata.pt/en/europe/male+students+enrolled+in+higher+education+(isced+5+8)+total+and+by+field+of+education-1301	2026-03-19
https://www.pordata.pt/en/europe/managers+of+agricultural+holdings+total+and+by+age+group-3647	2023-05-19
https://www.pordata.pt/en/europe/managers+of+agricultural+holdings+total+and+by+sex-3648	2023-05-19
https://www.pordata.pt/en/europe/marine+waters+affected+by+eutrophication-3642	2026-03-12
https://www.pordata.pt/en/europe/market+share+of+the+largest+generator+in+the+electricity+market+as+a+percentage+of+the+total+generation-1365	2026-05-12
https://www.pordata.pt/en/europe/marriages-1264	2026-03-19
https://www.pordata.pt/en/europe/material+footprint+per+capita-3745	2026-07-22
https://www.pordata.pt/en/europe/maternal+mortality+rate-1825	2026-07-02
https://www.pordata.pt/en/europe/maternal+mortality-1824	2026-01-15
https://www.pordata.pt/en/europe/mean+age+of+the+mother+at+birth+of+first+child-3468	2026-02-23
https://www.pordata.pt/en/europe/mean+age+of+women+at+childbirth-2408	2026-02-23
https://www.pordata.pt/en/europe/mean+equivalised+net+income+by+household+type+(euro)-1938	2026-03-26
https://www.pordata.pt/en/europe/mean+equivalised+net+income+by+household+type+(pps)-1939	2026-03-26
https://www.pordata.pt/en/europe/mean+equivalised+net+income+by+level+of+education+(euro)-1720	2026-03-26
https://www.pordata.pt/en/europe/mean+equivalised+net+income+by+level+of+education+(pps)-1937	2026-03-26
https://www.pordata.pt/en/europe/medium+enterprises+as+a+percentage+of+all+enterprises+by+some+sectors+of+economic+activity-3211	2026-01-15
https://www.pordata.pt/en/europe/medium+enterprises+by+some+sectors+of+economic+activity-3208	2026-01-15
https://www.pordata.pt/en/europe/microenterprises+as+a+percentage+of+all+enterprises+by+some+sectors+of+economic+activity-3209	2026-01-15
https://www.pordata.pt/en/europe/microenterprises+by+some+sectors+of+economic+activity-3206	2026-01-15
https://www.pordata.pt/en/europe/municipal+waste+generation-3423	2026-03-31
https://www.pordata.pt/en/europe/municipal+waste+treatment+total+and+by+type+of+treatment-3425	2026-03-27
https://www.pordata.pt/en/europe/national+minimum+wage+monthly+figure+(euro)-1640	2026-01-30
https://www.pordata.pt/en/europe/national+minimum+wage+monthly+figure+(pps)-1753	2026-01-30
https://www.pordata.pt/en/europe/national+production+of+energy+as++a+percentage+of+the+total+of+energy+production+of+the+eu27+by+type+of+energy+product-1735	2026-05-21
https://www.pordata.pt/en/europe/natural+gas+prices+for+households+and+industrial+users+(pps)-1480	2026-03-19
https://www.pordata.pt/en/europe/natural+gas+prices+for+households+and+industrial+users-1478	2026-03-19
https://www.pordata.pt/en/europe/neonatal+mortality+rates+and+late+foetal+mortality+rate-1258	2026-07-02
https://www.pordata.pt/en/europe/net+external+debt+position+as+a+percentage+of+gdp-3007	2026-03-20
https://www.pordata.pt/en/europe/net+external+debt+position-3006	2026-01-08
https://www.pordata.pt/en/europe/net+greenhouse+gas+emissions+of+the+land+use++land+use+change+and+forestry+(lulucf)+sector-3746	2026-05-20
https://www.pordata.pt/en/europe/net+greenhouse+gas+emissions-3616	2026-01-20
https://www.pordata.pt/en/europe/nights+spent+by+tourists+in+collective+tourist+accommodations+total+and+by+type+of+accommodation-2442	2026-01-21
https://www.pordata.pt/en/europe/nights+spent+by+tourists+in+collective+tourist+accommodations+total+and+by+type+of+tourist+(percentage)-2533	2026-01-21
https://www.pordata.pt/en/europe/nights+spent+by+tourists+in+collective+tourist+accommodations+total+and+by+type+of+tourist-2443	2026-01-21
https://www.pordata.pt/en/europe/nights+spent+by+tourists+per+100+bed+places+available+in+collective+tourist+accommodations-2483	2026-07-03
https://www.pordata.pt/en/europe/nitrate+in+groundwater-3541	2026-01-20
https://www.pordata.pt/en/europe/number+of+active+age+people+per+old+person-1818	2026-01-27
https://www.pordata.pt/en/europe/number+of+enterprise+births+per+number+of+enterprise+deaths+total+and+by+some+sectors+of+economic+activity-2981	2026-01-21
https://www.pordata.pt/en/europe/number+of+inhabitants+per+doctor-1705	2026-07-15
https://www.pordata.pt/en/europe/number+of+light+passenger+cars+per+thousand+inhabitants-3078	2026-08-04
https://www.pordata.pt/en/europe/nursing+and+caring+personnel-1287	2026-07-13
https://www.pordata.pt/en/europe/nursing+and+caring+professionals+per+100+thousand+inhabitants-1699	2026-07-13
https://www.pordata.pt/en/europe/obesity+rate+by+body+mass+index-3542	2026-03-30
https://www.pordata.pt/en/europe/official+development+assistance+as+share+of+gross+national+income+(at+current+prices)-3596	2026-03-13
https://www.pordata.pt/en/europe/official+prison+capacity+and+number+of+persons+held-3311	2026-04-29
https://www.pordata.pt/en/europe/old+age+dependency+ratio-1929	2026-01-27
https://www.pordata.pt/en/europe/old+age+pensioners+in+total+of+resident+population+aged+65+and+over+(percentage)-2431	2026-07-22
https://www.pordata.pt/en/europe/old+age+pensioners+total+and+by+sex-2418	2026-07-22
https://www.pordata.pt/en/europe/participation+in+early+childhood+education+total+and+by+sex+(percentage)-3556	2026-03-17
https://www.pordata.pt/en/europe/passenger+transported+by+train+total++domestic+and+international+transport-2720	2025-10-30
https://www.pordata.pt/en/europe/passengers+transported+by+sea+at+major+ports+total++domestic+and+international-3053	2026-01-28
https://www.pordata.pt/en/europe/passengers+transported+by+sea+disembarking+and+embarking-2714	2025-11-27
https://www.pordata.pt/en/europe/patent+applications+to+the+european+patent+office+(epo)+by+technological+field+(1980+2013)-1430	2026-01-05
https://www.pordata.pt/en/europe/patent+applications+to+the+european+patent+office+(epo)+per+million+inhabitants-3576	2026-03-25
https://www.pordata.pt/en/europe/patent+applications+to+the+european+patent+office+(epo)-1439	2026-01-06
https://www.pordata.pt/en/europe/patents+granted+by+the+united+states+patent+and+trademark+office+(uspto)+by+institutional+sector+(1977+2009)-1468	2026-01-06
https://www.pordata.pt/en/europe/patents+granted+by+the+united+states+patent+and+trademark+office+(uspto)+by+the+enterprise+sector+(1977+2009)-3228	2026-01-05
https://www.pordata.pt/en/europe/patents+granted+by+the+united+states+patent+and+trademark+office+(uspto)+total+and+by+international+patent+classification+(ipc)+sections++(1977+2010)-1443	2026-01-06
https://www.pordata.pt/en/europe/pensioners+as+a+percentage+of+active+population-2435	2026-07-22
https://www.pordata.pt/en/europe/pensioners+in+total+of+resident+population+aged+15+and+over+(percentage)-2425	2026-07-22
https://www.pordata.pt/en/europe/pensioners+total+and+by++category-2424	2026-07-22
https://www.pordata.pt/en/europe/pensions+total+expenditure+and+by+category+(euro)-1414	2026-01-20
https://www.pordata.pt/en/europe/pensions+total+expenditure+and+by+category++per+inhabitant+(euro)-1701	2026-07-10
https://www.pordata.pt/en/europe/pensions+total+expenditure+and+by+category+per+inhabitant++constant+prices-1413	2026-01-20
https://www.pordata.pt/en/europe/pensions+total+expenditure+as+a+percentage+of+gdp-1579	2026-03-03
https://www.pordata.pt/en/europe/people+killed+in+road+accidents-3588	2026-04-27
https://www.pordata.pt/en/europe/people+living+in+households+with+poor+housing+conditions-3535	2026-01-20
https://www.pordata.pt/en/europe/perceived+independence+of+the+justice+system-3593	2026-01-09
https://www.pordata.pt/en/europe/personnel+employed+in+enterprises+by+some+sectors+of+economic+activity-3155	2026-01-14
https://www.pordata.pt/en/europe/personnel+employed+in+enterprises+total-3154	2026-01-21
https://www.pordata.pt/en/europe/personnel+employed+in+large+enterprises+by+some+sectors+of+economic+activity-3157	2026-01-14
https://www.pordata.pt/en/europe/personnel+employed+in+medium+enterprises+by+some+sectors+of+economic+activity-3214	2026-01-12
https://www.pordata.pt/en/europe/personnel+employed+in+microenterprises+by+some+sectors+of+economic+activity-3212	2026-01-12
https://www.pordata.pt/en/europe/personnel+employed+in+small+and+medium+sized+enterprise+by+some+sectors+of+economic+activity-3215	2022-11-03
https://www.pordata.pt/en/europe/personnel+employed+in+small+enterprises+by+some+sectors+of+economic+activity-3213	2025-12-02
https://www.pordata.pt/en/europe/personnel+in+adult+prison+total+and+by+sex-3309	2026-04-29
https://www.pordata.pt/en/europe/personnel+in+juvenile+prison+total+and+by+sex-3310	2026-04-29
https://www.pordata.pt/en/europe/persons+convicted+total+and+by+sex-3299	2026-04-29
https://www.pordata.pt/en/europe/persons+outside+the+labour+force+due+to+caring+responsibilities+by+sex-3816	2026-04-19
https://www.pordata.pt/en/europe/persons+prosecuted+total+and+by+citizenship-3300	2026-04-29
https://www.pordata.pt/en/europe/persons+prosecuted+total+and+by+sex-3298	2026-04-29
https://www.pordata.pt/en/europe/pesons+acquitted-3308	2026-04-29
https://www.pordata.pt/en/europe/phds+(isced+8)+per+100+thousand+inhabitants-2409	2026-07-10
https://www.pordata.pt/en/europe/phds+(isced+8)+total+and+by+field+of+education-1320	2026-05-19
https://www.pordata.pt/en/europe/phds+(isced+8)+total+and+by+sex-1315	2026-05-08
https://www.pordata.pt/en/europe/physical+and+sexual+violence+to+women-3559	2026-01-20
https://www.pordata.pt/en/europe/physiotherapists+per+100+thousand+inhabitants-1925	2026-07-10
https://www.pordata.pt/en/europe/physiotherapists-1936	2026-01-12
https://www.pordata.pt/en/europe/police+officers+per+100+thousand+inhabitants-3356	2026-07-10
https://www.pordata.pt/en/europe/police+officers+total+and+by+sex-3303	2026-04-29
https://www.pordata.pt/en/europe/population++aged+25+to+34++having+tertiary+education+(isced+5+8)+total+and+by+sex+(percentage)-3554	2026-04-19
https://www.pordata.pt/en/europe/population++aged+30+to+34++having+tertiary+education+(isced+5+8)+(percentage)-3401	2026-04-20
https://www.pordata.pt/en/europe/population+aged+0+to+65+years+living+in+households+with+very+low+work+intensity-3532	2026-03-26
https://www.pordata.pt/en/europe/population+at+risk+of+poverty+or+social+exclusion+(reference+year+2008)-3427	2026-01-21
https://www.pordata.pt/en/europe/population+at+risk+of+poverty+or+social+exclusion+total+and+by+age+group+(percentage)-2331	2026-03-26
https://www.pordata.pt/en/europe/population+at+risk+of+poverty+or+social+exclusion+total+and+by+sex+(percentage)-2330	2026-03-26
https://www.pordata.pt/en/europe/population+at+risk+of+poverty+or+social+exclusion+total+and+by+sexo-3400	2026-03-26
https://www.pordata.pt/en/europe/population+by+dwelling+type+(percentage)-1528	2026-03-26
https://www.pordata.pt/en/europe/population+by+tenure+status+(percentage)-3388	2026-03-26
https://www.pordata.pt/en/europe/population+connected+to+at+least+secondary+waste+water+treatment+(percentage)-3540	2026-01-15
https://www.pordata.pt/en/europe/population+density-1802	2026-03-19
https://www.pordata.pt/en/europe/population+having+completed+at+least+upper+secondary+education+(isced+3+or+more)+as+a+percentage+of+the+population+aged+25+to+64+total+and+by+sex-1349	2026-04-17
https://www.pordata.pt/en/europe/population+having+less+than+upper+secondary+education+(isced+0+2)+as+a+percentage+of+the+population+aged+25+to+64+total+and+by+age+group-3236	2026-04-20
https://www.pordata.pt/en/europe/population+having+less+than+upper+secondary+education+(isced+0+2)+as+a+percentage+of+the+population+aged+25+to+64+total+and+by+sex-3491	2026-04-19
https://www.pordata.pt/en/europe/population+having+neither+a+bath++nor+a+shower++nor+indoor+flushing+toilet+in+their+household-3565	2026-01-15
https://www.pordata.pt/en/europe/population+having+tertiary+education+(isced+5+8)+as+a+percentage+of+the+population+aged+25+to+64+total+and+by+age+group-3239	2026-04-20
https://www.pordata.pt/en/europe/population+having+tertiary+education+(isced+5+8)+as+a+percentage+of+the+population+aged+25+to+64+total+and+by+sex-3490	2026-04-19
https://www.pordata.pt/en/europe/population+having+upper+secondary+and+post+secondary+non+tertiary+education+(isced+3+4)+as+a+percentage+of+the+population+aged+25+to+64+total+and+by+age+group-3237	2026-04-20
https://www.pordata.pt/en/europe/population+having+upper+secondary+and+post+secondary+non+tertiary+education+(isced+3+4)+as+a+percentage+of+the+population+aged+25+to+64+total+and+by+sex-3492	2026-04-19
https://www.pordata.pt/en/europe/population+living+in+households+considering+that+they+suffer+from+noise-3586	2024-05-27
https://www.pordata.pt/en/europe/population+reporting+occurrence+of+crime++violence+or+vandalism+in+their+area-3587	2026-01-20
https://www.pordata.pt/en/europe/population+unable+to+afford+a+meal+with+meat++chicken++fish+(or+vegetarian+equivalent)+every+second+day+total+and+by+income+groups+(percentage)-2126	2026-03-26
https://www.pordata.pt/en/europe/population+unable+to+afford+certain+domestic+facilities+(percentage)-1526	2026-01-21
https://www.pordata.pt/en/europe/population+unable+to+face+unexpected+financial+expenses+total+and+by+income+groups+(percentage)-2125	2026-03-26
https://www.pordata.pt/en/europe/population+unable+to+keep+home+adequately+warm+(percentage)-3566	2026-03-27
https://www.pordata.pt/en/europe/positions+held+by+women+in+senior+management+positions-3564	2026-03-27
https://www.pordata.pt/en/europe/precipitation-1406	2026-01-05
https://www.pordata.pt/en/europe/premature+deaths+due+to+exposure+to+fine+particulate+matter+(pm2.5)+per+100+000+people-3815	2026-01-14
https://www.pordata.pt/en/europe/primary+++final+energy+consumption-3546	2026-01-09
https://www.pordata.pt/en/europe/primary+production+from+renewable+energy+by+type+of+renewable+energy-1369	2026-01-09
https://www.pordata.pt/en/europe/primary+production+of+energy+total+and+by+some+types+of+energy+products-1367	2026-01-09
https://www.pordata.pt/en/europe/prisoners+by+legal+status+of+the+trial+process-3314	2026-04-29
https://www.pordata.pt/en/europe/prisoners+total+and+by+citizenship-3313	2026-04-29
https://www.pordata.pt/en/europe/prisoners+total+and+by+sex-3312	2026-04-29
https://www.pordata.pt/en/europe/private+consumption+total++households+and+non+profit+institutions+serving+households+(euro)-1538	2026-03-03
https://www.pordata.pt/en/europe/private+consumption+total++households+and+non+profit+institutions+serving+households+(pps)-1539	2026-03-30
https://www.pordata.pt/en/europe/private+households+by+type+of+household+composition+(percentage)-1629	2026-04-17
https://www.pordata.pt/en/europe/private+households+total+and+by+number+of+children-1615	2026-04-17
https://www.pordata.pt/en/europe/private+households+total+and+by+type+of+household+composition-1614	2026-04-17
https://www.pordata.pt/en/europe/professional+judges+total+and+by+sex-3302	2026-04-29
https://www.pordata.pt/en/europe/public+expenditure+on+education+total+and+by+level+of+education+(pps)-1351	2026-07-01
https://www.pordata.pt/en/europe/public+funding+in+education+by+level+of+government+central++regional+and+local+(percentage)+(1999+2011)-1353	2020-03-09
https://www.pordata.pt/en/europe/public+water+supply-1415	2026-01-06
https://www.pordata.pt/en/europe/r+d+personnel+and+researchers+(fte)+involved+in+research+and+development+activities+(r+d)+total+and+females-1425	2026-01-21
https://www.pordata.pt/en/europe/railway+accidents+total+and+by+type+of+accident-2724	2026-01-12
https://www.pordata.pt/en/europe/railway+vehicles+by+type-3071	2026-01-14
https://www.pordata.pt/en/europe/real+gdp+growth+rate-1533	2026-03-03
https://www.pordata.pt/en/europe/real+gdp+per+capita(euro)-3567	2026-03-05
https://www.pordata.pt/en/europe/recycling+rate+of+municipal+waste-3607	2026-03-27
https://www.pordata.pt/en/europe/recycling+rate+of+packaging+waste+(percentage)-3428	2026-01-05
https://www.pordata.pt/en/europe/registered+vehicles+by+type-3070	2026-08-04
https://www.pordata.pt/en/europe/relative+median+at+risk+of+poverty+gap+total+and+by+age+group-2336	2026-03-26
https://www.pordata.pt/en/europe/relative+median+at+risk+of+poverty+gap+total+and+by+sex-2335	2026-03-26
https://www.pordata.pt/en/europe/remittances+by+emigrants++immigrants+and+balance+(euro)-2429	2026-01-08
https://www.pordata.pt/en/europe/remittances+by+emigrants++immigrants+and+balance+as+a+percentage+of+gdp-2430	2026-03-03
https://www.pordata.pt/en/europe/remittances+by+emigrants+total++eu+and+extra+eu+(euro)-3525	2026-01-21
https://www.pordata.pt/en/europe/remittances+by+immigrants+total++eu+and+extra+eu+(euro)-3526	2026-01-21
https://www.pordata.pt/en/europe/researchers+(fte)+involved+in+research+and+development+activities+(r+d)+in+business+enterprise+sector+total+and+by+field+of+science-3226	2026-01-21
https://www.pordata.pt/en/europe/researchers+(fte)+involved+in+research+and+development+activities+(r+d)+total+and+by+field+of+science-1427	2026-01-21
https://www.pordata.pt/en/europe/researchers+(fte)+involved+in+research+and+development+activities+(r+d)+total+and+by+sector+of+performance-1424	2026-01-21
https://www.pordata.pt/en/europe/researchers+(fte)+involved+in+research+and+development+activities+(r+d)+total+and+of+enterprises+sector-3225	2026-01-21
https://www.pordata.pt/en/europe/resident+female+population+total+and+by+age+group-1276	2026-01-27
https://www.pordata.pt/en/europe/resident+female+population+total+and+by+major+age+groups+(percentage)-1867	2026-01-27
https://www.pordata.pt/en/europe/resident+female+population+total+and+by+major+age+groups-1608	2026-01-27
https://www.pordata.pt/en/europe/resident+male+population+total+and+by+age+group-1275	2026-01-27
https://www.pordata.pt/en/europe/resident+male+population+total+and+by+major+age+groups+(percentage)-1866	2026-01-27
https://www.pordata.pt/en/europe/resident+male+population+total+and+by+major+age+groups-1607	2026-01-27
https://www.pordata.pt/en/europe/resident+population++estimates+at+january+1st+total+and+by+sex-1570	2026-07-10
https://www.pordata.pt/en/europe/resident+population+as+a+percentage+of+eu27+population-3516	2026-07-10
https://www.pordata.pt/en/europe/resident+population+connected+to+urban+wastewater+treatment+(percentage)-1416	2026-01-06
https://www.pordata.pt/en/europe/resident+population+median+age-2265	2026-01-27
https://www.pordata.pt/en/europe/resident+population+total++nationals+and+foreigners-3807	2026-01-21
https://www.pordata.pt/en/europe/resident+population+total+and+by+age+group-1274	2026-01-27
https://www.pordata.pt/en/europe/resident+population+total+and+by+major+age+groups+(percentage)-1865	2026-01-27
https://www.pordata.pt/en/europe/resident+population+total+and+by+major+age+groups-1606	2026-01-27
https://www.pordata.pt/en/europe/resident+population+total+and+by+sex-1571	2026-07-10
https://www.pordata.pt/en/europe/resident+population+who+travelled+for+tourism+as+a+percentage+of+resident+population+total+and+by+age+group-2815	2026-01-27
https://www.pordata.pt/en/europe/resident+population+who+travelled+for+tourism+as+a+percentage+of+resident+population+total+and+by+destination+of+trip-2527	2026-01-27
https://www.pordata.pt/en/europe/resident+population+who+travelled+for+tourism+by+age+group-2449	2026-01-15
https://www.pordata.pt/en/europe/resident+population+who+travelled+for+tourism+by+sex-2448	2026-01-20
https://www.pordata.pt/en/europe/resident+population+who+travelled+for+tourism+total+and+by+destination+of+trip-2450	2026-01-15
https://www.pordata.pt/en/europe/resident+population-1951	2026-07-10
https://www.pordata.pt/en/europe/return+rate+of+treasury+bonds-2680	2026-01-26
https://www.pordata.pt/en/europe/road+accidents-3043	2026-05-19
https://www.pordata.pt/en/europe/savings+rate+of+households-2692	2026-03-25
https://www.pordata.pt/en/europe/school+expectancy+(isced+02+8)++(1998+2012)-1356	2020-01-31
https://www.pordata.pt/en/europe/seagoing+vessels+docking+at+major+ports+total+and+by+some+types+of+vessel-3055	2025-11-27
https://www.pordata.pt/en/europe/seats+held+by+women+in+national+parliaments+and+governments-3563	2026-02-18
https://www.pordata.pt/en/europe/self+employed+as+employers+total+and+by+highest+level+of+education+completed-2540	2026-04-20
https://www.pordata.pt/en/europe/self+employed+total+and+by+highest+level+of+education+completed-2541	2026-04-20
https://www.pordata.pt/en/europe/self+employed+without+employees+total+and+by+highest+level+of+education+completed-1618	2026-04-20
https://www.pordata.pt/en/europe/self+reported+unmet+need+for+medical+examination+and+care+by+sex-3548	2026-03-27
https://www.pordata.pt/en/europe/serious+accidents+at+work++per+100+thousand+employed+persons+total+and+by+some+sectors+of+economic+activities-1712	2026-07-09
https://www.pordata.pt/en/europe/serious+accidents+at+work+total+and+by+some+sectors+of+economic+activity-1304	2026-07-09
https://www.pordata.pt/en/europe/serious+and+fatal+accidents+at+work-1355	2026-07-09
https://www.pordata.pt/en/europe/severe+housing+deprivation+rate-3750	2026-01-21
https://www.pordata.pt/en/europe/severe+material+and+social+deprivation+rate+total+and+by+age+group-3788	2026-03-27
https://www.pordata.pt/en/europe/severe+material+and+social+deprivation+rate+total+and+by+sex-3789	2026-03-27
https://www.pordata.pt/en/europe/severe+material+and+social+deprivation+rate-3531	2026-03-26
https://www.pordata.pt/en/europe/severe+material+deprivation+rate+total+and+by+age+group+(2004+2020)-2333	2022-11-04
https://www.pordata.pt/en/europe/severe+material+deprivation+rate+total+and+by+sex+(2004+2020)-2332	2026-01-21
https://www.pordata.pt/en/europe/sex+ratio-1817	2026-07-10
https://www.pordata.pt/en/europe/share+of+busses+and+trains+in+total+passenger+transport-3577	2026-07-24
https://www.pordata.pt/en/europe/share+of+environmental+taxes+in+total+tax+revenues+(percentage)-3627	2026-02-11
https://www.pordata.pt/en/europe/share+of+individuals+having+at+least+basic+digital+skills+by+sex+(percentage)-3655	2026-01-09
https://www.pordata.pt/en/europe/share+of+people+with+good+or+very+good+perceived+health+by+sex-3547	2026-03-27
https://www.pordata.pt/en/europe/share+of+rail+and+inland+waterways+in+total+freight+transport-3578	2026-03-05
https://www.pordata.pt/en/europe/share+of+renewable+energy+in+gross+final+energy+consumption+(percentage)-3600	2026-07-13
https://www.pordata.pt/en/europe/single+adults+living+with+children++by+sex+(percentage)-1628	2026-04-17
https://www.pordata.pt/en/europe/single+adults+with+children+total+and+by+sex-1626	2026-04-17
https://www.pordata.pt/en/europe/single+person+private+households+of+individuals+aged+65+and+over+as+a+percentage+of+total+households-1627	2026-04-17
https://www.pordata.pt/en/europe/single+person+private+households+total+and+aged+65+and+over-1616	2026-04-17
https://www.pordata.pt/en/europe/small+and+medium+sized+enterprises+(smes)+by+some+sectors+of+economic+activity-2973	2026-01-15
https://www.pordata.pt/en/europe/small+enterprises+as+a+percentage+of+all+enterprises+by+some+sectors+of+economic+activity-3210	2026-01-15
https://www.pordata.pt/en/europe/small+enterprises+by+some+sectors+of+economic+activity-3207	2026-01-15
https://www.pordata.pt/en/europe/smoking+prevalence+by+sex-3552	2026-01-06
https://www.pordata.pt/en/europe/social+protection+expenditure+as+a+percentage+of+gdp-1578	2026-03-03
https://www.pordata.pt/en/europe/social+protection+expenditure+total+and+by+function+(euro)-1411	2026-01-20
https://www.pordata.pt/en/europe/social+protection+expenditure+total+and+by+function++constant+prices-1407	2026-01-20
https://www.pordata.pt/en/europe/social+protection+expenditure+total+and+by+funtion+per+inhabitant+(euro)-1581	2026-07-10
https://www.pordata.pt/en/europe/social+protection+expenditure+total+and+by+type+(euro)-1586	2026-01-12
https://www.pordata.pt/en/europe/social+protection+expenditure+total+and+by+type++constant+prices-1402	2026-01-20
https://www.pordata.pt/en/europe/social+protection+expenditure+total+and+by+type++per+inhabitant+(euro)-1580	2026-07-10
https://www.pordata.pt/en/europe/social+protection+revenue+as+a+percentage+of+gdp-1376	2026-03-03
https://www.pordata.pt/en/europe/social+protection+revenue+per+inhabitant+(euro)-1576	2026-07-10
https://www.pordata.pt/en/europe/social+protection+revenue+total+and+by+sector+of+origin+(euro)-1392	2026-01-20
https://www.pordata.pt/en/europe/social+protection+revenue+total+and+by+sector+of+origin++constant+prices-1383	2026-01-20
https://www.pordata.pt/en/europe/social+protection+revenue+total+and+by+sector+of+origin++per+inhabitant+(pps)-1390	2026-01-20
https://www.pordata.pt/en/europe/social+protection+revenue+total+and+by+type+(euro)-1357	2026-01-20
https://www.pordata.pt/en/europe/social+protection+revenue+total+and+by+type++constant+prices-1368	2026-01-20
https://www.pordata.pt/en/europe/social+protection+revenue+total+and+by+type++per+inhabitant+(pps)-1370	2026-01-20
https://www.pordata.pt/en/europe/social+security+costs+with+employees+working+in+enterprises+by+some+sectors+of+economic+activity-3164	2025-12-02
https://www.pordata.pt/en/europe/soil+sealing+index-3605	2026-05-06
https://www.pordata.pt/en/europe/speed+limits+in+urban+roads+and+motorways-3066	2025-12-18
https://www.pordata.pt/en/europe/standardised+avoidable+mortality-3549	2026-03-16
https://www.pordata.pt/en/europe/standardised+death+rate+due+to+homicide+total+and+by+sex-3589	2026-03-16
https://www.pordata.pt/en/europe/students+enrolled+in+higher+education+(isced+5+8)++total+and+by+field+of+education-1299	2026-03-19
https://www.pordata.pt/en/europe/students+enrolled+in+higher+education+(isced+5+8)+total+and+by+sex-1296	2026-03-17
https://www.pordata.pt/en/europe/students+enrolled+in+higher+education+(isced+5+8)+total+and+by+sub+system+of+education+(percentage)-1877	2026-03-17
https://www.pordata.pt/en/europe/students+enrolled+in+higher+education+(isced+5+8)+total+and+by+sub+system+of+education-1326	2026-03-17
https://www.pordata.pt/en/europe/students+enrolled+in+lower+secondary+education+(isced+2)+total+and+by+sub+system+of+education-1328	2026-03-17
https://www.pordata.pt/en/europe/students+enrolled+in+pre+primary+education+(isced+02)+total+and+by+sub+system+of+education-1330	2026-03-17
https://www.pordata.pt/en/europe/students+enrolled+in+primary+education+(isced+1)+total+and+by+sub+system+of+education-1327	2026-03-17
https://www.pordata.pt/en/europe/students+enrolled+in+upper+secondary+education+(isced+3)+total+and+by+sub+system+of+education-1329	2026-03-17
https://www.pordata.pt/en/europe/subscriptions+to+cellular+mobile+services+per+thousand+inhabitants-1953	2026-07-10
https://www.pordata.pt/en/europe/subscriptions+to+cellular+mobile+services-1505	2026-01-15
https://www.pordata.pt/en/europe/subscriptions+to+internet+per+thousand+inhabitants-1714	2026-07-10
https://www.pordata.pt/en/europe/summary+table/austria-826947	
https://www.pordata.pt/en/europe/summary+table/belgium-826948	
https://www.pordata.pt/en/europe/summary+table/bulgaria-826949	
https://www.pordata.pt/en/europe/summary+table/croatia-826987	
https://www.pordata.pt/en/europe/summary+table/cyprus-826950	
https://www.pordata.pt/en/europe/summary+table/czech+republic-826975	
https://www.pordata.pt/en/europe/summary+table/denmark-826951	
https://www.pordata.pt/en/europe/summary+table/estonia-826956	
https://www.pordata.pt/en/europe/summary+table/european+union+27+(since+2020)-826991	
https://www.pordata.pt/en/europe/summary+table/finland-826957	
https://www.pordata.pt/en/europe/summary+table/france-826958	
https://www.pordata.pt/en/europe/summary+table/germany-826946	
https://www.pordata.pt/en/europe/summary+table/greece-826959	
https://www.pordata.pt/en/europe/summary+table/hungary-826960	
https://www.pordata.pt/en/europe/summary+table/ireland-826961	
https://www.pordata.pt/en/europe/summary+table/italy-826963	
https://www.pordata.pt/en/europe/summary+table/latvia-826965	
https://www.pordata.pt/en/europe/summary+table/lithuania-826966	
https://www.pordata.pt/en/europe/summary+table/luxembourg-826967	
https://www.pordata.pt/en/europe/summary+table/malta-826968	
https://www.pordata.pt/en/europe/summary+table/netherlands-826971	
https://www.pordata.pt/en/europe/summary+table/poland-826972	
https://www.pordata.pt/en/europe/summary+table/portugal-826973	
https://www.pordata.pt/en/europe/summary+table/romania-826976	
https://www.pordata.pt/en/europe/summary+table/slovakia-826952	
https://www.pordata.pt/en/europe/summary+table/slovenia-826953	
https://www.pordata.pt/en/europe/summary+table/spain-826954	
https://www.pordata.pt/en/europe/summary+table/sweden-826977	
https://www.pordata.pt/en/europe/surface+of+the+marine+protected+areas+(percentage)-3717	2026-01-14
https://www.pordata.pt/en/europe/surface+of+the+marine+protected+areas-3624	2026-01-14
https://www.pordata.pt/en/europe/surface+of+the+terrestrial+protected+areas+(percentage)-3628	2026-01-14
https://www.pordata.pt/en/europe/survival+rate+of+enterprises+with+1+year+of+life+total+and+by+some+sectors+of+economic+activity-2984	2026-01-21
https://www.pordata.pt/en/europe/survivor+pensioners+total+and+by+sex-2420	2026-07-22
https://www.pordata.pt/en/europe/technology+balance+of+payments+as+a+percentage+of+gdp+(1993+2015)-2696	2023-01-05
https://www.pordata.pt/en/europe/temporary+employees+as+a+percentage+of+total+employees+total+and+by+sex-2402	2026-04-20
https://www.pordata.pt/en/europe/temporary+employees+total+and+by+highest+level+of+education+completed-1620	2026-04-20
https://www.pordata.pt/en/europe/temporary+employees+total+and+by+sex-1619	2026-04-20
https://www.pordata.pt/en/europe/total+age+dependency+ratio-1927	2026-01-27
https://www.pordata.pt/en/europe/total+fertility+rate-1251	2026-02-23
https://www.pordata.pt/en/europe/total+personnel+(fte)+involved+in+research+and+development+activities+(r+d)+total+and+by+field+of+science-1429	2026-01-21
https://www.pordata.pt/en/europe/total+personnel+(fte)+involved+in+research+and+development+activities+(r+d)+total+and+by+sector+of+performance-1423	2026-01-21
https://www.pordata.pt/en/europe/total+personnel+(fte)+involved+in+research+and+development+activities+(r+d)+total+and+of+enterprises+sector-3224	2026-01-21
https://www.pordata.pt/en/europe/total+personnel+and+researchers+involved+in+research+and+development+activities+(r+d)+full+time+equivalent+per+thousand+active+persons-1691	2026-04-19
https://www.pordata.pt/en/europe/total+personnel+involved+in+research+and+development+activities+(r+d)as+percentage+of+active+persons+by+sector+of+performance-3575	2026-01-21
https://www.pordata.pt/en/europe/touristic+trips+by+residents+total+and+by+destination+of+the+trip-2451	2026-01-15
https://www.pordata.pt/en/europe/touristic+trips+by+residents+total+and+by+length+of+stay-2452	2026-01-20
https://www.pordata.pt/en/europe/touristic+trips+by+residents+total+and+by+main+mode+of+transport-2458	2026-01-15
https://www.pordata.pt/en/europe/touristic+trips+by+residents+total+and+by+main+type+of+accommodation-2461	2026-01-15
https://www.pordata.pt/en/europe/touristic+trips+expenditure+by+residents+total+and+by+destination+of+the+trip+(euro+ecu)-2474	2026-01-20
https://www.pordata.pt/en/europe/turnover+of+enterprises+by+some+sectors+of+economic+activity-3178	2026-01-14
https://www.pordata.pt/en/europe/underachievement+in+reading++maths+or+science-3558	2026-01-06
https://www.pordata.pt/en/europe/unemployed+by+sex+(percentage)-1776	2026-04-17
https://www.pordata.pt/en/europe/unemployment+by+age+group+(percentage)-1884	2026-04-20
https://www.pordata.pt/en/europe/unemployment+by+length+of+unemployment+(percentage)-1883	2026-04-20
https://www.pordata.pt/en/europe/unemployment+rate++aged+15+to+64++by+age+group-1798	2026-04-19
https://www.pordata.pt/en/europe/unemployment+rate++aged+15+to+74++by+level+of+education+++males-1750	2026-04-20
https://www.pordata.pt/en/europe/unemployment+rate++aged+15+to+74++by+level+of+education+completed+++females-1751	2026-04-20
https://www.pordata.pt/en/europe/unemployment+rate++aged+15+to+74+total++citizens+and+foreigners-2387	2026-04-20
https://www.pordata.pt/en/europe/unemployment+rate++aged+15+to+74+total+and+by+level+of+education+completed-1633	2026-04-20
https://www.pordata.pt/en/europe/unemployment+rate++aged+15+to+74+total+and+by+sex-1775	2026-04-17
https://www.pordata.pt/en/europe/unemployment+total+and+by+age+group-1796	2026-04-20
https://www.pordata.pt/en/europe/unemployment+total+and+by+length+of+unemployment-1752	2026-04-20
https://www.pordata.pt/en/europe/unemployment+total+and+by+previous+occupation-1634	2026-04-20
https://www.pordata.pt/en/europe/unemployment+total+and+by+sex-1630	2026-04-17
https://www.pordata.pt/en/europe/use+and+risk+of+chemical+pesticides-3743	2026-01-14
https://www.pordata.pt/en/europe/utilised+agricultural+area-3644	2023-02-02
https://www.pordata.pt/en/europe/value+added+at+factor+costs+of+enterprises+by+some+sectors+of+economic+activity-3179	2026-01-14
https://www.pordata.pt/en/europe/victims+in+air+accidents-2705	2024-09-26
https://www.pordata.pt/en/europe/victims+in+railway+accidents-2723	2026-01-27
https://www.pordata.pt/en/europe/victims+of+trafficking+in+human+beings+by+sex-3594	2026-01-30
https://www.pordata.pt/en/europe/waste+generation+total++of+economic+activity+and+households-1382	2026-01-19
https://www.pordata.pt/en/europe/water+exploitation+index++plus+(wei+)-3543	2026-01-15
https://www.pordata.pt/en/europe/world+export+market+shares-2664	2026-07-15
https://www.pordata.pt/en/europe/young+age+dependency+ratio-1928	2026-01-27
https://www.pordata.pt/en/europe/young+people+neither+in+employment+nor+in+education+and+training+by+sex+(neet)-3569	2026-03-13
https://www.pordata.pt/en/ffms	
https://www.pordata.pt/en/glossary	
https://www.pordata.pt/en/highlights	
https://www.pordata.pt/en/home	
https://www.pordata.pt/en/legal+terms	2026-01-29
https://www.pordata.pt/en/municipalities	2026-08-21
https://www.pordata.pt/en/municipalities/abstention+rate+in+the+elections+for+the+european+parliament-628	2024-07-04
https://www.pordata.pt/en/municipalities/abstention+rate+in+the+elections+for+the+legislative+assembly+of+the+autonomous+region+of+madeira-644	2025-11-26
https://www.pordata.pt/en/municipalities/abstention+rate+in+the+elections+for+the+legislative+assembly+of+the+autonomous+region+of+the+azores-648	2024-02-12
https://www.pordata.pt/en/municipalities/abstention+rate+in+the+elections+for+the+local+authorities-642	2025-12-18
https://www.pordata.pt/en/municipalities/abstention+rate+in+the+elections+for+the+parliament-630	2025-11-25
https://www.pordata.pt/en/municipalities/abstention+rate+in+the+elections+for+the+presidency+of+the+republic-629	2026-02-24
https://www.pordata.pt/en/municipalities/active+beneficiaries+from+social+security-507	2026-06-01
https://www.pordata.pt/en/municipalities/active+population+per+inactive+population-855	2026-02-09
https://www.pordata.pt/en/municipalities/active+population+per+social+security+old+age+pensioner+and+public+administration+retirement+fund+retiree-854	2026-07-10
https://www.pordata.pt/en/municipalities/activity+rate+total+and+by+sex+(percentage)-848	2026-02-09
https://www.pordata.pt/en/municipalities/admissions+in+hospitals-245	2026-04-07
https://www.pordata.pt/en/municipalities/admissions+in+primary+health+centres+(1993+2012)-241	2024-02-09
https://www.pordata.pt/en/municipalities/ageing+index+of+teaching+staff+in+higher+education-379	2025-11-09
https://www.pordata.pt/en/municipalities/ageing+index+of+teaching+staff+in+pre+school++primary++lower+secondary+and+upper+secondary+education+by+level+of+education-337	2026-07-08
https://www.pordata.pt/en/municipalities/ageing+index-458	2026-06-25
https://www.pordata.pt/en/municipalities/amounts+of+withdrawals+and+payments+of+services+using+atms-929	2026-06-22
https://www.pordata.pt/en/municipalities/analogue+main+lines+telephone+stations+total+and+by+type+-182	2026-06-09
https://www.pordata.pt/en/municipalities/analogue+residential+telephone+stations+per+thousand+inhabitants-412	2026-06-23
https://www.pordata.pt/en/municipalities/annual+population+growth+total++natural+and+migratory-376	2026-06-25
https://www.pordata.pt/en/municipalities/area-57	2026-02-23
https://www.pordata.pt/en/municipalities/art+galleries+and+other+places+for+temporary+exhibitions+exhibitions-60	2026-07-01
https://www.pordata.pt/en/municipalities/art+galleries+and+other+places+for+temporary+exhibitions+places-58	2026-07-01
https://www.pordata.pt/en/municipalities/art+galleries+and+other+places+for+temporary+exhibitions+works+exhibited-71	2026-07-01
https://www.pordata.pt/en/municipalities/atm+machines-927	2026-06-22
https://www.pordata.pt/en/municipalities/average+length+of+working+week+by+employees+total+and+by+sex-917	2026-03-02
https://www.pordata.pt/en/municipalities/average+monthly+basic+remuneration+of+employees+total+and+by+sector+of+economic+activity-238	2026-03-31
https://www.pordata.pt/en/municipalities/average+monthly+basic+remuneration+of+employees+total+and+by+sex-235	2026-06-26
https://www.pordata.pt/en/municipalities/average+monthly+earnings+of+employees+total+and+by+level+of+education-288	2026-03-31
https://www.pordata.pt/en/municipalities/average+monthly+earnings+of+employees+total+and+by+sector+of+economic+activity-283	2026-03-30
https://www.pordata.pt/en/municipalities/average+monthly+earnings+of+employees+total+and+by+sex-282	2026-03-31
https://www.pordata.pt/en/municipalities/average+no.+of+personnel+employed+by+enterprise+total+and+by+sector+of+economic+activity-936	2026-01-13
https://www.pordata.pt/en/municipalities/average+number+of+conventional+dwellings+per+km2-422	2026-02-23
https://www.pordata.pt/en/municipalities/average+number+of+people+per+conventional+dwelling-884	2026-06-25
https://www.pordata.pt/en/municipalities/average+number+of+students+by+computer+in+primary++lower+secondary+and+upper+secondary+education+total+and+by+level+of+education-192	2025-10-27
https://www.pordata.pt/en/municipalities/average+number+of+students+by+computer+in+private+primary++lower+secondary+and+upper+secondary+education+total+and+by+level+of+education-190	2025-10-27
https://www.pordata.pt/en/municipalities/average+number+of+students+by+computer+in+public+primary++lower+secondary+and+upper+secondary+education+total+and+by+level+of+education-191	2025-10-27
https://www.pordata.pt/en/municipalities/average+number+of+students+by+computer+with+internet+connection+in+primary++lower+secondary+and+upper+secondary+education+total+and+by+level+of+education-189	2025-10-27
https://www.pordata.pt/en/municipalities/average+number+of+students+by+computer+with+internet+connection+in+private+primary++lower+secondary+and+upper+secondary+education+total+and+by+level+of+education-185	2025-10-27
https://www.pordata.pt/en/municipalities/average+number+of+students+by+computer+with+internet+connection+in+public+primary++lower+secondary+and+upper+secondary+education+total+and+by+level+of+education-186	2025-10-27
https://www.pordata.pt/en/municipalities/average+private+households+size-847	2026-02-25
https://www.pordata.pt/en/municipalities/average+stay+in+tourist+accommodations+total++residents+and+non+residents-758	2026-07-14
https://www.pordata.pt/en/municipalities/banking++savings+banks+and+mutual+agricultural+lending+bank+establishments-368	2025-12-19
https://www.pordata.pt/en/municipalities/bathing+water+quality+in+the+interior+(percentage)-10	2025-10-23
https://www.pordata.pt/en/municipalities/bedrooms+in+tourist+accommodations+total+and+by+type+of+accommodations-770	2026-07-09
https://www.pordata.pt/en/municipalities/beds+in+hospitals-244	2026-04-07
https://www.pordata.pt/en/municipalities/birth++death+and+survival+rates+of+non+financial+enterprises-905	2025-12-29
https://www.pordata.pt/en/municipalities/born++dead+and+surviving+of+non+financial+enterprises-904	2025-12-29
https://www.pordata.pt/en/municipalities/branches+of+primary+health+centres+(1993+2011)-239	2024-02-09
https://www.pordata.pt/en/municipalities/buildings+completed+for+family+housing+total+and+by+type+of+building+work-102	2026-07-17
https://www.pordata.pt/en/municipalities/buildings+completed+total+and+by+type+of+building+work-100	2026-07-17
https://www.pordata.pt/en/municipalities/burnt+area+(percentage)-947	2026-04-16
https://www.pordata.pt/en/municipalities/burnt+area-42	2026-04-16
https://www.pordata.pt/en/municipalities/capacity+of+primary+health+centres+(1993+2012)-240	2024-02-09
https://www.pordata.pt/en/municipalities/capital+transfers+in+agriculture-958	2026-01-06
https://www.pordata.pt/en/municipalities/captured+fish+total+and+by+some+type+of+fish-985	2026-05-28
https://www.pordata.pt/en/municipalities/child+benefit+from+social+security+beneficiaries+and+descendants+or+equal+status-522	2026-06-01
https://www.pordata.pt/en/municipalities/childbirths+in+hospitals-256	2026-06-08
https://www.pordata.pt/en/municipalities/cinema+audience+per+thousand+inhabitants-423	2026-06-26
https://www.pordata.pt/en/municipalities/cinema+audiences-16	2026-05-07
https://www.pordata.pt/en/municipalities/cinema+average+audience+per+screening-424	2026-05-07
https://www.pordata.pt/en/municipalities/cinema+box+office+revenue-32	2026-05-07
https://www.pordata.pt/en/municipalities/cinema+capacity-30	2026-05-07
https://www.pordata.pt/en/municipalities/cinema+facilities-6	2026-05-07
https://www.pordata.pt/en/municipalities/cinema+screen-11	2026-05-07
https://www.pordata.pt/en/municipalities/cinema+screenings-13	2026-05-07
https://www.pordata.pt/en/municipalities/cities-51	2026-05-14
https://www.pordata.pt/en/municipalities/coastal+and+transition+estuary+bathing+water+quality+(percentage)-9	2025-10-23
https://www.pordata.pt/en/municipalities/compensation+of+employees-810	2026-01-20
https://www.pordata.pt/en/municipalities/completed+dwellings+in+new+constructions+for+family+housing+total+and+by+dwelling+typology-94	2026-07-17
https://www.pordata.pt/en/municipalities/computers+in+primary++lower+secondary+and+upper+secondary+education+total+and+by+level+of+education-179	2025-10-24
https://www.pordata.pt/en/municipalities/computers+in+private+primary++lower+secondary+and+upper+secondary+education+total+and+by+level+of+education-177	2025-10-24
https://www.pordata.pt/en/municipalities/computers+in+public+primary++lower+secondary+and+upper+secondary+education+total+and+by+level+of+education-178	2025-10-24
https://www.pordata.pt/en/municipalities/computers+with+internet+connection+as+a+percentage+of+total+computers+in+primary++lower+secondary+and+upper+secondary+education+total+and+by+level+of+education-389	2025-11-09
https://www.pordata.pt/en/municipalities/computers+with+internet+connection+as+a+percentage+of+total+computers+in+primary++lower+secondary+and+upper+secondary+private+education+total+and+by+level+of+education-409	2025-11-09
https://www.pordata.pt/en/municipalities/computers+with+internet+connection+as+a+percentage+of+total+computers+in+primary++lower+secondary+and+upper+secondary+public+education+total+and+by+level+of+education-408	2025-11-09
https://www.pordata.pt/en/municipalities/computers+with+internet+connection+in+primary++lower+secondary+and+upper+secondary+education+total+and+by+level+of+education-176	2025-10-24
https://www.pordata.pt/en/municipalities/computers+with+internet+connection+in+private+primary++lower+secondary+and+upper+secondary+education+total+and+by+level+of+education-167	2025-10-24
https://www.pordata.pt/en/municipalities/computers+with+internet+connection+in+public+primary++lower+secondary+and+upper+secondary+education+total+and+by+level+of+education-180	2025-10-24
https://www.pordata.pt/en/municipalities/concentration+of+personnel+employed+of+the+four+non+financial+enterprises+(percentage)-991	2025-12-24
https://www.pordata.pt/en/municipalities/concentration+of+turnover+and+of+gross+value+added+of+the+four+non+financial+enterprises+(percentage)-924	2025-12-24
https://www.pordata.pt/en/municipalities/contribution+of+natural+and+migratory+growth+to+annual+population+variation+(percentage)-463	2026-06-26
https://www.pordata.pt/en/municipalities/conventional+dwellings-92	2026-01-14
https://www.pordata.pt/en/municipalities/conventional+family+housing+buildings-88	2026-01-14
https://www.pordata.pt/en/municipalities/corporations+constituted+by+public+deed+total+and+by+main+sector+of+economic+activity-356	2026-02-12
https://www.pordata.pt/en/municipalities/credit+granted+by+banking++savings+banks+and+mutual+agricultural+lending+banks+total++to+customers+and+non+customers-383	2026-01-05
https://www.pordata.pt/en/municipalities/credit+granted+to+customers+by+banking++savings+banks+and+mutual+agricultural+lending+banks+total+and+by+type+of+credit-385	2025-12-19
https://www.pordata.pt/en/municipalities/crimes+registered+by+police+per+thousand+inhabitants-995	2026-06-25
https://www.pordata.pt/en/municipalities/crimes+registered+by+police+total+and+by+some+categories+of+crime-600	2026-04-14
https://www.pordata.pt/en/municipalities/crimes+registered+by+police+total+and+by+type+of+crime-599	2026-04-02
https://www.pordata.pt/en/municipalities/crude+birth+rate-366	2026-06-24
https://www.pordata.pt/en/municipalities/crude+death+rate-367	2026-06-24
https://www.pordata.pt/en/municipalities/crude+divorce+rate-361	2026-06-24
https://www.pordata.pt/en/municipalities/crude+marriage+rate-360	2026-06-24
https://www.pordata.pt/en/municipalities/cultural+facilities+capacity+-56	2026-07-01
https://www.pordata.pt/en/municipalities/cultural+facilities+number-55	2026-07-01
https://www.pordata.pt/en/municipalities/customer+deposits+in+banking++savings+banks+and+mutual+agricultural+lending+banks+total+and+by+type+of+customer-377	2025-12-19
https://www.pordata.pt/en/municipalities/daily+surgeries+in+hospitals-1004	2025-12-18
https://www.pordata.pt/en/municipalities/deaths+by+100+road+traffic+accidents+with+victims-497	2025-11-10
https://www.pordata.pt/en/municipalities/deaths+by+certain+causes+(percentage)-373	2026-07-02
https://www.pordata.pt/en/municipalities/deaths+of+residents+in+portugal+by+certain+cause-117	2026-07-02
https://www.pordata.pt/en/municipalities/deaths+of+residents+in+portugal+total+and+by+age+group-112	2026-05-04
https://www.pordata.pt/en/municipalities/deaths+of+residents+in+portugal+total+and+by+sex-111	2026-04-30
https://www.pordata.pt/en/municipalities/deaths+of+residents+in+portugal+total+and+in+first+year+of+life-109	2026-04-30
https://www.pordata.pt/en/municipalities/difference+between+the+national+minimum+salary+and+average+basic+monthly+remuneration+of+employees-477	2026-06-26
https://www.pordata.pt/en/municipalities/disability+allowance+of+social+security-524	2026-06-02
https://www.pordata.pt/en/municipalities/dissolved+corporations+by+public+deed+total+and+by+main+sector+of+economic+activity-364	2026-02-12
https://www.pordata.pt/en/municipalities/dissolved+marriages+by+death-91	2026-05-05
https://www.pordata.pt/en/municipalities/divorces+between+people+of+the+opposite+sex+total+and+by+type+of+marriage+ceremony-96	2025-10-02
https://www.pordata.pt/en/municipalities/divorces-97	2025-09-30
https://www.pordata.pt/en/municipalities/doctors+non+specialists+and+specialist+by+some+specialist+areas-441	2026-07-30
https://www.pordata.pt/en/municipalities/dwellings+connected+to+public+water+supply+systems+(percentage)-4	2024-10-28
https://www.pordata.pt/en/municipalities/dwellings+connected+to+sewerage+systems+(percentage)-5	2024-10-28
https://www.pordata.pt/en/municipalities/early+leavers+from+education+and+training+rate+total+and+by+sex-801	2026-02-09
https://www.pordata.pt/en/municipalities/electricity+consumers+total+and+by+type+of+consumption-18	2025-12-03
https://www.pordata.pt/en/municipalities/electricity+consumption+by+consumer+total+and+by+type+of+consumption-436	2025-12-03
https://www.pordata.pt/en/municipalities/electricity+consumption+per+inhabitant+total+and+by+type+of+consumption-435	2026-06-24
https://www.pordata.pt/en/municipalities/electricity+consumption+total+and+by+sector+of+economic+activity-28	2025-12-03
https://www.pordata.pt/en/municipalities/electricity+consumption+total+and+by+type+of+consumption-25	2025-12-03
https://www.pordata.pt/en/municipalities/emergencies+in+hospitals-246	2025-12-18
https://www.pordata.pt/en/municipalities/emergencies+in+primary+health+centres+(1999+2012)-242	2024-02-09
https://www.pordata.pt/en/municipalities/employees+in+local+government+per+thousand+inhabitants-852	2026-06-25
https://www.pordata.pt/en/municipalities/employees+in+local+government+total+and+by+sex-849	2026-01-20
https://www.pordata.pt/en/municipalities/employees+total+and+by+highest+level+of+education+completed-819	2026-02-10
https://www.pordata.pt/en/municipalities/employees+with+remuneration+declaration+made+to+social+security-518	2026-06-08
https://www.pordata.pt/en/municipalities/employers+with+remuneration+declaration+made+to+social+security-521	2026-06-08
https://www.pordata.pt/en/municipalities/employment+rate+total+and+by+sex+(percentage)-861	2026-03-13
https://www.pordata.pt/en/municipalities/employment+total+and+by+age+group-815	2026-02-10
https://www.pordata.pt/en/municipalities/employment+total+and+by+highest+level+of+education+completed-820	2026-02-12
https://www.pordata.pt/en/municipalities/employment+total+and+by+large+sectors+of+economic+activity-816	2026-02-12
https://www.pordata.pt/en/municipalities/employment+total+and+by+sex-812	2026-02-09
https://www.pordata.pt/en/municipalities/employment+total+and+by+situation+in+main+occupation-817	2026-02-12
https://www.pordata.pt/en/municipalities/employment+total+and+full+and+part+time-814	2026-02-10
https://www.pordata.pt/en/municipalities/enrolled+female+students+in+pre+school++primary++lower+secondary+and+upper+secondary+education+total+and+by+level+of+education-169	2026-07-14
https://www.pordata.pt/en/municipalities/enrolled+male+students+in+pre+school++primary++lower+secondary+and+upper+secondary+education+total+and+by+level+of+education-168	2026-07-14
https://www.pordata.pt/en/municipalities/enrolled+students+in+pre+school++primary++lower+secondary+and+upper+secondary+education+as+a+percentage+of+resident+population+total+and+by+level+of+education-386	2026-07-09
https://www.pordata.pt/en/municipalities/enrolled+students+in+pre+school++primary++lower+secondary+and+upper+secondary+education+total+and+by+level+of+education-166	2026-07-09
https://www.pordata.pt/en/municipalities/enrolled+students+in+private+pre+school++primary++lower+secondary+and+upper+secondary+education+total+and+by+level+of+education-203	2026-07-14
https://www.pordata.pt/en/municipalities/enrolled+students+in+public+pre+school++primary++lower+secondary+and+upper+secondary+education+total+and+by+level+of+education-202	2026-07-14
https://www.pordata.pt/en/municipalities/environmental+non+governmental+organizations+(engo)+number-38	2025-10-03
https://www.pordata.pt/en/municipalities/expenditure+in+research+and+development+activities+(r+d)+as+a+percentage+of+gdp+by+sector+of+performance-946	2026-01-20
https://www.pordata.pt/en/municipalities/expenditure+in+research+and+development+activities+(r+d)+total+and+by+sector+of+performance-876	2026-01-06
https://www.pordata.pt/en/municipalities/external+appointments+in+hospitals+total+and+by+some+medical+specialities-248	2025-12-18
https://www.pordata.pt/en/municipalities/fire+brigade+-40	2025-12-15
https://www.pordata.pt/en/municipalities/fire+brigade+expenditure-799	2026-02-16
https://www.pordata.pt/en/municipalities/firemen-39	2025-12-15
https://www.pordata.pt/en/municipalities/fishing+vessels+total++with+and+without+motor-981	2026-05-28
https://www.pordata.pt/en/municipalities/foreign+population+with+legal+resident+status+total+and+by+certain+nationalities-101	2024-09-20
https://www.pordata.pt/en/municipalities/foreign+population+with+legal+resident+status+total+and+by+sex-99	2024-09-20
https://www.pordata.pt/en/municipalities/forest+area+by+specie-1007	2024-02-09
https://www.pordata.pt/en/municipalities/forest+area+in+the+total+area+of+the+territory+(percentage)-1011	2026-02-23
https://www.pordata.pt/en/municipalities/fuel+sales+for+consumption-34	2026-08-05
https://www.pordata.pt/en/municipalities/gdp+per+capita-896	2026-01-29
https://www.pordata.pt/en/municipalities/graduates+in+higher+education+total+and+by+area+of+education+and+training-343	2026-07-15
https://www.pordata.pt/en/municipalities/graduates+in+higher+education+total+and+by+level+of+training-342	2026-07-15
https://www.pordata.pt/en/municipalities/graduates+in+higher+education+total+and+by+sex-339	2026-07-15
https://www.pordata.pt/en/municipalities/graduates+in+higher+education+total+and+by+sub+system+of+education-341	2026-07-15
https://www.pordata.pt/en/municipalities/graduates+in+higher+education+total+and+by+type+of+education-340	2026-07-15
https://www.pordata.pt/en/municipalities/gross+domestic+product+(gdp)-894	2026-01-20
https://www.pordata.pt/en/municipalities/gross+fixed+capital+formation+of+agriculture+total+and+by+type+of+products-957	2026-01-06
https://www.pordata.pt/en/municipalities/gross+value+added+of+agriculture+in+percentage+of+gdp-1009	2026-01-20
https://www.pordata.pt/en/municipalities/gross+value+added+of+agriculture-954	2026-01-05
https://www.pordata.pt/en/municipalities/gross+value+added+of+non+financial+enterprises+total+and+by+sector+of+economic+activity-588	2025-12-29
https://www.pordata.pt/en/municipalities/guests+in+tourist+accommodations+per+100+inhabitants-757	2026-07-14
https://www.pordata.pt/en/municipalities/guests+in+tourist+accommodations+total+and+by+type+of+establishment-750	2026-07-09
https://www.pordata.pt/en/municipalities/healthcare+personnel+doctors++dentists++nurses+and+pharmacists-442	2026-07-29
https://www.pordata.pt/en/municipalities/hospitalisation+days+in+primary+health+centres+(1993+2012)-250	2024-02-09
https://www.pordata.pt/en/municipalities/hospitals+bed+occupancy+rate-1003	2026-04-07
https://www.pordata.pt/en/municipalities/hospitals+total+and+by+nature+of+institution-247	2025-12-18
https://www.pordata.pt/en/municipalities/inactive+population+aged+16+and+over+total+and+by+sex-821	2026-02-09
https://www.pordata.pt/en/municipalities/inactive+population+aged+16+and+over+total+and+by+work+situation-839	2026-02-10
https://www.pordata.pt/en/municipalities/inactive+population+total+and+by+age+group-823	2026-02-12
https://www.pordata.pt/en/municipalities/inactivity+rate+total+and+by+sex+(percentage)-856	2026-03-13
https://www.pordata.pt/en/municipalities/individuals+income-844	2026-05-08
https://www.pordata.pt/en/municipalities/individuals+of+16+or+over+that+use+computers+and+internet+as+a+percentage+of+total+of+individuals+by+sex-798	2025-11-28
https://www.pordata.pt/en/municipalities/individuals+with+domestic+service+contribution+paid+to+social+security-641	2026-06-08
https://www.pordata.pt/en/municipalities/infant+mortality+rate-371	2026-05-04
https://www.pordata.pt/en/municipalities/inflation+rate+(growth+rate+++consumer+price+index)+total+and+individual+consumption+by+purpose-846	2026-02-16
https://www.pordata.pt/en/municipalities/inhabitants+per+doctor+and+pharmacist-495	2026-07-29
https://www.pordata.pt/en/municipalities/inhabitants+per+firemen-888	2026-06-25
https://www.pordata.pt/en/municipalities/inhabitants+per+personnel+employed+in+primary+health+centres+(1999+2012)-725	2026-06-25
https://www.pordata.pt/en/municipalities/inhabitants+per+pharmacy+and+mobile+medicine+depot-491	2026-06-26
https://www.pordata.pt/en/municipalities/inhabitants+per+primary+health+centre+and+branch-487	2026-06-25
https://www.pordata.pt/en/municipalities/injuries+and+deaths+in+road+traffic+accidents-232	2025-10-28
https://www.pordata.pt/en/municipalities/institutions+in+higher+education+total+and+by+sub+system+of+education-335	2026-01-12
https://www.pordata.pt/en/municipalities/institutions+in+higher+education+total+and+by+type+of+education-336	2026-02-20
https://www.pordata.pt/en/municipalities/job+offers+(yearly+average)+available+at+the+public+employment+office+total+and+by+large+sectors+of+economic+activity+(2001+2014)-234	2024-02-09
https://www.pordata.pt/en/municipalities/job+offers+(yearly+average)+available+at+the+public+employment+office+total+and+by+large+sectors+of+economic+activity-811	2026-03-10
https://www.pordata.pt/en/municipalities/labour+force+total+and+by+age+group-807	2026-02-09
https://www.pordata.pt/en/municipalities/labour+force+total+and+by+highest+level+of+education+completed-808	2026-02-10
https://www.pordata.pt/en/municipalities/labour+force+total+and+by+sex-806	2026-02-09
https://www.pordata.pt/en/municipalities/licensed+buildings+for+family+housing+total+and+by+type+of+building+work-107	2026-07-17
https://www.pordata.pt/en/municipalities/licensed+buildings+total+and+by+type+of+building+work-106	2026-07-17
https://www.pordata.pt/en/municipalities/life+expectancy+at+65+years+old+total+and+by+sex-872	2026-06-26
https://www.pordata.pt/en/municipalities/life+expectancy+at+birth+total+and+by+sex-873	2026-06-26
https://www.pordata.pt/en/municipalities/lifelong+monthly+allowance+of+social+security+(2001+2017)-523	2024-02-09
https://www.pordata.pt/en/municipalities/live+births+of+mothers+resident+in+portugal+outside+marriage+by+cohabitation+of+parents-108	2026-05-05
https://www.pordata.pt/en/municipalities/live+births+of+mothers+resident+in+portugal+total+and+by+mother%27s+highest+level+of+educational+qualifications+obtained-719	2026-05-05
https://www.pordata.pt/en/municipalities/live+births+of+mothers+resident+in+portugal+total+and+by+mother%27s+nationality-718	2026-05-05
https://www.pordata.pt/en/municipalities/live+births+of+mothers+resident+in+portugal+total+and+by+mother%c2%b4s+age+group-104	2026-04-30
https://www.pordata.pt/en/municipalities/live+births+of+mothers+resident+in+portugal+total+and+by+sex-103	2026-04-30
https://www.pordata.pt/en/municipalities/live+births+of+mothers+resident+in+portugal+total+and+outside+marriage-105	2026-04-30
https://www.pordata.pt/en/municipalities/live+births+outside+of+marriage++with+parents+co+habiting+or+not+(percentage)-370	2026-05-05
https://www.pordata.pt/en/municipalities/live+show+sold+tickets-52	2025-09-29
https://www.pordata.pt/en/municipalities/live+shows+audience+per+thousand+inhabitants-426	2026-06-26
https://www.pordata.pt/en/municipalities/live+shows+audiences-45	2025-09-29
https://www.pordata.pt/en/municipalities/live+shows+average+audience+per+performance-427	2025-11-09
https://www.pordata.pt/en/municipalities/live+shows+box+office+revenue-37	2025-09-29
https://www.pordata.pt/en/municipalities/live+shows+performances-43	2025-09-29
https://www.pordata.pt/en/municipalities/lodging+capacity+in+tourist+accommodations+total+and+by+type+of+accommodations-747	2026-07-09
https://www.pordata.pt/en/municipalities/longevity+index-457	2026-06-25
https://www.pordata.pt/en/municipalities/main+crops+area-970	2026-08-03
https://www.pordata.pt/en/municipalities/main+crops+prodution-972	2026-08-03
https://www.pordata.pt/en/municipalities/main+crops+yield-973	2026-08-03
https://www.pordata.pt/en/municipalities/marriages+between+people+of+the+opposite+sex+total+and+by+type+of+ceremony-93	2026-04-30
https://www.pordata.pt/en/municipalities/marriages+total+and+by+spouses+nationality-95	2026-04-30
https://www.pordata.pt/en/municipalities/marriages-634	2026-04-30
https://www.pordata.pt/en/municipalities/maximum+height-50	2026-02-23
https://www.pordata.pt/en/municipalities/mean+age+of+the+mother+at+birth+of+a+child-842	2026-06-22
https://www.pordata.pt/en/municipalities/mean+age+of+the+mother+at+birth+of+first+child-843	2026-06-22
https://www.pordata.pt/en/municipalities/median+value+of+bank+evaluation+per+m2+total+and+by+type+of+construction-1000	2026-04-13
https://www.pordata.pt/en/municipalities/medical+appointments+in+primary+health+centres+total+and+by+some+medical+specialities+(1999+2012)-249	2024-02-09
https://www.pordata.pt/en/municipalities/minimum+height-49	2026-02-23
https://www.pordata.pt/en/municipalities/municipal+property+tax-1002	2026-05-06
https://www.pordata.pt/en/municipalities/municipalities+environmental+expenditure+as+a+percentage+of+total+expenditure-794	2026-08-05
https://www.pordata.pt/en/municipalities/municipalities+environmental+expenditure+total+and+by+environmental+management+and+protection+domains-12	2026-08-05
https://www.pordata.pt/en/municipalities/municipalities+expenditure+on+environment+per+capita+by+environmental+management+and+protection+domains-434	2026-08-05
https://www.pordata.pt/en/municipalities/museums+number-742	2025-09-22
https://www.pordata.pt/en/municipalities/museums+total+visitors++school+and+foreign+visitors-744	2025-10-31
https://www.pordata.pt/en/municipalities/natural+gas+consumption+per+inhabitant-485	2026-06-25
https://www.pordata.pt/en/municipalities/natural+gas+consumption-31	2025-12-03
https://www.pordata.pt/en/municipalities/neonatal+deaths+of+mothers+residents+in+portugal-116	2026-05-05
https://www.pordata.pt/en/municipalities/net+entrepreneurial+income+from+agriculture-959	2026-01-06
https://www.pordata.pt/en/municipalities/newspapers+and+other+periodicals+editions-66	2025-10-10
https://www.pordata.pt/en/municipalities/newspapers+and+other+periodicals+titles+published-64	2025-10-10
https://www.pordata.pt/en/municipalities/nhs+admissions+in+hospitals-270	2025-12-18
https://www.pordata.pt/en/municipalities/nhs+beds+in+general+and+specialist+hospitals-268	2026-04-07
https://www.pordata.pt/en/municipalities/nhs+childbirths+in+hospitals-278	2026-06-08
https://www.pordata.pt/en/municipalities/nhs+emergencies+in+hospitals-271	2025-12-16
https://www.pordata.pt/en/municipalities/nhs+external+appointments+in+hospitals+by+some+medical+specialities-272	2025-12-16
https://www.pordata.pt/en/municipalities/nhs+general+and+specialist+hospitals-267	2025-12-16
https://www.pordata.pt/en/municipalities/nhs+hospitalisation+days+in+hospitals-274	2025-12-18
https://www.pordata.pt/en/municipalities/nhs+inhabitants+per+personnel+employed+in+hospitals-605	2026-06-25
https://www.pordata.pt/en/municipalities/nhs+personnel+employed+in+hospitals+by+type+of+personnel+employed-446	2026-01-09
https://www.pordata.pt/en/municipalities/nhs+surgery+rooms+in+hospitals-275	2025-12-16
https://www.pordata.pt/en/municipalities/nights+spent+in+tourist+accommodations+per+100+inhabitants-761	2026-07-10
https://www.pordata.pt/en/municipalities/nights+spent+in+tourist+accommodations+total+and+by+type+of+establishment-748	2026-07-09
https://www.pordata.pt/en/municipalities/non+catholic+marriages+between+people+of+the+opposite+sex+(percentage)-354	2026-04-30
https://www.pordata.pt/en/municipalities/non+financial+corporations+total+and+by+sector+of+economic+activity-399	2025-12-23
https://www.pordata.pt/en/municipalities/non+financial+enterprises%27+birth+rate+total+and+by+sector+of+economic+activity-906	2025-12-29
https://www.pordata.pt/en/municipalities/non+financial+enterprises%27+births+total+and+by+sector+of+economic+activity-899	2025-12-29
https://www.pordata.pt/en/municipalities/non+financial+enterprises%27+death+rate+total+and+by+sector+of+economic+activity-907	2025-12-29
https://www.pordata.pt/en/municipalities/non+financial+enterprises%27+deaths+total+and+by+sector+of+economic+activity-901	2025-12-29
https://www.pordata.pt/en/municipalities/non+financial+enterprises%27+survival+at+1+year+total+and+by+sector+of+economic+activity-903	2025-12-29
https://www.pordata.pt/en/municipalities/non+financial+enterprises%27+survival+rate+at+1+year+total+and+by+sector+of+economic+activity-938	2026-01-13
https://www.pordata.pt/en/municipalities/non+financial+enterprises+density-920	2026-02-23
https://www.pordata.pt/en/municipalities/non+financial+enterprises+per+100+inhabitants-934	2026-06-25
https://www.pordata.pt/en/municipalities/non+financial+enterprises+total+and+by+band+of+personnel+employed-915	2025-12-24
https://www.pordata.pt/en/municipalities/non+financial+enterprises+total+and+by+legal+form-911	2025-12-24
https://www.pordata.pt/en/municipalities/non+financial+enterprises+total+and+by+sector+of+economic+activity-346	2025-12-23
https://www.pordata.pt/en/municipalities/non+financial+enterprises+total+and+by+size-916	2025-12-24
https://www.pordata.pt/en/municipalities/non+financial+enterprises+with+fewer+than+10+personnel+employed+as+a+percentage+of+total+non+financial+enterprises-919	2025-12-26
https://www.pordata.pt/en/municipalities/non+financial+individual+business+total+and+by+sector+of+economic+activity-990	2025-12-24
https://www.pordata.pt/en/municipalities/notary%27s+office+main+notary+deeds+entered+into+by+public+deed+by+type+of+deed-535	2026-05-04
https://www.pordata.pt/en/municipalities/number+of+corporations+constituted+by+number+of+corporations+dissolved+total+and+by+main+sector+of+economic+activity-511	2026-02-12
https://www.pordata.pt/en/municipalities/number+of+people+of+active+age+per+aged+person-462	2026-06-25
https://www.pordata.pt/en/municipalities/oil+press+units-977	2026-07-09
https://www.pordata.pt/en/municipalities/old+age+dependency+ratio-461	2026-06-25
https://www.pordata.pt/en/municipalities/olive+oil+production-978	2026-07-09
https://www.pordata.pt/en/municipalities/olive+production-974	2026-07-09
https://www.pordata.pt/en/municipalities/parishes-54	2026-08-03
https://www.pordata.pt/en/municipalities/pedestrian+accidents+total+and+deaths-233	2025-10-28
https://www.pordata.pt/en/municipalities/pensions+total++social+security+and+public+administration+retirement+fund-549	2026-07-10
https://www.pordata.pt/en/municipalities/perinatal+deaths+of+mothers+residents+in+portugal-114	2026-05-05
https://www.pordata.pt/en/municipalities/personnel+employed+in+hospitals+total+and+by+type+of+personnel+employed-444	2026-01-09
https://www.pordata.pt/en/municipalities/personnel+employed+in+non+financial+enterprises+total+and+by+sector+of+economic+activity-353	2025-12-24
https://www.pordata.pt/en/municipalities/personnel+employed+in+primary+health+centres+total+and+by+type+of+personnel+employed+(1999+2012)-443	2024-02-09
https://www.pordata.pt/en/municipalities/pharmacies+and+mobile+medicine+depots-252	2026-06-26
https://www.pordata.pt/en/municipalities/population+density-452	2026-08-06
https://www.pordata.pt/en/municipalities/primary+health+centres+emergencies+per+thousand+inhabitants+(1999+2012)-490	2026-06-25
https://www.pordata.pt/en/municipalities/primary+health+centres+medical+appointments+per+inhabitant+(1999+2012)-489	2026-06-25
https://www.pordata.pt/en/municipalities/primary+health+centres+total+and+by+type+of+service+(1993+2012)-236	2024-02-09
https://www.pordata.pt/en/municipalities/private+households+total+and+by+household+type-825	2026-03-02
https://www.pordata.pt/en/municipalities/private+households+with+a+computer++with+internet+access+and+with+broadband+internet+access+(percentage)-797	2026-01-28
https://www.pordata.pt/en/municipalities/proportion+of+buying+power-119	2025-12-31
https://www.pordata.pt/en/municipalities/proportion+of+foreign+guests+in+tourist+accommodations-762	2026-07-14
https://www.pordata.pt/en/municipalities/proportion+of+nights+spent+at+tourist+accommodations+between+july+september-763	2026-07-14
https://www.pordata.pt/en/municipalities/protected+areas+and+natura+2000+network+(percentage)-1015	2026-08-07
https://www.pordata.pt/en/municipalities/protected+areas+and+natura+2000+network-1014	2026-01-23
https://www.pordata.pt/en/municipalities/public+administration+retirement+fund+retirees+and+pensioners-493	2026-05-07
https://www.pordata.pt/en/municipalities/public+administration+retirement+fund+subscribers-492	2026-05-07
https://www.pordata.pt/en/municipalities/public+schools+as+a+percentage+of+total+schools+in+pre+school++primary++lower+secondary+and+upper+secondary+education+by+level+of+education-384	2026-07-15
https://www.pordata.pt/en/municipalities/purchases+and+value+of+purchases+made+with+automatic+payment+terminals-933	2026-06-22
https://www.pordata.pt/en/municipalities/purchasing+power+per+capita-118	2025-12-31
https://www.pordata.pt/en/municipalities/registered+fishermen-980	2024-05-23
https://www.pordata.pt/en/municipalities/registered+voters+in+the+elections+for+the+european+parliament+total++voters+and+abstention-625	2024-07-04
https://www.pordata.pt/en/municipalities/registered+voters+in+the+elections+for+the+legislative+assembly+of+the+autonomous+region+of+madeira+total++voters+and+abstention-633	2025-11-26
https://www.pordata.pt/en/municipalities/registered+voters+in+the+elections+for+the+legislative+assembly+of+the+autonomous+region+of+the+azores+total++voters+and+abstention-645	2024-02-12
https://www.pordata.pt/en/municipalities/registered+voters+in+the+elections+for+the+local+authorities+total++voters+and+abstention-631	2025-12-18
https://www.pordata.pt/en/municipalities/registered+voters+in+the+elections+for+the+parliament+total++voters+and+abstention-622	2025-11-25
https://www.pordata.pt/en/municipalities/registered+voters+in+the+elections+for+the+presidency+of+the+republic+total++voters+and+abstention-619	2026-02-24
https://www.pordata.pt/en/municipalities/registred+individuals+total+and+by+age+group-654	2026-03-16
https://www.pordata.pt/en/municipalities/registred+individuals+total+and+by+citizenship-617	2026-03-06
https://www.pordata.pt/en/municipalities/registred+individuals+total+and+by+sex-653	2026-03-16
https://www.pordata.pt/en/municipalities/researchers+(fte)+involved+in+research+and+development+activities+(r+d)+total+and+by+sector+of+performance-874	2026-01-06
https://www.pordata.pt/en/municipalities/resident+female+population+aged+between+16+and+89+total+and+by+highest+level+of+educational+qualifications+obtained-804	2026-02-12
https://www.pordata.pt/en/municipalities/resident+female+population+total+and+by+age+group-453	2026-06-24
https://www.pordata.pt/en/municipalities/resident+female+population+total+and+by+major+age+groups-466	2026-06-25
https://www.pordata.pt/en/municipalities/resident+male+population+aged+between+16+and+89+total+and+by+highest+level+of+educational+qualifications+obtained-803	2026-02-12
https://www.pordata.pt/en/municipalities/resident+male+population+total+and+by+age+group-464	2026-06-24
https://www.pordata.pt/en/municipalities/resident+male+population+total+and+by+major+age+groups-465	2026-06-25
https://www.pordata.pt/en/municipalities/resident+population++estimates+at+december+31st+total+and+by+sex-136	2026-06-22
https://www.pordata.pt/en/municipalities/resident+population+aged+between+16+and+89+total+and+by+highest+level+of+educational+qualifications+obtained-802	2026-02-10
https://www.pordata.pt/en/municipalities/resident+population+aged+between+16+and+89+without+upper+secondary+education+(percentage)-886	2026-02-10
https://www.pordata.pt/en/municipalities/resident+population+total+and+by+age+group-358	2026-06-25
https://www.pordata.pt/en/municipalities/resident+population+total+and+by+major+age+groups+(percentage)-726	2026-06-25
https://www.pordata.pt/en/municipalities/resident+population+total+and+by+major+age+groups-390	2026-06-25
https://www.pordata.pt/en/municipalities/resident+population+total+and+by+sex-357	2026-06-22
https://www.pordata.pt/en/municipalities/resident+population+total-359	2026-06-22
https://www.pordata.pt/en/municipalities/resident+population+who+went+on+tourism+total+and+by+age+group-890	2026-07-10
https://www.pordata.pt/en/municipalities/resident+population+who+went+on+tourism+total+and+by+level+of+schooling+(percentage)-892	2026-07-10
https://www.pordata.pt/en/municipalities/resident+population+who+went+on+tourism+total+and+by+sex-889	2026-07-10
https://www.pordata.pt/en/municipalities/resident+population+who+went+on+tourism+total+and+by+work+situation+(percentage)-891	2026-07-10
https://www.pordata.pt/en/municipalities/results+in+the+elections+for+the++city+hall+elected+individuals+by+political+party++coalition+or+citizens+group-650	2024-02-09
https://www.pordata.pt/en/municipalities/results+in+the+elections+for+the+legislative+assembly+of+the+autonomous+region+of+the+azores+elected+individuals+by+political+party+or+coalition-649	2024-02-14
https://www.pordata.pt/en/municipalities/retention+and+desistance+rate+in+primary+and+lower+secondary+education+total+and+by+school+years-996	2026-07-10
https://www.pordata.pt/en/municipalities/retention+and+desistance+rate+in+upper+secondary+education+total+and+by+school+years-997	2026-07-10
https://www.pordata.pt/en/municipalities/revenue+from+fish+auction+sales+total+and+by+some+type+of+fish-988	2026-05-28
https://www.pordata.pt/en/municipalities/road+traffic+accidents+with+victims+per+thousand+inhabitants-498	2026-06-25
https://www.pordata.pt/en/municipalities/road+traffic+accidents+with+victims-230	2025-10-28
https://www.pordata.pt/en/municipalities/rural+fires-41	2026-04-15
https://www.pordata.pt/en/municipalities/schools+in+pre+school++primary++lower+secondary+and+upper+secondary+education+by+level+of+education-213	2026-07-09
https://www.pordata.pt/en/municipalities/schools+in+pre+school++primary++lower+secondary+and+upper+secondary+private+education+by+level+of+education-215	2026-07-15
https://www.pordata.pt/en/municipalities/schools+in+pre+school++primary++lower+secondary+and+upper+secondary+public+education+by+level+of+education-214	2026-07-15
https://www.pordata.pt/en/municipalities/self+employed+persons++with+or+without+workers+total+and+by+highest+level+of+education+completed-837	2026-03-02
https://www.pordata.pt/en/municipalities/sex+ratio-449	2026-06-24
https://www.pordata.pt/en/municipalities/single+parent+private+households+total+and+by+sex-826	2026-03-02
https://www.pordata.pt/en/municipalities/single+person+private+households+total+and+with+a+person+aged+65+and+over-827	2026-03-02
https://www.pordata.pt/en/municipalities/small+towns-53	2026-05-14
https://www.pordata.pt/en/municipalities/social+security+active+beneficiaries+in+total+of+resident+population+aged+15+and+over+(percentage)-541	2026-06-25
https://www.pordata.pt/en/municipalities/social+security+and+public+administration+retirement+fund+pensions+in+total+of+resident+population+aged+15+and+over+(percentage)-547	2026-07-10
https://www.pordata.pt/en/municipalities/social+security+beneficiaries+of+guaranteed+minimum+income+and+social+integration+benefit+in+total+of+resident+population+aged+15+and+over+(percentage)-715	2026-06-25
https://www.pordata.pt/en/municipalities/social+security+beneficiaries+of+guaranteed+minimum+income+and+social+integration+benefit+total+and+by+age+group-515	2026-06-09
https://www.pordata.pt/en/municipalities/social+security+beneficiaries+of+guaranteed+minimum+income+and+social+integration+benefit+total+and+by+sex+-513	2026-06-09
https://www.pordata.pt/en/municipalities/social+security+beneficiaries+of+sickness+benefit+total+and+by+sex-517	2026-06-02
https://www.pordata.pt/en/municipalities/social+security+beneficiaries+of+supplementary+unemployment+benefit+total+and+by+sex-516	2026-06-02
https://www.pordata.pt/en/municipalities/social+security+beneficiaries+of+unemployment+benefit+in+total+of+active+beneficiaries+(percentage)-544	2026-06-01
https://www.pordata.pt/en/municipalities/social+security+beneficiaries+of+unemployment+benefit+total+and+by+sex-512	2026-06-01
https://www.pordata.pt/en/municipalities/social+security+pensions+by+beneficiary-887	2026-07-10
https://www.pordata.pt/en/municipalities/social+security+pensions+total++survivors++disability++old+age-506	2026-07-09
https://www.pordata.pt/en/municipalities/social+security+unemployment+benefits+in+total+of+resident+population+aged+15+and+over+(percentage)-716	2026-06-25
https://www.pordata.pt/en/municipalities/students+enrolled+in+higher+education+total+and+by+area+of+education+and+training-313	2026-01-12
https://www.pordata.pt/en/municipalities/students+enrolled+in+higher+education+total+and+by+level+of+training-310	2026-01-12
https://www.pordata.pt/en/municipalities/students+enrolled+in+higher+education+total+and+by+sex-305	2026-01-09
https://www.pordata.pt/en/municipalities/students+enrolled+in+higher+education+total+and+by+sub+system+of+education-301	2026-01-09
https://www.pordata.pt/en/municipalities/students+enrolled+in+higher+education+total+and+by+type+of+education-302	2026-01-09
https://www.pordata.pt/en/municipalities/students+enrolled+in+polytechnic+higher+education+total+and+by+sex-317	2026-01-12
https://www.pordata.pt/en/municipalities/students+enrolled+in+primary++lower+secondary+education+total+and+by+modality+of+education-172	2026-07-16
https://www.pordata.pt/en/municipalities/students+enrolled+in+primary+and+lower+secondary+education++total+and+by+sub+system+of+education-344	2026-07-09
https://www.pordata.pt/en/municipalities/students+enrolled+in+private+higher+education+total+and+by+type+of+education-304	2026-01-12
https://www.pordata.pt/en/municipalities/students+enrolled+in+private+primary+and+lower+secondary+education+total+and+by+modality+of+education-174	2026-07-16
https://www.pordata.pt/en/municipalities/students+enrolled+in+private+upper+secondary+education+total+and+by+modality+of+education-201	2026-07-15
https://www.pordata.pt/en/municipalities/students+enrolled+in+public+higher+education+total+and+by+type+of+education-303	2026-01-12
https://www.pordata.pt/en/municipalities/students+enrolled+in+public+primary++lower+secondary+education+total+and+by+modality+of+education-173	2026-07-16
https://www.pordata.pt/en/municipalities/students+enrolled+in+public+upper+secondary+education+total+and+by+modality+of+education-200	2026-07-15
https://www.pordata.pt/en/municipalities/students+enrolled+in+university+higher+education+total+and+by+sex-316	2026-01-12
https://www.pordata.pt/en/municipalities/students+enrolled+in+upper+secondary+education+total+and+by+modality+of+education-175	2026-07-10
https://www.pordata.pt/en/municipalities/students+enrolled+in+upper+secondary+education+total+and+by+sub+system+of+education-345	2026-07-09
https://www.pordata.pt/en/municipalities/summary+table/abrantes-828209	
https://www.pordata.pt/en/municipalities/summary+table/agueda-828112	
https://www.pordata.pt/en/municipalities/summary+table/aguiar+da+beira-828155	
https://www.pordata.pt/en/municipalities/summary+table/alandroal-828292	
https://www.pordata.pt/en/municipalities/summary+table/albergaria+a+velha-828113	
https://www.pordata.pt/en/municipalities/summary+table/albufeira-828308	
https://www.pordata.pt/en/municipalities/summary+table/alcacer+do+sal-828256	
https://www.pordata.pt/en/municipalities/summary+table/alcanena-828210	
https://www.pordata.pt/en/municipalities/summary+table/alcobaca-828196	
https://www.pordata.pt/en/municipalities/summary+table/alcochete-828245	
https://www.pordata.pt/en/municipalities/summary+table/alcoutim-828309	
https://www.pordata.pt/en/municipalities/summary+table/alenquer-828197	
https://www.pordata.pt/en/municipalities/summary+table/alfandega+da+fe-828101	
https://www.pordata.pt/en/municipalities/summary+table/alijo-828081	
https://www.pordata.pt/en/municipalities/summary+table/aljezur-828310	
https://www.pordata.pt/en/municipalities/summary+table/aljustrel-828262	
https://www.pordata.pt/en/municipalities/summary+table/almada-828246	
https://www.pordata.pt/en/municipalities/summary+table/almeida-828179	
https://www.pordata.pt/en/municipalities/summary+table/almeirim-828221	
https://www.pordata.pt/en/municipalities/summary+table/almodovar-828263	
https://www.pordata.pt/en/municipalities/summary+table/alpiarca-828222	
https://www.pordata.pt/en/municipalities/summary+table/alter+do+chao-828276	
https://www.pordata.pt/en/municipalities/summary+table/alvaiazere-828144	
https://www.pordata.pt/en/municipalities/summary+table/alvito-828264	
https://www.pordata.pt/en/municipalities/summary+table/amadora-828234	
https://www.pordata.pt/en/municipalities/summary+table/amarante-828426	
https://www.pordata.pt/en/municipalities/summary+table/amares-828385	
https://www.pordata.pt/en/municipalities/summary+table/anadia-828114	
https://www.pordata.pt/en/municipalities/summary+table/angra+do+heroismo-828336	
https://www.pordata.pt/en/municipalities/summary+table/ansiao-828145	
https://www.pordata.pt/en/municipalities/summary+table/arcos+de+valdevez-828374	
https://www.pordata.pt/en/municipalities/summary+table/arganil-828124	
https://www.pordata.pt/en/municipalities/summary+table/armamar-828082	
https://www.pordata.pt/en/municipalities/summary+table/arouca-828401	
https://www.pordata.pt/en/municipalities/summary+table/arraiolos-828293	
https://www.pordata.pt/en/municipalities/summary+table/arronches-828277	
https://www.pordata.pt/en/municipalities/summary+table/arruda+dos+vinhos-828198	
https://www.pordata.pt/en/municipalities/summary+table/aveiro-828115	
https://www.pordata.pt/en/municipalities/summary+table/avis-828278	
https://www.pordata.pt/en/municipalities/summary+table/azambuja-828223	
https://www.pordata.pt/en/municipalities/summary+table/baiao-828427	
https://www.pordata.pt/en/municipalities/summary+table/barcelos-828386	
https://www.pordata.pt/en/municipalities/summary+table/barrancos-828265	
https://www.pordata.pt/en/municipalities/summary+table/barreiro-828247	
https://www.pordata.pt/en/municipalities/summary+table/batalha-828146	
https://www.pordata.pt/en/municipalities/summary+table/beja-828266	
https://www.pordata.pt/en/municipalities/summary+table/belmonte-828180	
https://www.pordata.pt/en/municipalities/summary+table/benavente-828224	
https://www.pordata.pt/en/municipalities/summary+table/bombarral-828199	
https://www.pordata.pt/en/municipalities/summary+table/borba-828294	
https://www.pordata.pt/en/municipalities/summary+table/boticas-828419	
https://www.pordata.pt/en/municipalities/summary+table/braga-828387	
https://www.pordata.pt/en/municipalities/summary+table/braganca-828102	
https://www.pordata.pt/en/municipalities/summary+table/cabeceiras+de+basto-828392	
https://www.pordata.pt/en/municipalities/summary+table/cadaval-828200	
https://www.pordata.pt/en/municipalities/summary+table/caldas+da+rainha-828201	
https://www.pordata.pt/en/municipalities/summary+table/calheta+%5br.a.a.%5d-828341	
https://www.pordata.pt/en/municipalities/summary+table/calheta+%5br.a.m.%5d-828357	
https://www.pordata.pt/en/municipalities/summary+table/camara+de+lobos-828358	
https://www.pordata.pt/en/municipalities/summary+table/caminha-828375	
https://www.pordata.pt/en/municipalities/summary+table/campo+maior-828279	
https://www.pordata.pt/en/municipalities/summary+table/cantanhede-828125	
https://www.pordata.pt/en/municipalities/summary+table/carrazeda+de+ansiaes-828083	
https://www.pordata.pt/en/municipalities/summary+table/carregal+do+sal-828156	
https://www.pordata.pt/en/municipalities/summary+table/cartaxo-828225	
https://www.pordata.pt/en/municipalities/summary+table/cascais-828235	
https://www.pordata.pt/en/municipalities/summary+table/castanheira+de+pera-828147	
https://www.pordata.pt/en/municipalities/summary+table/castelo+branco-828170	
https://www.pordata.pt/en/municipalities/summary+table/castelo+de+paiva-828071	
https://www.pordata.pt/en/municipalities/summary+table/castelo+de+vide-828280	
https://www.pordata.pt/en/municipalities/summary+table/castro+daire-828157	
https://www.pordata.pt/en/municipalities/summary+table/castro+marim-828311	
https://www.pordata.pt/en/municipalities/summary+table/castro+verde-828267	
https://www.pordata.pt/en/municipalities/summary+table/celorico+da+beira-828181	
https://www.pordata.pt/en/municipalities/summary+table/celorico+de+basto-828072	
https://www.pordata.pt/en/municipalities/summary+table/chamusca-828226	
https://www.pordata.pt/en/municipalities/summary+table/chaves-828420	
https://www.pordata.pt/en/municipalities/summary+table/cinfaes-828073	
https://www.pordata.pt/en/municipalities/summary+table/coimbra-828126	
https://www.pordata.pt/en/municipalities/summary+table/condeixa+a+nova-828127	
https://www.pordata.pt/en/municipalities/summary+table/constancia-828211	
https://www.pordata.pt/en/municipalities/summary+table/coruche-828227	
https://www.pordata.pt/en/municipalities/summary+table/corvo-828353	
https://www.pordata.pt/en/municipalities/summary+table/covilha-828182	
https://www.pordata.pt/en/municipalities/summary+table/crato-828281	
https://www.pordata.pt/en/municipalities/summary+table/cuba-828268	
https://www.pordata.pt/en/municipalities/summary+table/elvas-828282	
https://www.pordata.pt/en/municipalities/summary+table/entroncamento-828212	
https://www.pordata.pt/en/municipalities/summary+table/espinho-828402	
https://www.pordata.pt/en/municipalities/summary+table/esposende-828388	
https://www.pordata.pt/en/municipalities/summary+table/estarreja-828116	
https://www.pordata.pt/en/municipalities/summary+table/estremoz-828295	
https://www.pordata.pt/en/municipalities/summary+table/evora-828296	
https://www.pordata.pt/en/municipalities/summary+table/fafe-828393	
https://www.pordata.pt/en/municipalities/summary+table/faro-828312	
https://www.pordata.pt/en/municipalities/summary+table/felgueiras-828074	
https://www.pordata.pt/en/municipalities/summary+table/ferreira+do+alentejo-828269	
https://www.pordata.pt/en/municipalities/summary+table/ferreira+do+zezere-828213	
https://www.pordata.pt/en/municipalities/summary+table/figueira+da+foz-828128	
https://www.pordata.pt/en/municipalities/summary+table/figueira+de+castelo+rodrigo-828183	
https://www.pordata.pt/en/municipalities/summary+table/figueiro+dos+vinhos-828148	
https://www.pordata.pt/en/municipalities/summary+table/fornos+de+algodres-828184	
https://www.pordata.pt/en/municipalities/summary+table/freixo+de+espada+a+cinta-828084	
https://www.pordata.pt/en/municipalities/summary+table/fronteira-828283	
https://www.pordata.pt/en/municipalities/summary+table/funchal-828359	
https://www.pordata.pt/en/municipalities/summary+table/fundao-828185	
https://www.pordata.pt/en/municipalities/summary+table/gaviao-828284	
https://www.pordata.pt/en/municipalities/summary+table/gois-828129	
https://www.pordata.pt/en/municipalities/summary+table/golega-828228	
https://www.pordata.pt/en/municipalities/summary+table/gondomar-828403	
https://www.pordata.pt/en/municipalities/summary+table/gouveia-828186	
https://www.pordata.pt/en/municipalities/summary+table/grandola-828257	
https://www.pordata.pt/en/municipalities/summary+table/guarda-828187	
https://www.pordata.pt/en/municipalities/summary+table/guimaraes-828394	
https://www.pordata.pt/en/municipalities/summary+table/horta-828348	
https://www.pordata.pt/en/municipalities/summary+table/idanha+a+nova-828171	
https://www.pordata.pt/en/municipalities/summary+table/ilhavo-828117	
https://www.pordata.pt/en/municipalities/summary+table/lagoa+%5br.a.a.%5d-828329	
https://www.pordata.pt/en/municipalities/summary+table/lagoa-828313	
https://www.pordata.pt/en/municipalities/summary+table/lagos-828314	
https://www.pordata.pt/en/municipalities/summary+table/lajes+das+flores-828350	
https://www.pordata.pt/en/municipalities/summary+table/lajes+do+pico-828344	
https://www.pordata.pt/en/municipalities/summary+table/lamego-828085	
https://www.pordata.pt/en/municipalities/summary+table/leiria-828149	
https://www.pordata.pt/en/municipalities/summary+table/lisboa-828236	
https://www.pordata.pt/en/municipalities/summary+table/loule-828315	
https://www.pordata.pt/en/municipalities/summary+table/loures-828237	
https://www.pordata.pt/en/municipalities/summary+table/lourinha-828202	
https://www.pordata.pt/en/municipalities/summary+table/lousa-828130	
https://www.pordata.pt/en/municipalities/summary+table/lousada-828075	
https://www.pordata.pt/en/municipalities/summary+table/macao-828214	
https://www.pordata.pt/en/municipalities/summary+table/macedo+de+cavaleiros-828103	
https://www.pordata.pt/en/municipalities/summary+table/machico-828360	
https://www.pordata.pt/en/municipalities/summary+table/madalena-828345	
https://www.pordata.pt/en/municipalities/summary+table/mafra-828238	
https://www.pordata.pt/en/municipalities/summary+table/maia-828404	
https://www.pordata.pt/en/municipalities/summary+table/mangualde-828158	
https://www.pordata.pt/en/municipalities/summary+table/manteigas-828188	
https://www.pordata.pt/en/municipalities/summary+table/marco+de+canaveses-828076	
https://www.pordata.pt/en/municipalities/summary+table/marinha+grande-828150	
https://www.pordata.pt/en/municipalities/summary+table/marvao-828285	
https://www.pordata.pt/en/municipalities/summary+table/matosinhos-828405	
https://www.pordata.pt/en/municipalities/summary+table/mealhada-828131	
https://www.pordata.pt/en/municipalities/summary+table/meda-828189	
https://www.pordata.pt/en/municipalities/summary+table/melgaco-828376	
https://www.pordata.pt/en/municipalities/summary+table/mertola-828270	
https://www.pordata.pt/en/municipalities/summary+table/mesao+frio-828086	
https://www.pordata.pt/en/municipalities/summary+table/mira-828132	
https://www.pordata.pt/en/municipalities/summary+table/miranda+do+corvo-828133	
https://www.pordata.pt/en/municipalities/summary+table/miranda+do+douro-828104	
https://www.pordata.pt/en/municipalities/summary+table/mirandela-828105	
https://www.pordata.pt/en/municipalities/summary+table/mogadouro-828106	
https://www.pordata.pt/en/municipalities/summary+table/moimenta+da+beira-828087	
https://www.pordata.pt/en/municipalities/summary+table/moita-828248	
https://www.pordata.pt/en/municipalities/summary+table/moncao-828377	
https://www.pordata.pt/en/municipalities/summary+table/monchique-828316	
https://www.pordata.pt/en/municipalities/summary+table/mondim+de+basto-828395	
https://www.pordata.pt/en/municipalities/summary+table/monforte-828286	
https://www.pordata.pt/en/municipalities/summary+table/montalegre-828421	
https://www.pordata.pt/en/municipalities/summary+table/montemor+o+novo-828297	
https://www.pordata.pt/en/municipalities/summary+table/montemor+o+velho-828134	
https://www.pordata.pt/en/municipalities/summary+table/montijo-828249	
https://www.pordata.pt/en/municipalities/summary+table/mora-828298	
https://www.pordata.pt/en/municipalities/summary+table/mortagua-828135	
https://www.pordata.pt/en/municipalities/summary+table/moura-828271	
https://www.pordata.pt/en/municipalities/summary+table/mourao-828299	
https://www.pordata.pt/en/municipalities/summary+table/murca-828088	
https://www.pordata.pt/en/municipalities/summary+table/murtosa-828118	
https://www.pordata.pt/en/municipalities/summary+table/nazare-828203	
https://www.pordata.pt/en/municipalities/summary+table/nelas-828159	
https://www.pordata.pt/en/municipalities/summary+table/nisa-828287	
https://www.pordata.pt/en/municipalities/summary+table/nordeste-828330	
https://www.pordata.pt/en/municipalities/summary+table/obidos-828204	
https://www.pordata.pt/en/municipalities/summary+table/odemira-828258	
https://www.pordata.pt/en/municipalities/summary+table/odivelas-828239	
https://www.pordata.pt/en/municipalities/summary+table/oeiras-828240	
https://www.pordata.pt/en/municipalities/summary+table/oleiros-828172	
https://www.pordata.pt/en/municipalities/summary+table/olhao-828317	
https://www.pordata.pt/en/municipalities/summary+table/oliveira+de+azemeis-828406	
https://www.pordata.pt/en/municipalities/summary+table/oliveira+de+frades-828160	
https://www.pordata.pt/en/municipalities/summary+table/oliveira+do+bairro-828119	
https://www.pordata.pt/en/municipalities/summary+table/oliveira+do+hospital-828136	
https://www.pordata.pt/en/municipalities/summary+table/ourem-828215	
https://www.pordata.pt/en/municipalities/summary+table/ourique-828272	
https://www.pordata.pt/en/municipalities/summary+table/ovar-828120	
https://www.pordata.pt/en/municipalities/summary+table/pacos+de+ferreira-828077	
https://www.pordata.pt/en/municipalities/summary+table/palmela-828250	
https://www.pordata.pt/en/municipalities/summary+table/pampilhosa+da+serra-828137	
https://www.pordata.pt/en/municipalities/summary+table/paredes+de+coura-828378	
https://www.pordata.pt/en/municipalities/summary+table/paredes-828407	
https://www.pordata.pt/en/municipalities/summary+table/pedrogao+grande-828151	
https://www.pordata.pt/en/municipalities/summary+table/penacova-828138	
https://www.pordata.pt/en/municipalities/summary+table/penafiel-828078	
https://www.pordata.pt/en/municipalities/summary+table/penalva+do+castelo-828161	
https://www.pordata.pt/en/municipalities/summary+table/penamacor-828173	
https://www.pordata.pt/en/municipalities/summary+table/penedono-828089	
https://www.pordata.pt/en/municipalities/summary+table/penela-828139	
https://www.pordata.pt/en/municipalities/summary+table/peniche-828205	
https://www.pordata.pt/en/municipalities/summary+table/peso+da+regua-828090	
https://www.pordata.pt/en/municipalities/summary+table/pinhel-828190	
https://www.pordata.pt/en/municipalities/summary+table/pombal-828152	
https://www.pordata.pt/en/municipalities/summary+table/ponta+delgada-828331	
https://www.pordata.pt/en/municipalities/summary+table/ponta+do+sol-828361	
https://www.pordata.pt/en/municipalities/summary+table/ponte+da+barca-828379	
https://www.pordata.pt/en/municipalities/summary+table/ponte+de+lima-828380	
https://www.pordata.pt/en/municipalities/summary+table/ponte+de+sor-828288	
https://www.pordata.pt/en/municipalities/summary+table/portalegre-828289	
https://www.pordata.pt/en/municipalities/summary+table/portel-828300	
https://www.pordata.pt/en/municipalities/summary+table/portimao-828318	
https://www.pordata.pt/en/municipalities/summary+table/porto+de+mos-828153	
https://www.pordata.pt/en/municipalities/summary+table/porto+moniz-828362	
https://www.pordata.pt/en/municipalities/summary+table/porto+santo-828368	
https://www.pordata.pt/en/municipalities/summary+table/porto-828408	
https://www.pordata.pt/en/municipalities/summary+table/povoa+de+lanhoso-828396	
https://www.pordata.pt/en/municipalities/summary+table/povoa+de+varzim-828409	
https://www.pordata.pt/en/municipalities/summary+table/povoacao-828332	
https://www.pordata.pt/en/municipalities/summary+table/proenca+a+nova-828174	
https://www.pordata.pt/en/municipalities/summary+table/redondo-828301	
https://www.pordata.pt/en/municipalities/summary+table/reguengos+de+monsaraz-828302	
https://www.pordata.pt/en/municipalities/summary+table/resende-828079	
https://www.pordata.pt/en/municipalities/summary+table/ribeira+brava-828363	
https://www.pordata.pt/en/municipalities/summary+table/ribeira+de+pena-828422	
https://www.pordata.pt/en/municipalities/summary+table/ribeira+grande-828333	
https://www.pordata.pt/en/municipalities/summary+table/rio+maior-828229	
https://www.pordata.pt/en/municipalities/summary+table/sabrosa-828091	
https://www.pordata.pt/en/municipalities/summary+table/sabugal-828191	
https://www.pordata.pt/en/municipalities/summary+table/salvaterra+de+magos-828230	
https://www.pordata.pt/en/municipalities/summary+table/santa+comba+dao-828162	
https://www.pordata.pt/en/municipalities/summary+table/santa+cruz+da+graciosa-828339	
https://www.pordata.pt/en/municipalities/summary+table/santa+cruz+das+flores-828351	
https://www.pordata.pt/en/municipalities/summary+table/santa+cruz-828364	
https://www.pordata.pt/en/municipalities/summary+table/santa+maria+da+feira-828410	
https://www.pordata.pt/en/municipalities/summary+table/santa+marta+de+penaguiao-828092	
https://www.pordata.pt/en/municipalities/summary+table/santana-828365	
https://www.pordata.pt/en/municipalities/summary+table/santarem-828231	
https://www.pordata.pt/en/municipalities/summary+table/santiago+do+cacem-828259	
https://www.pordata.pt/en/municipalities/summary+table/santo+tirso-828411	
https://www.pordata.pt/en/municipalities/summary+table/sao+bras+de+alportel-828319	
https://www.pordata.pt/en/municipalities/summary+table/sao+joao+da+madeira-828412	
https://www.pordata.pt/en/municipalities/summary+table/sao+joao+da+pesqueira-828093	
https://www.pordata.pt/en/municipalities/summary+table/sao+pedro+do+sul-828163	
https://www.pordata.pt/en/municipalities/summary+table/sao+roque+do+pico-828346	
https://www.pordata.pt/en/municipalities/summary+table/sao+vicente-828366	
https://www.pordata.pt/en/municipalities/summary+table/sardoal-828216	
https://www.pordata.pt/en/municipalities/summary+table/satao-828164	
https://www.pordata.pt/en/municipalities/summary+table/seia-828192	
https://www.pordata.pt/en/municipalities/summary+table/seixal-828251	
https://www.pordata.pt/en/municipalities/summary+table/sernancelhe-828094	
https://www.pordata.pt/en/municipalities/summary+table/serpa-828273	
https://www.pordata.pt/en/municipalities/summary+table/serta-828175	
https://www.pordata.pt/en/municipalities/summary+table/sesimbra-828252	
https://www.pordata.pt/en/municipalities/summary+table/setubal-828253	
https://www.pordata.pt/en/municipalities/summary+table/sever+do+vouga-828121	
https://www.pordata.pt/en/municipalities/summary+table/silves-828320	
https://www.pordata.pt/en/municipalities/summary+table/sines-828260	
https://www.pordata.pt/en/municipalities/summary+table/sintra-828241	
https://www.pordata.pt/en/municipalities/summary+table/sobral+de+monte+agraco-828206	
https://www.pordata.pt/en/municipalities/summary+table/soure-828140	
https://www.pordata.pt/en/municipalities/summary+table/sousel-828290	
https://www.pordata.pt/en/municipalities/summary+table/tabua-828141	
https://www.pordata.pt/en/municipalities/summary+table/tabuaco-828095	
https://www.pordata.pt/en/municipalities/summary+table/tarouca-828096	
https://www.pordata.pt/en/municipalities/summary+table/tavira-828321	
https://www.pordata.pt/en/municipalities/summary+table/terras+de+bouro-828389	
https://www.pordata.pt/en/municipalities/summary+table/tomar-828217	
https://www.pordata.pt/en/municipalities/summary+table/tondela-828165	
https://www.pordata.pt/en/municipalities/summary+table/torre+de+moncorvo-828097	
https://www.pordata.pt/en/municipalities/summary+table/torres+novas-828218	
https://www.pordata.pt/en/municipalities/summary+table/torres+vedras-828207	
https://www.pordata.pt/en/municipalities/summary+table/trancoso-828193	
https://www.pordata.pt/en/municipalities/summary+table/trofa-828413	
https://www.pordata.pt/en/municipalities/summary+table/vagos-828122	
https://www.pordata.pt/en/municipalities/summary+table/vale+de+cambra-828414	
https://www.pordata.pt/en/municipalities/summary+table/valenca-828381	
https://www.pordata.pt/en/municipalities/summary+table/valongo-828415	
https://www.pordata.pt/en/municipalities/summary+table/valpacos-828423	
https://www.pordata.pt/en/municipalities/summary+table/velas-828342	
https://www.pordata.pt/en/municipalities/summary+table/vendas+novas-828303	
https://www.pordata.pt/en/municipalities/summary+table/viana+do+alentejo-828304	
https://www.pordata.pt/en/municipalities/summary+table/viana+do+castelo-828382	
https://www.pordata.pt/en/municipalities/summary+table/vidigueira-828274	
https://www.pordata.pt/en/municipalities/summary+table/vieira+do+minho-828397	
https://www.pordata.pt/en/municipalities/summary+table/vila+da+praia+da+vitoria-828337	
https://www.pordata.pt/en/municipalities/summary+table/vila+de+rei-828176	
https://www.pordata.pt/en/municipalities/summary+table/vila+do+bispo-828322	
https://www.pordata.pt/en/municipalities/summary+table/vila+do+conde-828416	
https://www.pordata.pt/en/municipalities/summary+table/vila+do+porto-828327	
https://www.pordata.pt/en/municipalities/summary+table/vila+flor-828107	
https://www.pordata.pt/en/municipalities/summary+table/vila+franca+de+xira-828242	
https://www.pordata.pt/en/municipalities/summary+table/vila+franca+do+campo-828334	
https://www.pordata.pt/en/municipalities/summary+table/vila+nova+da+barquinha-828219	
https://www.pordata.pt/en/municipalities/summary+table/vila+nova+de+cerveira-828383	
https://www.pordata.pt/en/municipalities/summary+table/vila+nova+de+famalicao-828398	
https://www.pordata.pt/en/municipalities/summary+table/vila+nova+de+foz+coa-828098	
https://www.pordata.pt/en/municipalities/summary+table/vila+nova+de+gaia-828417	
https://www.pordata.pt/en/municipalities/summary+table/vila+nova+de+paiva-828166	
https://www.pordata.pt/en/municipalities/summary+table/vila+nova+de+poiares-828142	
https://www.pordata.pt/en/municipalities/summary+table/vila+pouca+de+aguiar-828424	
https://www.pordata.pt/en/municipalities/summary+table/vila+real+de+santo+antonio-828323	
https://www.pordata.pt/en/municipalities/summary+table/vila+real-828099	
https://www.pordata.pt/en/municipalities/summary+table/vila+velha+de+rodao-828177	
https://www.pordata.pt/en/municipalities/summary+table/vila+verde-828390	
https://www.pordata.pt/en/municipalities/summary+table/vila+vicosa-828305	
https://www.pordata.pt/en/municipalities/summary+table/vimioso-828108	
https://www.pordata.pt/en/municipalities/summary+table/vinhais-828109	
https://www.pordata.pt/en/municipalities/summary+table/viseu-828167	
https://www.pordata.pt/en/municipalities/summary+table/vizela-828399	
https://www.pordata.pt/en/municipalities/summary+table/vouzela-828168	
https://www.pordata.pt/en/municipalities/surface+area+of+the+main+fruit+and+olive+trees-976	2026-08-03
https://www.pordata.pt/en/municipalities/surgery+rooms+in+hospitals-253	2025-12-18
https://www.pordata.pt/en/municipalities/teaching+staff+in+higher+education+total+and+by+age+group-326	2025-10-13
https://www.pordata.pt/en/municipalities/teaching+staff+in+higher+education+total+and+by+sub+system+of+education-320	2025-10-13
https://www.pordata.pt/en/municipalities/teaching+staff+in+higher+education+total+and+by+type+of+education-324	2025-10-13
https://www.pordata.pt/en/municipalities/teaching+staff+in+pre+school++primary++lower+secondary+and+upper+secondary+education+total+and+by+level+of+education-208	2026-07-09
https://www.pordata.pt/en/municipalities/teaching+staff+in+pre+school++primary++lower+secondary+and+upper+secondary+private+education+total+and+by+level+of+education-210	2026-07-15
https://www.pordata.pt/en/municipalities/teaching+staff+in+pre+school++primary++lower+secondary+and+upper+secondary+public+education+total+and+by+level+of+education-209	2026-07-15
https://www.pordata.pt/en/municipalities/tertiary+care+allowance+of+social+security-525	2026-06-02
https://www.pordata.pt/en/municipalities/total+dependency+rate-459	2026-06-25
https://www.pordata.pt/en/municipalities/total+incomes+of+tourist+accommodations+total+and+by+type+of+establishment-769	2026-07-09
https://www.pordata.pt/en/municipalities/total+personnel+(fte)+involved+in+research+and+development+activities+(r+d)+total+and+by+sector+of+performance-875	2026-01-06
https://www.pordata.pt/en/municipalities/total+personnel+and+researchers+involved+in+research+and+development+activities+(r+d)+full+time+equivalent+per+1+000+active+persons-877	2026-02-09
https://www.pordata.pt/en/municipalities/tourist+accommodations+total+and+by+type+of+accommodations-746	2026-07-09
https://www.pordata.pt/en/municipalities/town+council+expenditure+on+culture+and+sports+as+a+percentage+of+total+expenditure-796	2026-01-05
https://www.pordata.pt/en/municipalities/town+council+expenditure+on+culture+and+sports+total++current+and+capital-795	2026-01-05
https://www.pordata.pt/en/municipalities/town+council+expenditure+on+culture+and+sports+total+and+by+cultural+area+(1995+2012)-35	2024-02-09
https://www.pordata.pt/en/municipalities/town+council+expenditure+on+culture+and+sports+total+and+by+cultural+area+(2013+)-767	2026-01-05
https://www.pordata.pt/en/municipalities/turnover+of+non+financial+enterprises+total+and+by+sector+of+economic+activity-589	2025-12-29
https://www.pordata.pt/en/municipalities/unemployed+persons+seeking+a+new+job+total+and+by+sex-833	2026-02-27
https://www.pordata.pt/en/municipalities/unemployment+rate+total+and+by+sex+(percentage)-858	2026-03-13
https://www.pordata.pt/en/municipalities/unemployment+registered+at+the+public+employment+office+(yearly+average)+total+and+by+age+group-221	2026-03-09
https://www.pordata.pt/en/municipalities/unemployment+registered+at+the+public+employment+office+(yearly+average)+total+and+by+highest+level+of+education+completed-222	2026-03-09
https://www.pordata.pt/en/municipalities/unemployment+registered+at+the+public+employment+office+(yearly+average)+total+and+by+length+of+registration-228	2026-03-10
https://www.pordata.pt/en/municipalities/unemployment+registered+at+the+public+employment+office+(yearly+average)+total+and+by+sex-227	2026-03-10
https://www.pordata.pt/en/municipalities/unemployment+registered+at+the+public+employment+office+(yearly+average)+total+and+by+unemployment+type-229	2026-03-10
https://www.pordata.pt/en/municipalities/unemployment+registered+at+the+public+employment+office+in+total+of+resident+population+aged+15+to+64+(percentage)-592	2026-06-25
https://www.pordata.pt/en/municipalities/unemployment+registered+at+the+public+employment+office+seeking+a+new+job+(yearly+average)+total+and+by+large+sectors+of+economic+activity-231	2026-03-10
https://www.pordata.pt/en/municipalities/unemployment+registered+at+the+public+employment+office-220	2026-03-09
https://www.pordata.pt/en/municipalities/unemployment+total+and+by+age+group-834	2026-03-02
https://www.pordata.pt/en/municipalities/unemployment+total+and+by+duration+of+job+seeking-832	2026-02-27
https://www.pordata.pt/en/municipalities/unemployment+total+and+by+highest+level+of+education+completed-835	2026-03-02
https://www.pordata.pt/en/municipalities/unemployment+total+and+by+sex-809	2026-02-09
https://www.pordata.pt/en/municipalities/unemployment+total+and+for+25+months+or+more-836	2026-03-02
https://www.pordata.pt/en/municipalities/urban+waste+collection+per+inhabitant-438	2026-06-24
https://www.pordata.pt/en/municipalities/urban+waste+management+hierarchy+index-791	2025-12-19
https://www.pordata.pt/en/municipalities/urban+waste+selective+collection+per+inhabitant-439	2026-06-24
https://www.pordata.pt/en/municipalities/urban+waste+total+and+by+type+of+collection-65	2026-01-07
https://www.pordata.pt/en/municipalities/urban+waste+total+and+by+type+of+destination-67	2025-12-19
https://www.pordata.pt/en/municipalities/valid+votes+in+the+1975+election+for+the+constituent+assembly+total+and+by+political+party+or+coalition-624	2024-03-27
https://www.pordata.pt/en/municipalities/valid+votes+in+the+1976+election+for+the+legislative+assembly+of+the+autonomous+region+of+madeira+total+and+by+political+party+or+coalition-643	2024-02-09
https://www.pordata.pt/en/municipalities/valid+votes+in+the+1976+election+for+the+legislative+assembly+of+the+autonomous+region+of+the+azores+total+and+by+political+party+or+coalition-647	2024-02-09
https://www.pordata.pt/en/municipalities/valid+votes+in+the+1976+election+for+the+parliament+total+and+by+political+party+or+coalition-668	2024-02-09
https://www.pordata.pt/en/municipalities/valid+votes+in+the+1976+election+for+the+presidency+of+the+republic+total+and+by+presidential+candidate-621	2024-02-09
https://www.pordata.pt/en/municipalities/valid+votes+in+the+1976+elections+for+the+city+hall+total+and+by+political+party+or+coalition-640	2024-02-09
https://www.pordata.pt/en/municipalities/valid+votes+in+the+1979+election+for+the+parliament+total+and+by+political+party+or+coalition-669	2024-02-09
https://www.pordata.pt/en/municipalities/valid+votes+in+the+1979+elections+for+the+city+hall+total+and+by+political+party+or+coalition-682	2024-02-09
https://www.pordata.pt/en/municipalities/valid+votes+in+the+1980+election+for+the+legislative+assembly+of+the+autonomous+region+of+madeira+total+and+by+political+party+or+coalition-691	2024-02-09
https://www.pordata.pt/en/municipalities/valid+votes+in+the+1980+election+for+the+legislative+assembly+of+the+autonomous+region+of+the+azores+total+and+by+political+party+or+coalition-701	2024-02-09
https://www.pordata.pt/en/municipalities/valid+votes+in+the+1980+election+for+the+parliament+total+and+by+political+party+or+coalition-670	2024-02-09
https://www.pordata.pt/en/municipalities/valid+votes+in+the+1980+election+for+the+presidency+of+the+republic+total+and+by+presidential+candidate-660	2024-02-09
https://www.pordata.pt/en/municipalities/valid+votes+in+the+1982+elections+for+the+city+hall+total+and+by+political+party+or+coalition-683	2024-02-09
https://www.pordata.pt/en/municipalities/valid+votes+in+the+1983+election+for+the+parliament+total+and+by+political+party+or+coalition-671	2024-02-09
https://www.pordata.pt/en/municipalities/valid+votes+in+the+1984+election+for+the+legislative+assembly+of+the+autonomous+region+of+madeira+total+and+by+political+party+or+coalition-692	2024-02-09
https://www.pordata.pt/en/municipalities/valid+votes+in+the+1984+election+for+the+legislative+assembly+of+the+autonomous+region+of+the+azores+total+and+by+political+party+or+coalition-702	2024-02-09
https://www.pordata.pt/en/municipalities/valid+votes+in+the+1985+election+for+the+parliament+total+and+by+political+party+or+coalition-672	2024-02-09
https://www.pordata.pt/en/municipalities/valid+votes+in+the+1985+elections+for+the+city+hall+total+and+by+political+party+or+coalition-684	2024-02-09
https://www.pordata.pt/en/municipalities/valid+votes+in+the+1986+election+for+the+presidency+of+the+republic+total+and+by+presidential+candidate-662	2026-02-24
https://www.pordata.pt/en/municipalities/valid+votes+in+the+1987+election+for+the+european+parliament+total+and+by+political+party+or+coalition-627	2024-02-09
https://www.pordata.pt/en/municipalities/valid+votes+in+the+1987+election+for+the+parliament+total+and+by+political+party+or+coalition-673	2024-02-09
https://www.pordata.pt/en/municipalities/valid+votes+in+the+1988+election+for+the+legislative+assembly+of+the+autonomous+region+of+madeira+total+and+by+political+party+or+coalition-694	2024-02-09
https://www.pordata.pt/en/municipalities/valid+votes+in+the+1988+election+for+the+legislative+assembly+of+the+autonomous+region+of+the+azores+total+and+by+political+party+or+coalition-703	2024-02-09
https://www.pordata.pt/en/municipalities/valid+votes+in+the+1989+election+for+the+european+parliament+total+and+by+political+party+or+coalition-710	2024-02-09
https://www.pordata.pt/en/municipalities/valid+votes+in+the+1989+elections+for+the+city+hall+total+and+by+political+party+or+coalition-685	2024-02-09
https://www.pordata.pt/en/municipalities/valid+votes+in+the+1991+election+for+the+parliament+total+and+by+political+party+or+coalition-674	2024-02-09
https://www.pordata.pt/en/municipalities/valid+votes+in+the+1991+election+for+the+presidency+of+the+republic+total+and+by+presidential+candidate-663	2024-02-09
https://www.pordata.pt/en/municipalities/valid+votes+in+the+1992+election+for+the+legislative+assembly+of+the+autonomous+region+of+madeira+total+and+by+political+party+or+coalition-695	2024-02-09
https://www.pordata.pt/en/municipalities/valid+votes+in+the+1992+election+for+the+legislative+assembly+of+the+autonomous+region+of+the+azores+total+and+by+political+party+or+coalition-704	2024-02-09
https://www.pordata.pt/en/municipalities/valid+votes+in+the+1993+elections+for+the+city+hall+total+and+by+political+party+or+coalition-686	2024-02-09
https://www.pordata.pt/en/municipalities/valid+votes+in+the+1994+election+for+the+european+parliament+total+and+by+political+party+or+coalition-711	2024-02-09
https://www.pordata.pt/en/municipalities/valid+votes+in+the+1995+election+for+the+parliament+total+and+by+political+party+or+coalition-675	2024-02-09
https://www.pordata.pt/en/municipalities/valid+votes+in+the+1996+election+for+the+legislative+assembly+of+the+autonomous+region+of+madeira+total+and+by+political+party+or+coalition-696	2024-02-09
https://www.pordata.pt/en/municipalities/valid+votes+in+the+1996+election+for+the+legislative+assembly+of+the+autonomous+region+of+the+azores+total+and+by+political+party+or+coalition-705	2024-02-09
https://www.pordata.pt/en/municipalities/valid+votes+in+the+1996+election+for+the+presidency+of+the+republic+total+and+by+presidential+candidate-664	2024-02-09
https://www.pordata.pt/en/municipalities/valid+votes+in+the+1997+elections+for+the+city+hall+total+and+by+political+party+or+coalition-687	2024-02-09
https://www.pordata.pt/en/municipalities/valid+votes+in+the+1999+election+for+the+european+parliament+total+and+by+political+party+or+coalition-712	2024-02-09
https://www.pordata.pt/en/municipalities/valid+votes+in+the+1999+election+for+the+parliament+total+and+by+political+party+or+coalition-676	2024-02-09
https://www.pordata.pt/en/municipalities/valid+votes+in+the+2000+election+for+the+legislative+assembly+of+the+autonomous+region+of+madeira+total+and+by+political+party+or+coalition-697	2024-02-09
https://www.pordata.pt/en/municipalities/valid+votes+in+the+2000+election+for+the+legislative+assembly+of+the+autonomous+region+of+the+azores+total+and+by+political+party+or+coalition-706	2024-02-09
https://www.pordata.pt/en/municipalities/valid+votes+in+the+2001+election+for+the+presidency+of+the+republic+total+and+by+presidential+candidate-665	2024-02-09
https://www.pordata.pt/en/municipalities/valid+votes+in+the+2001+elections+for+the+city+hall+total+and+by+political+party+or+coalition-688	2024-02-09
https://www.pordata.pt/en/municipalities/valid+votes+in+the+2002+election+for+the+parliament+total+and+by+political+party+or+coalition-677	2024-02-09
https://www.pordata.pt/en/municipalities/valid+votes+in+the+2004+election+for+the+european+parliament+total+and+by+political+party+or+coalition-713	2024-02-09
https://www.pordata.pt/en/municipalities/valid+votes+in+the+2004+election+for+the+legislative+assembly+of+the+autonomous+region+of+madeira+total+and+by+political+party+or+coalition-698	2024-02-09
https://www.pordata.pt/en/municipalities/valid+votes+in+the+2004+election+for+the+legislative+assembly+of+the+autonomous+region+of+the+azores+total+and+by+political+party+or+coalition-707	2024-02-09
https://www.pordata.pt/en/municipalities/valid+votes+in+the+2005+election+for+the+parliament+total+and+by+political+party+or+coalition-678	2024-02-09
https://www.pordata.pt/en/municipalities/valid+votes+in+the+2005+elections+for+the+city+hall+total+and+by+political+party++coalition+or+citizens+group-689	2024-02-09
https://www.pordata.pt/en/municipalities/valid+votes+in+the+2006+election+for+the+presidency+of+the+republic+total+and+by+presidential+candidate-666	2024-02-09
https://www.pordata.pt/en/municipalities/valid+votes+in+the+2007+election+for+the+legislative+assembly+of+the+autonomous+region+of+madeira+total+and+by+political+party+or+coalition-700	2024-02-09
https://www.pordata.pt/en/municipalities/valid+votes+in+the+2008+election+for+the+legislative+assembly+of+the+autonomous+region+of+the+azores+total+and+by+political+party+or+coalition-708	2024-02-09
https://www.pordata.pt/en/municipalities/valid+votes+in+the+2009+election+for+the+european+parliament+total+and+by+political+party+or+coalition-714	2024-02-09
https://www.pordata.pt/en/municipalities/valid+votes+in+the+2009+election+for+the+parliament+total+and+by+political+party+or+coalition-679	2024-02-09
https://www.pordata.pt/en/municipalities/valid+votes+in+the+2009+elections+for+the+city+hall+total+and+by+political+party++coalition+or+citizens+group-690	2024-02-09
https://www.pordata.pt/en/municipalities/valid+votes+in+the+2011+election+for+the+legislative+assembly+of+the+autonomous+region+of+madeira+total+and+by+political+party+or+coalition-699	2024-02-09
https://www.pordata.pt/en/municipalities/valid+votes+in+the+2011+election+for+the+parliament+total+and+by+political+party+or+coalition-680	2024-02-09
https://www.pordata.pt/en/municipalities/valid+votes+in+the+2011+election+for+the+presidency+of+the+republic+total+and+by+presidential+candidate-667	2024-02-09
https://www.pordata.pt/en/municipalities/valid+votes+in+the+2012+election+for+the+legislative+assembly+of+the+autonomous+region+of+the+azores+total+and+by+political+party+or+coalition-709	2024-02-09
https://www.pordata.pt/en/municipalities/valid+votes+in+the+2013+elections+for+the+city+hall+total+and+by+political+party++coalition+or+citizens+group-733	2024-02-09
https://www.pordata.pt/en/municipalities/valid+votes+in+the+2014+election+for+the+european+parliament+total+and+by+political+party+or+coalition-740	2024-02-09
https://www.pordata.pt/en/municipalities/valid+votes+in+the+2015+election+for+the+legislative+assembly+of+the+autonomous+region+of+madeira+total+and+by+political+party+or+coalition-773	2024-02-09
https://www.pordata.pt/en/municipalities/valid+votes+in+the+2015+election+for+the+parliament+total+and+by+political+party+or+coalition-775	2024-02-09
https://www.pordata.pt/en/municipalities/valid+votes+in+the+2016+election+for+the+legislative+assembly+of+the+autonomous+region+of+the+azores+total+and+by+political+party+or+coalition-822	2024-02-09
https://www.pordata.pt/en/municipalities/valid+votes+in+the+2016+election+for+the+presidency+of+the+republic+total+and+by+presidential+candidate-787	2024-02-09
https://www.pordata.pt/en/municipalities/valid+votes+in+the+2017+elections+for+the+city+hall+total+and+by+political+party++coalition+or+citizens+group-878	2024-02-09
https://www.pordata.pt/en/municipalities/valid+votes+in+the+2019+election+for+the+european+parliament+total+and+by+political+party+or+coalition-992	2024-02-09
https://www.pordata.pt/en/municipalities/valid+votes+in+the+2019+election+for+the+legislative+assembly+of+the+autonomous+region+of+madeira+total+and+by+political+party+or+coalition-993	2024-02-09
https://www.pordata.pt/en/municipalities/valid+votes+in+the+2019+election+for+the+parliament+total+and+by+political+party+or+coalition-994	2024-02-09
https://www.pordata.pt/en/municipalities/valid+votes+in+the+2020+election+for+the+legislative+assembly+of+the+autonomous+region+of+the+azores+total+and+by+political+party+or+coalition-998	2024-02-09
https://www.pordata.pt/en/municipalities/valid+votes+in+the+2021+election+for+the+presidency+of+the+republic+total+and+by+presidential+candidate-999	2024-02-09
https://www.pordata.pt/en/municipalities/valid+votes+in+the+2021+elections+for+the+city+hall+total+and+by+political+party++coalition+or+citizens+group-1001	2024-02-09
https://www.pordata.pt/en/municipalities/valid+votes+in+the+2022+election+for+the+parliament+total+and+by+political+party+or+coalition-1008	2024-03-08
https://www.pordata.pt/en/municipalities/valid+votes+in+the+2023+election+for+the+legislative+assembly+of+the+autonomous+region+of+madeira+total+and+by+political+party+or+coalition-1068	2024-02-09
https://www.pordata.pt/en/municipalities/valid+votes+in+the+2024+election+for+the+european+parliament+total+and+by+political+party+or+coalition-1072	2024-07-04
https://www.pordata.pt/en/municipalities/valid+votes+in+the+2024+election+for+the+legislative+assembly+of+the+autonomous+region+of+madeira+total+and+by+political+party+or+coalition-1071	2025-12-03
https://www.pordata.pt/en/municipalities/valid+votes+in+the+2024+election+for+the+legislative+assembly+of+the+autonomous+region+of+the+azores+total+and+by+political+party+or+coalition-1069	2024-02-12
https://www.pordata.pt/en/municipalities/valid+votes+in+the+2024+election+for+the+parliament+total+and+by+political+party+or+coalition-1070	2024-03-21
https://www.pordata.pt/en/municipalities/valid+votes+in+the+2025+election+for+the+legislative+assembly+of+the+autonomous+region+of+madeira+total+and+by+political+party+or+coalition-1075	2025-12-03
https://www.pordata.pt/en/municipalities/valid+votes+in+the+2025+election+for+the+parliament+total+and+by+political+party+or+coalition-1074	2025-11-26
https://www.pordata.pt/en/municipalities/valid+votes+in+the+2026+election+for+the+presidency+of+the+republic+total+and+by+presidential+candidate-1080	2026-03-30
https://www.pordata.pt/en/municipalities/valid+votes+in+the+2026+election+for+the+presidency+of+the+republic+total+and+by+presidential+candidate-1081	2026-02-24
https://www.pordata.pt/en/municipalities/valid+votes+in+the+first+1986+election+for+the+presidency+of+the+republic+total+and+by+presidential+candidate-1082	2026-02-24
https://www.pordata.pt/en/municipalities/value+of+of+goods+imported+and+exported+by+enterprises-393	2026-02-12
https://www.pordata.pt/en/municipalities/value+of+the+agricultural+production+total+and+by+type-956	2026-01-06
https://www.pordata.pt/en/municipalities/value+of+the+crop+output+total+and+by+goods-955	2026-01-05
https://www.pordata.pt/en/municipalities/votes+in+the+elections+for+the++city+hall+total++valid++blank+and+null-632	2025-12-18
https://www.pordata.pt/en/municipalities/votes+in+the+elections+for+the+european+parliament+total++valid++blank+and+null-626	2024-07-04
https://www.pordata.pt/en/municipalities/votes+in+the+elections+for+the+legislative+assembly+of+the+autonomous+region+of+madeira+total++valid++blank+and+null-635	2025-11-27
https://www.pordata.pt/en/municipalities/votes+in+the+elections+for+the+legislative+assembly+of+the+autonomous+region+of+the+azores+total++valid++blank+and+null-646	2024-02-12
https://www.pordata.pt/en/municipalities/votes+in+the+elections+for+the+parliament+total++valid++blank+and+null-623	2025-11-26
https://www.pordata.pt/en/municipalities/votes+in+the+elections+for+the+presidency+of+the+republic+total++valid++blank+and+null-620	2026-02-24
https://www.pordata.pt/en/municipalities/water+abstraction+total+and+by+water+source-1	2024-10-28
https://www.pordata.pt/en/municipalities/water+quality+for+human+consumption-8	2025-11-05
https://www.pordata.pt/en/municipalities/water+supplied+consumed+per+inhabitant-484	2026-06-25
https://www.pordata.pt/en/municipalities/water+supplied+consumed-3	2026-03-02
https://www.pordata.pt/en/municipalities/wine+production+by+colour-975	2026-04-14
https://www.pordata.pt/en/municipalities/withdrawals++payment+of+services+and+balance+requests+from+atms+machines-928	2026-06-22
https://www.pordata.pt/en/municipalities/young+age+dependency+ratio-460	2026-06-25
https://www.pordata.pt/en/ods	
https://www.pordata.pt/en/ods/Goal/Affordable+and+clean+energy-7	
https://www.pordata.pt/en/ods/Goal/Clean+water+and+sanitation-6	
https://www.pordata.pt/en/ods/Goal/Climate+action-13	
https://www.pordata.pt/en/ods/Goal/Decent+work+and+economic+growth-8	
https://www.pordata.pt/en/ods/Goal/Gender+equality-5	
https://www.pordata.pt/en/ods/Goal/Good+health+and+well+being-3	
https://www.pordata.pt/en/ods/Goal/Industry++innovation+and+infrastructure-9	
https://www.pordata.pt/en/ods/Goal/Life+below+water-14	
https://www.pordata.pt/en/ods/Goal/Life+on+land-15	
https://www.pordata.pt/en/ods/Goal/No+Poverty-1	
https://www.pordata.pt/en/ods/Goal/Partnership+for+the+goals-17	
https://www.pordata.pt/en/ods/Goal/Peace++justice+and+strong+institutions-16	
https://www.pordata.pt/en/ods/Goal/Quality+Education-4	
https://www.pordata.pt/en/ods/Goal/Reduced+inequalities-10	
https://www.pordata.pt/en/ods/Goal/Responsible+consumption+and+production-12	
https://www.pordata.pt/en/ods/Goal/Sustainable+cities+and+communities-11	
https://www.pordata.pt/en/ods/Goal/Zero+Hunger-2	
https://www.pordata.pt/en/portraits/2009/portrait+of+portugal-9	
https://www.pordata.pt/en/portraits/2010/portrait+of+portugal-8	
https://www.pordata.pt/en/portraits/2011/portrait+of+funchal-17	
https://www.pordata.pt/en/portraits/2011/portrait+of+lisbon-1	
https://www.pordata.pt/en/portraits/2011/portrait+of+portugal+in+europe-12	
https://www.pordata.pt/en/portraits/2011/portrait+of+portugal-23	
https://www.pordata.pt/en/portraits/2014/portrait+of+acores-29	
https://www.pordata.pt/en/portraits/2014/portrait+of+portugal+in+europe-30	
https://www.pordata.pt/en/portraits/2014/portrait+of+portugal-34	
https://www.pordata.pt/en/portraits/2015/portrait+of+portugal+in+europe-37	
https://www.pordata.pt/en/portraits/2015/portrait+of+portugal-40	
https://www.pordata.pt/en/portraits/2016/portrait+of+municipalities-41	
https://www.pordata.pt/en/portraits/2016/portrait+of+portugal+in+europe-50	
https://www.pordata.pt/en/portraits/2016/portrait+of+portugal-42	
https://www.pordata.pt/en/portraits/2016/portrait+of+youth-47	
https://www.pordata.pt/en/portraits/2017/portrait+of+portugal+in+europe-58	
https://www.pordata.pt/en/portraits/2017/portrait+of+portugal-54	
https://www.pordata.pt/en/portraits/2018/portrait+of+acores-62	
https://www.pordata.pt/en/portraits/2018/portrait+of+madeira-80	
https://www.pordata.pt/en/portraits/2018/portrait+of+men+and+women-61	
https://www.pordata.pt/en/portraits/2018/portrait+of+portugal+in+europe-75	
https://www.pordata.pt/en/portraits/2018/portrait+of+portugal-74	
https://www.pordata.pt/en/portraits/2019/portrait+of+madeira-82	
https://www.pordata.pt/en/portraits/2019/portrait+of+portugal+in+europe-84	
https://www.pordata.pt/en/portraits/2019/portrait+of+portugal-83	
https://www.pordata.pt/en/portraits/2020/portrait+of+acores-86	
https://www.pordata.pt/en/portraits/2020/portrait+of+portugal+in+europe-87	
https://www.pordata.pt/en/portraits/2020/portrait+of+portugal-85	
https://www.pordata.pt/en/portraits/2023/portrait+of+acores-91	
https://www.pordata.pt/en/portugal	2026-08-21
https://www.pordata.pt/en/portugal/abortions+in+health+establishments-1511	2026-05-08
https://www.pordata.pt/en/portugal/absolute+majorities+in+the+elections+for+the+city+hall+total+and+by+political+party+or+coalition-2195	2025-12-18
https://www.pordata.pt/en/portugal/abstention+rate+in+the+elections+for+the+european+parliament+total++residents+in+portugal+and+residents+abroad-2209	2024-06-26
https://www.pordata.pt/en/portugal/abstention+rate+in+the+elections+for+the+legislative+assembly+of+the+autonomous+region+of+madeira-2255	2025-11-26
https://www.pordata.pt/en/portugal/abstention+rate+in+the+elections+for+the+legislative+assembly+of+the+autonomous+region+of+the+azores-2256	2024-02-05
https://www.pordata.pt/en/portugal/abstention+rate+in+the+elections+for+the+local+authorities-2210	2025-12-18
https://www.pordata.pt/en/portugal/abstention+rate+in+the+elections+for+the+parliament+total++residents+in+portugal+and+residents+abroad-2208	2025-11-25
https://www.pordata.pt/en/portugal/abstention+rate+in+the+elections+for+the+presidency+of+the+republic+total++residents+in+portugal+and+residents+abroad-2207	2026-02-18
https://www.pordata.pt/en/portugal/accidents+at+work+total+and+by+sector+of+economic+activity-1785	2026-07-01
https://www.pordata.pt/en/portugal/accidents+at+work+total+and+deaths+per+100+thousand+employees-616	2026-07-01
https://www.pordata.pt/en/portugal/accidents+at+work+total+and+fatal-72	2026-07-01
https://www.pordata.pt/en/portugal/acidification+potential+total++of+the+industries+and+of+the+households-1073	2025-10-16
https://www.pordata.pt/en/portugal/acidification+potential+total+and+by+some+sectors+of+economic+activity-1080	2025-10-16
https://www.pordata.pt/en/portugal/active+beneficiaries+from+social+security+receiving+benefit+by+benefit+type-117	2026-06-01
https://www.pordata.pt/en/portugal/active+beneficiaries+from+social+security-379	2026-06-01
https://www.pordata.pt/en/portugal/active+beneficiaries+per+social+security+survivors++disability+or+old+age+pension-2573	2026-07-09
https://www.pordata.pt/en/portugal/active+population+per+inactive+population-2382	2026-02-05
https://www.pordata.pt/en/portugal/active+population+per+social+security+old+age+pensioner+and+public+administration+retirement+fund+retiree-2381	2026-07-09
https://www.pordata.pt/en/portugal/activities+performed+by+environmental+non+governmental+organizations+(engo)+total+and+by+environmental+domain-1092	2025-10-03
https://www.pordata.pt/en/portugal/activity+rate+total+and+by+sex+(percentage)-547	2026-03-13
https://www.pordata.pt/en/portugal/actual+prison+occupancy+(percentage)-635	2026-05-29
https://www.pordata.pt/en/portugal/actual+schooling+rate-987	2026-07-13
https://www.pordata.pt/en/portugal/adse+beneficiaries-612	2025-12-29
https://www.pordata.pt/en/portugal/adse+expenditure+per+beneficiary-614	2025-12-29
https://www.pordata.pt/en/portugal/adse+total+expenditure-613	2025-12-29
https://www.pordata.pt/en/portugal/ageing+female+indicators-3372	2026-08-05
https://www.pordata.pt/en/portugal/ageing+index+of+teaching+staff+in+higher+education+total++by+sub+system+and+by+type+of+education-1013	2026-01-12
https://www.pordata.pt/en/portugal/ageing+index+of+teaching+staff+in+pre+school+primary++lower+secondary+and+upper+secondary+education+by+level+of+education+++mainland+portugal-944	2026-07-08
https://www.pordata.pt/en/portugal/ageing+indicators-526	2026-08-05
https://www.pordata.pt/en/portugal/ageing+male+indicators-3373	2026-08-05
https://www.pordata.pt/en/portugal/agricultural+area+total+and+by+type+of+use-3382	2025-10-09
https://www.pordata.pt/en/portugal/agricultural+area+used+in+the+total+area+of+the+country+(percentage)-3460	2026-02-23
https://www.pordata.pt/en/portugal/agricultural+holdings+and+utilized+agricultural+area+total+and+per+size-3348	2025-10-09
https://www.pordata.pt/en/portugal/agricultural+holdings+total+and+by+main+legal+form-3417	2025-10-09
https://www.pordata.pt/en/portugal/agricultural+holdings+total+and+by+type+of+tenure-3347	2025-10-09
https://www.pordata.pt/en/portugal/agricultural+labour+force+total+and+by+age+group-3435	2023-01-25
https://www.pordata.pt/en/portugal/agricultural+labour+force+total+and+by+level+of+education-3436	2023-01-25
https://www.pordata.pt/en/portugal/agricultural+labour+force+total+and+by+sex-3434	2023-01-25
https://www.pordata.pt/en/portugal/agricultural+labour+force+total+and+by+type-3437	2025-10-09
https://www.pordata.pt/en/portugal/agricultural+labour+force+total+and+full+and+part+time-3438	2025-10-09
https://www.pordata.pt/en/portugal/aids+diagnosed+cases-325	2026-01-07
https://www.pordata.pt/en/portugal/air+fleet+number+and+average+fleet+age-3192	2025-11-27
https://www.pordata.pt/en/portugal/aircraft+landed+at+major+airports+in+international+traffic+total+and+by+continents+of+origin-3200	2026-01-09
https://www.pordata.pt/en/portugal/aircraft+landed+at+major+airports+total++national+and+international-3199	2025-11-27
https://www.pordata.pt/en/portugal/airports+and+aerodromes-3194	2025-11-27
https://www.pordata.pt/en/portugal/amount+related+to+corporate+tax+declarations+with+negative+balances+total+and+by+sector+of+economic+activity-316	2026-04-14
https://www.pordata.pt/en/portugal/amount+related+to+corporate+tax+declarations+with+positive+balances+total+and+by+sector+of+economic+activity-315	2026-04-14
https://www.pordata.pt/en/portugal/amounts+of+deposits+by+enterprises+total+and+by+type-2849	2026-02-16
https://www.pordata.pt/en/portugal/amounts+of+deposits+by+individuals+total+and+by+type-2848	2026-02-16
https://www.pordata.pt/en/portugal/amounts+of+withdrawals+and+payment+of+services+in+atms-2947	2026-06-22
https://www.pordata.pt/en/portugal/analogue+telephone+stations+total++public+and+main+lines-1179	2026-06-09
https://www.pordata.pt/en/portugal/annual+average+resident+female+population+total+and+by+age+group-11	2026-08-05
https://www.pordata.pt/en/portugal/annual+average+resident+male+population+total+and+by+age+group-12	2026-08-05
https://www.pordata.pt/en/portugal/annual+average+resident+population+total+and+by+age+group-10	2026-08-05
https://www.pordata.pt/en/portugal/annual+average+resident+population+total+and+by+sex-6	2026-08-05
https://www.pordata.pt/en/portugal/annual+population+growth+total++natural+and+migratory-657	2026-08-05
https://www.pordata.pt/en/portugal/annual+remuneration+of+agriculture+employees-3377	2025-12-17
https://www.pordata.pt/en/portugal/apparent+labour+productivity+total+and+by+industry-2303	2026-06-26
https://www.pordata.pt/en/portugal/appelate+courts+initiated++terminated+proceedings+and+proceedings+pending-874	2026-05-05
https://www.pordata.pt/en/portugal/arable+land+with+successive+temporary+crops+(percentage)-3343	2025-10-09
https://www.pordata.pt/en/portugal/arbitration+centres+initiated++terminated+proceedings+and+proceedings+pending-1147	2026-05-29
https://www.pordata.pt/en/portugal/art+galleries+and+other+places+for+temporary+exhibitions+places++exhibitions+and+works+exhibited-389	2026-07-01
https://www.pordata.pt/en/portugal/art+galleries+per+100+thousand+inhabitants-654	2026-08-05
https://www.pordata.pt/en/portugal/associated+coaches+total+and+by+certain+sport+federations-2230	2026-07-24
https://www.pordata.pt/en/portugal/associated+sports+referees+and+judges+total+and+by+certain+sport+federations-2231	2026-07-22
https://www.pordata.pt/en/portugal/associated+sportspersons+total+and+by+age+group-2228	2026-07-22
https://www.pordata.pt/en/portugal/associated+sportspersons+total+and+by+all+sport+federations-2227	2026-07-22
https://www.pordata.pt/en/portugal/associated+sportspersons+total+and+by+sex-2229	2026-07-22
https://www.pordata.pt/en/portugal/at+risk+of+poverty+rate+after+social+transfers++by+work+situation-3760	2025-12-12
https://www.pordata.pt/en/portugal/at+risk+of+poverty+rate+after+social+transfers+total+and+by+household+type-3008	2025-12-12
https://www.pordata.pt/en/portugal/at+risk+of+poverty+rate+before+and+after+social+transfers-2399	2025-12-12
https://www.pordata.pt/en/portugal/at+risk+of+poverty+rate+by+age+group+before+and+after+social+transfers-3009	2025-12-12
https://www.pordata.pt/en/portugal/at+risk+of+poverty+threshold-2167	2025-12-12
https://www.pordata.pt/en/portugal/atm+machines+per+100+thousand+inhabitants-1178	2026-08-05
https://www.pordata.pt/en/portugal/atm+machines-1177	2026-06-22
https://www.pordata.pt/en/portugal/average+air+temperature-1067	2026-05-07
https://www.pordata.pt/en/portugal/average+daily+expenditure+per+tourist+total++by+main+purpose+and+by+destination+of+the+trip-2626	2026-07-13
https://www.pordata.pt/en/portugal/average+expenditure+per+trip+total++by+main+purpose+and+by+destination+of+the+trip-2625	2026-07-13
https://www.pordata.pt/en/portugal/average+final+consumption+expenditure+by+families+total+and+by+goods+and+services+type-768	2026-02-04
https://www.pordata.pt/en/portugal/average+length+of+pre+school+education-1038	2026-07-13
https://www.pordata.pt/en/portugal/average+length+of+public+administration+retirement+fund+pensions-2329	2026-05-07
https://www.pordata.pt/en/portugal/average+length+of+some+terminated+civil+proceedings+in+courts+of+first+instance-992	2026-02-18
https://www.pordata.pt/en/portugal/average+length+of+working+week+by+employees+total+and+by+sector+of+economic+activity-361	2026-02-24
https://www.pordata.pt/en/portugal/average+length+of+working+week+by+female+employees+total+and+by+sector+of+economic+activity-362	2026-02-24
https://www.pordata.pt/en/portugal/average+length+of+working+week+by+male+employees+total+and+by+sector+of+economic+activity-820	2026-02-24
https://www.pordata.pt/en/portugal/average+length+of+working+week+of+employed+population+total+and+by+occupational+situation-940	2026-02-05
https://www.pordata.pt/en/portugal/average+monthly+basic+remuneration+of+employees+in+accommodation+and+food+service+activities+total+and+by+qualification+level-446	2025-12-30
https://www.pordata.pt/en/portugal/average+monthly+basic+remuneration+of+employees+in+agriculture++fishing+and+forestry+total+and+by+qualification+level-440	2025-12-30
https://www.pordata.pt/en/portugal/average+monthly+basic+remuneration+of+employees+in+agriculture+and+fishing+total+and+by+qualification+level-3413	2025-12-30
https://www.pordata.pt/en/portugal/average+monthly+basic+remuneration+of+employees+in+construction+total+and+by+qualification+level-444	2025-12-30
https://www.pordata.pt/en/portugal/average+monthly+basic+remuneration+of+employees+in+education+total+and+by+qualification+level-449	2025-12-30
https://www.pordata.pt/en/portugal/average+monthly+basic+remuneration+of+employees+in+electricity++gas+and+water+supply+total+and+by+qualification+level-443	2025-12-30
https://www.pordata.pt/en/portugal/average+monthly+basic+remuneration+of+employees+in+financial+and+insurance+activities+total+and+by+qualification+level-448	2025-12-30
https://www.pordata.pt/en/portugal/average+monthly+basic+remuneration+of+employees+in+human+health+and+social+work+total+and+by+qualification+level-450	2025-12-30
https://www.pordata.pt/en/portugal/average+monthly+basic+remuneration+of+employees+in+manufacturing+total+and+by+qualification+level-442	2025-12-30
https://www.pordata.pt/en/portugal/average+monthly+basic+remuneration+of+employees+in+mining+and+quarrying+total+and+by+qualification+level-441	2025-12-30
https://www.pordata.pt/en/portugal/average+monthly+basic+remuneration+of+employees+in+public+administration++defence+and+compulsory+social+security+total+and+by+qualification+level-451	2025-12-30
https://www.pordata.pt/en/portugal/average+monthly+basic+remuneration+of+employees+in+transportation+and+storage+total+and+by+qualification+level-447	2025-12-30
https://www.pordata.pt/en/portugal/average+monthly+basic+remuneration+of+employees+in+wholesale+and+retail+trade+total+and+by+qualification+level-445	2025-12-30
https://www.pordata.pt/en/portugal/average+monthly+basic+remuneration+of+employees+total+and+by+qualification+level-374	2026-01-05
https://www.pordata.pt/en/portugal/average+monthly+basic+remuneration+of+employees+total+and+by+sector+of+economic+activity-363	2026-01-05
https://www.pordata.pt/en/portugal/average+monthly+basic+remuneration+of+employees+total+and+by+sex-367	2026-01-05
https://www.pordata.pt/en/portugal/average+monthly+basic+remuneration+of+female+employees+total+and+by+qualification+level-893	2026-01-05
https://www.pordata.pt/en/portugal/average+monthly+basic+remuneration+of+female+employees+total+and+by+sector+of+economic+activity-369	2026-01-05
https://www.pordata.pt/en/portugal/average+monthly+basic+remuneration+of+male+employees+total+and+by+qualification+level-892	2026-01-05
https://www.pordata.pt/en/portugal/average+monthly+basic+remuneration+of+male+employees+total+and+by+sector+of+economic+activity-368	2026-01-05
https://www.pordata.pt/en/portugal/average+monthly+earnings+of+employees+in+accommodation+and+food+service+activities+total+and+by+level+of+qualification-545	2026-01-06
https://www.pordata.pt/en/portugal/average+monthly+earnings+of+employees+in+agriculture++fishing+and+forestry+total+and+by+level+of+qualification-538	2026-01-06
https://www.pordata.pt/en/portugal/average+monthly+earnings+of+employees+in+agriculture+and+fishing+total+and+by+level+of+qualification-3410	2026-01-06
https://www.pordata.pt/en/portugal/average+monthly+earnings+of+employees+in+construction+total+and+by+level+of+qualification-540	2026-01-06
https://www.pordata.pt/en/portugal/average+monthly+earnings+of+employees+in+education+total+and+by+level+of+qualification-546	2026-01-06
https://www.pordata.pt/en/portugal/average+monthly+earnings+of+employees+in+electricity++gas+and+water+supply+total+and+by+level+of+qualification-539	2026-01-06
https://www.pordata.pt/en/portugal/average+monthly+earnings+of+employees+in+financial+and+insurance+activities+total+and+by+level+of+qualification-552	2026-01-06
https://www.pordata.pt/en/portugal/average+monthly+earnings+of+employees+in+human+health+and+social+work+total+and+by+level+of+qualification-548	2026-01-06
https://www.pordata.pt/en/portugal/average+monthly+earnings+of+employees+in+manufacturing+total+and+by+level+of+qualification-543	2026-01-06
https://www.pordata.pt/en/portugal/average+monthly+earnings+of+employees+in+mining+and+quarrying+total+and+by+level+of+qualification-542	2026-01-06
https://www.pordata.pt/en/portugal/average+monthly+earnings+of+employees+in+public+administration++defence+and+compulsory+social+security+total+and+by+level+of+qualification-557	2026-01-06
https://www.pordata.pt/en/portugal/average+monthly+earnings+of+employees+in+transportation+and+storage+total+and+by+level+of+qualification-541	2026-01-06
https://www.pordata.pt/en/portugal/average+monthly+earnings+of+employees+in+wholesale+and+retail+trade+total+and+by+level+of+qualification-544	2026-01-06
https://www.pordata.pt/en/portugal/average+monthly+earnings+of+employees+total+and+by+occupation-3808	2026-01-06
https://www.pordata.pt/en/portugal/average+monthly+earnings+of+employees+total+and+by+qualification+level-890	2026-01-05
https://www.pordata.pt/en/portugal/average+monthly+earnings+of+employees+total+and+by+sector+of+economic+activity-377	2026-01-05
https://www.pordata.pt/en/portugal/average+monthly+earnings+of+employees+total+and+by+sex-375	2026-01-05
https://www.pordata.pt/en/portugal/average+monthly+earnings+of+female+employees+total+and+by+qualification+level-891	2026-01-05
https://www.pordata.pt/en/portugal/average+monthly+earnings+of+female+employees+total+and+by+sector+of+economic+activity-537	2026-01-06
https://www.pordata.pt/en/portugal/average+monthly+earnings+of+females+employees+total+and+by+occupation-3810	2026-01-06
https://www.pordata.pt/en/portugal/average+monthly+earnings+of+male+employees+total+and+by+qualification+level-376	2026-01-05
https://www.pordata.pt/en/portugal/average+monthly+earnings+of+male+employees+total+and+by+sector+of+economic+activity-536	2026-01-06
https://www.pordata.pt/en/portugal/average+monthly+earnings+of+males+employees+total+and+by+occupation-3809	2026-01-06
https://www.pordata.pt/en/portugal/average+monthly+wage+of+employees++basic+remuneration+and+earnings+in+agriculture++fishing+and+forestry+total+and+by+sex-895	2026-01-06
https://www.pordata.pt/en/portugal/average+monthly+wage+of+employees+basic+remuneration+and+earnings+by+sex-894	2026-01-06
https://www.pordata.pt/en/portugal/average+monthly+wage+of+employees+in+accommodation+and+food+service+activities+basic+remuneration+and+earnings+by+sex-901	2026-01-06
https://www.pordata.pt/en/portugal/average+monthly+wage+of+employees+in+construction+basic+remuneration+and+earnings+by+sex-899	2026-01-06
https://www.pordata.pt/en/portugal/average+monthly+wage+of+employees+in+education+basic+remuneration+and+earnings+by+sex-903	2026-01-06
https://www.pordata.pt/en/portugal/average+monthly+wage+of+employees+in+electricity++gas+and+water+supply+basic+remuneration+and+earnings+by+sex-898	2026-01-06
https://www.pordata.pt/en/portugal/average+monthly+wage+of+employees+in+financial+and+insurance+activities+basic+remuneration+and+earnings+by+sex-905	2026-01-06
https://www.pordata.pt/en/portugal/average+monthly+wage+of+employees+in+human+health+and+social+work+basic+remuneration+and+earnings+by+sex-904	2026-01-06
https://www.pordata.pt/en/portugal/average+monthly+wage+of+employees+in+manufacturing+basic+remuneration+and+earnings+by+sex-897	2026-01-06
https://www.pordata.pt/en/portugal/average+monthly+wage+of+employees+in+mining+and+quarrying+basic+remuneration+and+earnings+by+sex-896	2026-01-06
https://www.pordata.pt/en/portugal/average+monthly+wage+of+employees+in+public+administration++defence+and+compulsory+social+security+basic+remuneration+and+earnings+by+sex-906	2026-01-06
https://www.pordata.pt/en/portugal/average+monthly+wage+of+employees+in+transportation+and+storage+basic+remuneration+and+earnings+by+sex-902	2026-01-06
https://www.pordata.pt/en/portugal/average+monthly+wage+of+employees+in+wholesale+and+retail+trade+basic+remuneration+and+earnings+by+sex-900	2026-01-06
https://www.pordata.pt/en/portugal/average+number+of+passengers+transported+in+the+underground+per+service+performed+++mainland-3230	2025-11-26
https://www.pordata.pt/en/portugal/average+number+of+workers+by+strike+and+working+days+lost+by+worker+on+strike+-771	2026-01-07
https://www.pordata.pt/en/portugal/average+price+of+liquid+and+gas+fuel+sold+to+the+public+%e2%80%93+mainland+portugal-1265	2026-03-09
https://www.pordata.pt/en/portugal/average+private+households+size-511	2026-02-12
https://www.pordata.pt/en/portugal/average+retirement+age+of+new+social+security+old+age+and+disability+pensioners+total+and+by+sex-1121	2026-07-09
https://www.pordata.pt/en/portugal/average+size+of+agriculture+holdings-3458	2025-10-09
https://www.pordata.pt/en/portugal/average+size+of+corporations+total+and+by+sector+of+economic+activity-2962	2025-12-23
https://www.pordata.pt/en/portugal/average+size+of+enterprises+in+the+corporate+public+sector-2999	2025-10-30
https://www.pordata.pt/en/portugal/average+size+of+enterprises+total+and+by+sector+of+economic+activity-2858	2025-12-22
https://www.pordata.pt/en/portugal/average+stay+in+camping+sites+total++residents+and+non+residents-2624	2026-07-17
https://www.pordata.pt/en/portugal/average+stay+in+holiday+camps+total++residents+and+non+residents-2622	2026-07-17
https://www.pordata.pt/en/portugal/average+stay+in+tourist+accommodations+total++residents+and+non+residents-2620	2026-07-17
https://www.pordata.pt/en/portugal/average+stay+in+tourist+accommodations+total+and+by+type+of+establishment-2621	2026-07-09
https://www.pordata.pt/en/portugal/average+stay+in+youth+hostels+total++residents+and+non+residents-2623	2026-07-13
https://www.pordata.pt/en/portugal/backlog+rate+in+courts+(percentage)-918	2026-05-29
https://www.pordata.pt/en/portugal/balance+of+nitrogen+per+utilized+agricultural+area-3344	2026-07-13
https://www.pordata.pt/en/portugal/balance+of+phosphorus+per+utilized+agricultural+area-3349	2026-07-13
https://www.pordata.pt/en/portugal/balance+of+proceedings+at+supreme+court+of+justice-684	2026-05-04
https://www.pordata.pt/en/portugal/balance+of+proceedings+at+the+appellate+courts-915	2026-05-05
https://www.pordata.pt/en/portugal/balance+of+proceedings+at+the+constitutional+court-916	2022-12-19
https://www.pordata.pt/en/portugal/balance+of+proceedings+at+the+ombudsman-917	2026-05-29
https://www.pordata.pt/en/portugal/balance+of+proceedings+at+the+state+auditor%e2%80%99s+office-914	2026-05-29
https://www.pordata.pt/en/portugal/balance+of+proceedings+at+the+supreme+administrative+court-913	2026-05-04
https://www.pordata.pt/en/portugal/balance+of+proceedings+in+courts+of+justice-665	2026-05-05
https://www.pordata.pt/en/portugal/balance+of+remittances+from+emigrants+and+immigrants+by+main+countries+of+origin+++destination-2370	2026-02-20
https://www.pordata.pt/en/portugal/bathing+water+quality+in+the+interior+(percentage)-1216	2025-10-23
https://www.pordata.pt/en/portugal/bedrooms+in+tourist+accommodations+total+and+by+type+of+establishment-2564	2026-07-09
https://www.pordata.pt/en/portugal/birth++death+and+survival+rates+of+enterprises-2883	2026-01-30
https://www.pordata.pt/en/portugal/born++dead+and+surviving+enterprises-2873	2026-01-30
https://www.pordata.pt/en/portugal/burnt+area+%e2%80%93+mainland+(percentage)-3480	2026-04-14
https://www.pordata.pt/en/portugal/burnt+area+and+rural+fires+%e2%80%93+mainland-1192	2026-04-14
https://www.pordata.pt/en/portugal/caesarean+births+in+hospitals+(percentage)-1985	2026-06-08
https://www.pordata.pt/en/portugal/campers+total+and+by+country+of+residence-2570	2026-07-17
https://www.pordata.pt/en/portugal/camping+sites+number+and+capacity-2606	2026-07-10
https://www.pordata.pt/en/portugal/capital+account+as+a+percentage+of+gdp-2357	2026-02-20
https://www.pordata.pt/en/portugal/capital+account-2356	2026-02-19
https://www.pordata.pt/en/portugal/capital+transfers+in+agriculture-3380	2025-12-17
https://www.pordata.pt/en/portugal/captured+fish+total+and+by+main+species-3450	2026-05-28
https://www.pordata.pt/en/portugal/carbon+intensity+of+the+economy+by+sector+of+activity-3477	2025-10-15
https://www.pordata.pt/en/portugal/child+benefit+from+social+security+beneficiaries+and+descendants+or+equal+status-1063	2026-06-01
https://www.pordata.pt/en/portugal/childbirths+in+hospitals+total+and+by+type-1509	2026-06-08
https://www.pordata.pt/en/portugal/childbirths+in+private+hospitals+total+and+by+type-1561	2026-06-08
https://www.pordata.pt/en/portugal/childbirths+in+public+hospitals+and+hospitals+in+public+private+partnership+total+and+by+type-1514	2026-06-08
https://www.pordata.pt/en/portugal/cinema+audience+per+thousand+inhabitants-593	2026-08-05
https://www.pordata.pt/en/portugal/cinema+average+audience+per+screening-594	2026-06-29
https://www.pordata.pt/en/portugal/cinema+box+office+revenue-399	2026-05-05
https://www.pordata.pt/en/portugal/cinema+facilities++screens++screenings+and+audiences-184	2026-06-29
https://www.pordata.pt/en/portugal/cinema+screens+per+100+thousand+inhabitants-862	2026-08-05
https://www.pordata.pt/en/portugal/clearance+rate+in+courts+(percentage)-921	2026-05-29
https://www.pordata.pt/en/portugal/clubs+total+and+by+certain+sport+federations-2238	2026-07-22
https://www.pordata.pt/en/portugal/coastal+and+transition+estuary+bathing+water+quality+(percentage)-1215	2025-10-23
https://www.pordata.pt/en/portugal/commercial+vessels+total++entrances+and+exits-3168	2026-07-01
https://www.pordata.pt/en/portugal/commercial+vessels+total+and+by+main+vessels-3167	2025-11-24
https://www.pordata.pt/en/portugal/compensation+of+employees-2404	2026-03-26
https://www.pordata.pt/en/portugal/completed+dwellings+in+new+constructions+for+family+housing+total+and+by+dwelling+typology-189	2026-07-17
https://www.pordata.pt/en/portugal/computers+in+primary++lower+secondary+and+upper+secondary+education+total+and+by+level+of+education+%e2%80%93+mainland-1112	2025-10-24
https://www.pordata.pt/en/portugal/computers+in+private+primary++lower+secondary+and+upper+secondary+education+total+and+by+level+of+education+%e2%80%93+mainland-1115	2025-10-24
https://www.pordata.pt/en/portugal/computers+in+public+primary++lower+secondary+and+upper+secondary+education+total+and+by+level+of+education+%e2%80%93+mainland-1114	2025-10-24
https://www.pordata.pt/en/portugal/computers+with+internet+connection+as+a+percentage+of+total+computers+in+primary++lower+secondary+and+upper+secondary+education+by+sub+system+and+level+of+education+%e2%80%93+mainland-1198	2025-10-24
https://www.pordata.pt/en/portugal/computers+with+internet+connection+as+a+percentage+of+total+computers+in+primary++lower+secondary+and+upper+secondary+education+total+and+by+level+of+education+%e2%80%93+mainland-1197	2025-10-24
https://www.pordata.pt/en/portugal/computers+with+internet+connection+in+primary++lower+secondary+and+upper+secondary+education+total+and+by+level+of+education+%e2%80%93+mainland-1113	2025-10-24
https://www.pordata.pt/en/portugal/computers+with+internet+connection+in+private+primary++lower+secondary+and+upper+secondary+education+total+and+by+level+of+education+%e2%80%93+mainland-1120	2025-10-24
https://www.pordata.pt/en/portugal/computers+with+internet+connection+in+public+primary++lower+secondary+and+upper+secondary+education+total+and+by+level+of+education+%e2%80%93+mainland-1119	2025-10-24
https://www.pordata.pt/en/portugal/congestion+rate+in+courts+(percentage)-631	2026-05-29
https://www.pordata.pt/en/portugal/consolidated+expenditure+of+public+administration+total+and+by+environmental+management+and+protection+domains-1110	2025-12-19
https://www.pordata.pt/en/portugal/constitutional+court+initiated++terminated+proceedings+and+proceedings+pending+(1993+2010)-873	2022-12-19
https://www.pordata.pt/en/portugal/consumption+by+households+in+the+economic+territory+total++durable+and+non+durable-2825	2025-10-13
https://www.pordata.pt/en/portugal/consumption+of+electrical+energy+per+utilized+agricultural+area-3341	2025-12-18
https://www.pordata.pt/en/portugal/consumption+of+water+distributed+by+public+water+supply+per+capita+(1991+2009)-1226	2018-06-06
https://www.pordata.pt/en/portugal/contribution+of+natural+and+migratory+growth+to+annual+population+variation+(percentage)-762	2026-06-24
https://www.pordata.pt/en/portugal/contributions+in+total+of+social+security+revenue+(percentage)-765	2026-02-19
https://www.pordata.pt/en/portugal/conventional+family+housing+buildings-92	2026-07-17
https://www.pordata.pt/en/portugal/convicted+persons+in+total+of+indicted+persons(percentage)+total+and+by+sex-3469	2026-02-18
https://www.pordata.pt/en/portugal/convicted+persons+per+thousand+inhabitants-634	2026-08-05
https://www.pordata.pt/en/portugal/convicted+persons+total+and+by+age+group-263	2026-02-18
https://www.pordata.pt/en/portugal/convicted+persons+total+and+by+category+of+crime+(1960+1983)-267	2022-05-31
https://www.pordata.pt/en/portugal/convicted+persons+total+and+by+sex-266	2026-02-18
https://www.pordata.pt/en/portugal/convicted+persons+total+and+by+type+of+crime+(1984+)-268	2026-02-18
https://www.pordata.pt/en/portugal/convicted+prisoners+total+and+by+category+of+crime-274	2026-05-29
https://www.pordata.pt/en/portugal/corporate+tax+declarations+with+negative+balances+as+a+percentage+of+total+of+non+null+balance+declarations+total+and+by+sector+of+economic+activity-789	2026-04-14
https://www.pordata.pt/en/portugal/corporate+tax+declarations+with+negative+balances+total+and+by+sector+of+economic+activity-314	2026-04-14
https://www.pordata.pt/en/portugal/corporate+tax+declarations+with+positive+balances+as+a+percentage+of+total+of+non+null+balance+declarations+total+and+by+sector+of+economic+activity-700	2026-04-14
https://www.pordata.pt/en/portugal/corporate+tax+declarations+with+positive+balances+total+and+by+sector+of+economic+activity-313	2026-04-14
https://www.pordata.pt/en/portugal/corporations+constituted+by+public+deed+total+and+by+main+sector+of+economic+activity-176	2026-02-12
https://www.pordata.pt/en/portugal/corporations+total+and+by+sector+of+economic+activity-2960	2025-12-18
https://www.pordata.pt/en/portugal/court+officials+responsible+for+executing+sentences+total+and+by+sex-246	2026-05-29
https://www.pordata.pt/en/portugal/courts+of+justice+initiated++terminated+proceedings+and+proceedings+pending-247	2026-05-05
https://www.pordata.pt/en/portugal/courts+of+justice+initiated+and+terminated+proceedings+per+thousand+inhabitants-628	2026-08-05
https://www.pordata.pt/en/portugal/courts+of+justice+per+100+thousand+inhabitants-625	2026-08-05
https://www.pordata.pt/en/portugal/courts+of+justice-244	2026-05-04
https://www.pordata.pt/en/portugal/crimes+registered+at+the+economic+and+food+safety+authority-1174	2026-03-31
https://www.pordata.pt/en/portugal/crimes+registered+by+the+police+total+and+by+type-3716	2026-03-31
https://www.pordata.pt/en/portugal/crimes+registered+with+the+criminal+investigation+department+total+and+by+type-256	2026-03-31
https://www.pordata.pt/en/portugal/crimes+registered+with+the+public+security+police+total+and+by+type-258	2026-03-31
https://www.pordata.pt/en/portugal/crimes+registered+with+the+republican+national+guard+and+the+transit+division+of+the+republican+national+guard+total+and+by+type-257	2026-03-31
https://www.pordata.pt/en/portugal/criminal+investigation+department+initiated++terminated+proceedings+and+proceedings+pending-252	2026-05-04
https://www.pordata.pt/en/portugal/crude+birth+rate-527	2026-08-05
https://www.pordata.pt/en/portugal/crude+divorce+rate-651	2026-08-05
https://www.pordata.pt/en/portugal/crude+marriage+rate-530	2026-08-05
https://www.pordata.pt/en/portugal/crude+schooling+rate+by+level+of+education-434	2026-07-16
https://www.pordata.pt/en/portugal/crude+schooling+rate+of+females+by+level+of+education-436	2026-07-13
https://www.pordata.pt/en/portugal/crude+schooling+rate+of+males+by+level+of+education-435	2026-07-13
https://www.pordata.pt/en/portugal/cruise+ships+and+transported+passengers-3170	2025-11-24
https://www.pordata.pt/en/portugal/cultural+facilities+number+and+capacity-185	2026-07-01
https://www.pordata.pt/en/portugal/current+account+as+a+percentage+of+gdp-2355	2026-03-20
https://www.pordata.pt/en/portugal/current+account-2816	2026-02-19
https://www.pordata.pt/en/portugal/current+expenditure+on+healthcare+as+a+percentage+of+gdp-610	2026-07-14
https://www.pordata.pt/en/portugal/current+expenditure+on+healthcare+per+capita-609	2026-06-22
https://www.pordata.pt/en/portugal/current+expenditure+on+healthcare+total+and+by+type+of+funding+agent-2959	2026-07-01
https://www.pordata.pt/en/portugal/current+expenditure+on+healthcare+total+and+by+type+of+provider-2958	2026-07-03
https://www.pordata.pt/en/portugal/current+expenditure+on+healthcare-3010	2026-07-01
https://www.pordata.pt/en/portugal/daily+surgeries+in+hospitals-3667	2025-12-18
https://www.pordata.pt/en/portugal/deaths+by+certain+causes+(percentage)-758	2026-05-06
https://www.pordata.pt/en/portugal/deaths+by+certain+causes+per+100+thousand+inhabitants-1987	2026-08-05
https://www.pordata.pt/en/portugal/deaths+of+residents+in+portugal+by+certain+cause-156	2026-05-06
https://www.pordata.pt/en/portugal/deaths+of+residents+in+portugal+total+and+by+age+group-3495	2026-04-30
https://www.pordata.pt/en/portugal/deaths+of+residents+in+portugal+total+and+by+month+of+death-3499	2026-05-05
https://www.pordata.pt/en/portugal/deaths+of+residents+in+portugal+total+and+by+sex-3500	2026-04-30
https://www.pordata.pt/en/portugal/deaths+of+residents+in+portugal+total+and+in+first+year+of+life-15	2026-04-30
https://www.pordata.pt/en/portugal/deeds+undertaken+at+the+office+of+central+registry+records-280	2025-12-10
https://www.pordata.pt/en/portugal/deflators-502	2026-03-26
https://www.pordata.pt/en/portugal/design+applications++concessions+and+objects+made+via+the+portuguese+process-1211	2026-05-12
https://www.pordata.pt/en/portugal/design+concessions+made+via+the+portuguese+process+to+residents+in+portugal++total+and+by+type+of+applicant-1205	2026-05-12
https://www.pordata.pt/en/portugal/direct+social+action+in+higher+education+allocation+and+expenditure-3805	2025-10-06
https://www.pordata.pt/en/portugal/disability+and+old+age+pensioners+of+the+general+social+security+scheme+with+pensions+below+the+national+minimum+wage-2003	2026-07-09
https://www.pordata.pt/en/portugal/disparity+in+the+average+monthly+base+remuneration+among+employees+of+all+branches+of+activity+compared+to+those+in+agriculture++fisheries+and+forestry-3463	2026-01-05
https://www.pordata.pt/en/portugal/dissolved+corporations+by+public+deed+total+and+by+main+sector+of+economic+activity-177	2026-02-12
https://www.pordata.pt/en/portugal/divorces+between+people+of+the+opposite+sex+total+and+by+type+of+type+of+marriage+ceremony-1281	2025-09-30
https://www.pordata.pt/en/portugal/divorces-323	2025-09-30
https://www.pordata.pt/en/portugal/doctors+and+other+healthcare+personnel+per+100+thousand+inhabitants-639	2026-08-05
https://www.pordata.pt/en/portugal/doctors+non+specialists+and+specialist+by+specialist+area-147	2026-07-29
https://www.pordata.pt/en/portugal/doctors+total+and+by+sex-1966	2026-07-29
https://www.pordata.pt/en/portugal/dwellings+connected+to+public+water+supply+systems++sewerage+systems+and+wastewater+treatment+plants+(wwtp)+(percentage)-1187	2024-09-30
https://www.pordata.pt/en/portugal/early+leavers+from+education+and+training+rate+total+and+by+sex-433	2026-02-04
https://www.pordata.pt/en/portugal/economic+and+food+safety+authority+proceedings+filed-869	2026-05-04
https://www.pordata.pt/en/portugal/electricity+consumers+total+and+by+type+of+consumption-1123	2025-12-03
https://www.pordata.pt/en/portugal/electricity+consumption+by+consumer+total+and+by+type+of+consumption-1231	2025-12-03
https://www.pordata.pt/en/portugal/electricity+consumption+per+capita+total+and+by+type+of+consumption-1230	2026-08-05
https://www.pordata.pt/en/portugal/electricity+consumption+total+and+by+sector+of+economic+activity-1125	2025-12-03
https://www.pordata.pt/en/portugal/electricity+consumption+total+and+by+type+of+consumption-1124	2025-12-03
https://www.pordata.pt/en/portugal/electricity+production+from+renewable+sources+(percentage)-1232	2025-10-20
https://www.pordata.pt/en/portugal/emigrants+total++by+type+and+sex-23	2025-09-30
https://www.pordata.pt/en/portugal/emissions+of+greenhouse+gases+per+utilized+agricultural+area-3345	2026-07-13
https://www.pordata.pt/en/portugal/employees+highest+level+of+education+and+by+sector+of+economic+activity-3811	2025-12-30
https://www.pordata.pt/en/portugal/employees+total+and+by+contract+type+-844	2026-02-06
https://www.pordata.pt/en/portugal/employees+total+and+by+highest+level+of+education+completed+-1386	2026-02-09
https://www.pordata.pt/en/portugal/employers+and+domestic+workers+with+remuneration+declared+to+the+social+security+office-863	2026-06-02
https://www.pordata.pt/en/portugal/employers+total+and+by+highest+level+of+education+completed+-1719	2026-02-09
https://www.pordata.pt/en/portugal/employment+in+general+government+as+a+percentage+of+active+population-3128	2026-02-05
https://www.pordata.pt/en/portugal/employment+in+general+government+central++regional++local+and+social+security+funds+per+thousand+inhabitants-2810	2026-08-05
https://www.pordata.pt/en/portugal/employment+in+general+government+central++regional++local+government+and+social+security+funds-497	2025-11-04
https://www.pordata.pt/en/portugal/employment+in+general+government+total+and+by+legal+relationship+(1996+2005)-667	2015-06-26
https://www.pordata.pt/en/portugal/employment+in+general+government+total+and+by+legal+relationship+(2011+)-2526	2025-11-04
https://www.pordata.pt/en/portugal/employment+rate+total+and+by+age+group+(percentage)-3827	2026-03-12
https://www.pordata.pt/en/portugal/employment+rate+total+and+by+highest+level+of+education+completed+(percentage)-3464	2026-03-24
https://www.pordata.pt/en/portugal/employment+rate+total+and+by+sex+(percentage)-549	2026-03-12
https://www.pordata.pt/en/portugal/employment+sex+ratio+by+sector+of+economic+activity-551	2026-02-09
https://www.pordata.pt/en/portugal/employment+total+and+by+age+group-31	2026-02-05
https://www.pordata.pt/en/portugal/employment+total+and+by+highest+level+of+education+completed-1388	2026-02-06
https://www.pordata.pt/en/portugal/employment+total+and+by+industry++full+time+equivalent-2296	2025-10-13
https://www.pordata.pt/en/portugal/employment+total+and+by+large+sectors+of+economic+activity-32	2026-02-04
https://www.pordata.pt/en/portugal/employment+total+and+by+occupation-3385	2026-02-09
https://www.pordata.pt/en/portugal/employment+total+and+by+sector+of+economic+activity-3384	2026-02-09
https://www.pordata.pt/en/portugal/employment+total+and+by+sex-30	2026-02-05
https://www.pordata.pt/en/portugal/employment+total+and+by+situation+in+main+occupation+-35	2026-02-06
https://www.pordata.pt/en/portugal/employment+total+and+full+and+part+time-356	2026-02-09
https://www.pordata.pt/en/portugal/energy+consumption+of+families+total+and+by+certain+energy+products-1194	2025-12-04
https://www.pordata.pt/en/portugal/energy+consumption+total+and+by+certain+energy+products-1191	2025-12-04
https://www.pordata.pt/en/portugal/energy+imports+total+and+main+countries-3712	2026-05-06
https://www.pordata.pt/en/portugal/enrolled+students+as+percentage+of+resident+population+total+and+by+level+of+education-1006	2026-08-05
https://www.pordata.pt/en/portugal/enrolled+students+total+and+by+level+of+education-1002	2026-06-29
https://www.pordata.pt/en/portugal/enterprises%27+average+income+declared+total+and+by+sector+of+economic+activity-699	2026-04-14
https://www.pordata.pt/en/portugal/enterprises%27+birth+rate+total+and+by+legal+form-2884	2026-01-30
https://www.pordata.pt/en/portugal/enterprises%27+birth+rate+total+and+by+sector+of+economic+activity-2885	2026-01-30
https://www.pordata.pt/en/portugal/enterprises%27+births+total+and+by+legal+form-2874	2026-01-30
https://www.pordata.pt/en/portugal/enterprises%27+births+total+and+by+sector+of+economic+activity-2875	2026-01-30
https://www.pordata.pt/en/portugal/enterprises%27+death+rate+total+and+by+legal+form-2887	2026-01-30
https://www.pordata.pt/en/portugal/enterprises%27+death+rate+total+and+by+sector+of+economic+activity-2888	2026-01-30
https://www.pordata.pt/en/portugal/enterprises%27+deaths+total+and+by+legal+form-2877	2026-01-30
https://www.pordata.pt/en/portugal/enterprises%27+deaths+total+and+by+sector+of+economic+activity-2878	2026-01-30
https://www.pordata.pt/en/portugal/enterprises%27+gross+value+added+total+and+by+sector+of+economic+activity-2915	2025-12-22
https://www.pordata.pt/en/portugal/enterprises%27+gross+value+added+total+and+by+size-2916	2025-12-22
https://www.pordata.pt/en/portugal/enterprises%27+survival+at+1+and+2+years+total+and+by+legal+form-2880	2026-01-30
https://www.pordata.pt/en/portugal/enterprises%27+survival+at+1+year+total+and+by+sector+of+economic+activity-2881	2026-01-30
https://www.pordata.pt/en/portugal/enterprises%27+survival+rate+at+1+and+2+years+total+and+by+legal+form-2890	2026-01-30
https://www.pordata.pt/en/portugal/enterprises%27+survival+rate+at+1+year+total+and+by+sector+of+economic+activity-2891	2026-01-30
https://www.pordata.pt/en/portugal/enterprises%27+turnover+total+and+by+sector+of+economic+activity-2913	2025-12-22
https://www.pordata.pt/en/portugal/enterprises%27+turnover+total+and+by+size-2914	2025-12-22
https://www.pordata.pt/en/portugal/enterprises+and+persons+employed+in+forestry-3690	2026-01-07
https://www.pordata.pt/en/portugal/enterprises+in+lay+off+and+social+security+beneficiaries+of+lay+off-3638	2026-03-03
https://www.pordata.pt/en/portugal/enterprises+in+the+corporate+public+sector-2994	2025-10-30
https://www.pordata.pt/en/portugal/enterprises+in+the+manufacturing+sector+total+and+by+type-2955	2025-12-18
https://www.pordata.pt/en/portugal/enterprises+that+use+computers+as+a+percentage+of+total+of+enterprises+by+band+of+personnel+employed+(2003+++2019)-1143	2022-11-07
https://www.pordata.pt/en/portugal/enterprises+total+and+by+legal+form-2855	2025-12-18
https://www.pordata.pt/en/portugal/enterprises+total+and+by+sector+of+economic+activity-2856	2025-12-18
https://www.pordata.pt/en/portugal/enterprises+total+and+by+size-2857	2025-12-18
https://www.pordata.pt/en/portugal/enterprises+total-2854	2025-12-18
https://www.pordata.pt/en/portugal/enterprises+with+a+presence+on+the+internet+as+a+percentage+of+total+of+enterprises+by+band+of+personnel+employed-1145	2025-12-02
https://www.pordata.pt/en/portugal/enterprises+with+an+internet+connection+as+a+percentage+of+total+of+enterprises+by+band+of+personnel+employed-1144	2025-12-02
https://www.pordata.pt/en/portugal/environmental+non+governmental+organizations+(engo)+number+and+associates-1091	2025-10-03
https://www.pordata.pt/en/portugal/expenditure+in+research+and+development+activities+(r+d)+as+a+percentage+of+gdp+by+sector+of+performance-1133	2026-07-30
https://www.pordata.pt/en/portugal/expenditure+in+research+and+development+activities+(r+d)+as+a+percentage+of+gdp-779	2026-07-30
https://www.pordata.pt/en/portugal/expenditure+in+research+and+development+activities+(r+d)+total+and+by+sector+of+performance-1106	2026-07-30
https://www.pordata.pt/en/portugal/expenditure+in+research+and+development+activities+(r+d)+total+and+of+enterprises+sector-774	2026-07-30
https://www.pordata.pt/en/portugal/expenditure+on+social+work+grants+in+higher+education+total+and+by+sub+system+of+education-660	2026-07-14
https://www.pordata.pt/en/portugal/export+of+goods+and+services+total+and+by+product-2291	2025-10-13
https://www.pordata.pt/en/portugal/exports++imports+and+goods+balance+total+and+by+main+groups+of+trading+partner+countries-2341	2026-02-12
https://www.pordata.pt/en/portugal/exports++imports+and+services+balance+total+and+by+main+groups+of+trading+partner+countries-2344	2026-02-19
https://www.pordata.pt/en/portugal/exports+of+goods+total+and+by+main+trading+partner+countries-2346	2026-02-12
https://www.pordata.pt/en/portugal/exports+of+goods+total+and+by+type-2327	2026-02-11
https://www.pordata.pt/en/portugal/exports+of+major+forestry+products-3691	2024-06-27
https://www.pordata.pt/en/portugal/exports+of+services+total+and+by+main+trading+partner+countries-2349	2026-02-20
https://www.pordata.pt/en/portugal/exports+of+services+total+and+by+type-2352	2026-02-19
https://www.pordata.pt/en/portugal/extent+of+the+motorway+network+++mainland-3126	2025-11-26
https://www.pordata.pt/en/portugal/extent+of+the+national+road+network+++mainland-3125	2025-11-26
https://www.pordata.pt/en/portugal/extent+of+the+operating+rail+network+total++electrified+and+non+electrified+++mainland-3109	2025-11-26
https://www.pordata.pt/en/portugal/extent+of+the+rail+network+total++operated+and+deactivated+++mainland-3108	2025-11-26
https://www.pordata.pt/en/portugal/family+benefits+from+social+security-122	2026-06-01
https://www.pordata.pt/en/portugal/fatal+accidents+at+work+total+and+by+sector+of+economic+activity-1793	2026-07-01
https://www.pordata.pt/en/portugal/female+deaths+of+residents+in+portugal+total+and+by+age+group-3497	2026-05-05
https://www.pordata.pt/en/portugal/female+employees+as+a+percentage+of+employees+total+and+by+contract+type-847	2026-02-10
https://www.pordata.pt/en/portugal/female+employees+total+and+by+contract+type+-846	2026-02-10
https://www.pordata.pt/en/portugal/female+employment+as+a+percentage+of+employment+total+and+by+situation+in+main+occupation-826	2026-02-09
https://www.pordata.pt/en/portugal/female+employment+total+and+by+large+sectors+of+economic+activity-33	2026-02-09
https://www.pordata.pt/en/portugal/female+employment+total+and+by+situation+in+main+occupation-37	2026-02-09
https://www.pordata.pt/en/portugal/female+employment+total+and+full+and+part+time-355	2026-02-10
https://www.pordata.pt/en/portugal/female+graduates+as+a+percentage+of+graduates+in+higher+education+total+and+by+area+of+education+and+training++-680	2026-07-15
https://www.pordata.pt/en/portugal/female+graduates+in+higher+education+total+and+by+area+of+education+and+training-224	2026-07-15
https://www.pordata.pt/en/portugal/female+graduates+in+higher+education+total+and+by+level+of+training-221	2026-07-15
https://www.pordata.pt/en/portugal/female+labour+force+total+and+by+highest+level+of+education+completed-2589	2026-02-06
https://www.pordata.pt/en/portugal/female+private+lone+parent+households+(percentage)-532	2026-02-04
https://www.pordata.pt/en/portugal/female+students+enrolled+in+higher+education+total+and+by+area+of+education+and+training-1028	2026-01-08
https://www.pordata.pt/en/portugal/female+students+enrolled+in+higher+education+total+and+by+level+of+training-1025	2026-01-28
https://www.pordata.pt/en/portugal/female+students+enrolled+in+higher+education+total+and+by+sub+system+and+type+of+education-1022	2026-01-08
https://www.pordata.pt/en/portugal/female+teaching+staff+in+pre+school++primary++lower+secondary+and+upper+secondary+education+total+and+by+level+of+education-777	2026-07-14
https://www.pordata.pt/en/portugal/female+unemployment+total+and+by+duration+of+job+seeking+-41	2026-02-05
https://www.pordata.pt/en/portugal/female+unemployment+total+and+by+highest+level+of+education+completed+-55	2026-02-06
https://www.pordata.pt/en/portugal/female+unemployment+total+and+by+type+of+unemployment-42	2026-02-04
https://www.pordata.pt/en/portugal/females+as+a+percentage+of+students+enrolled+in+higher+education+total+and+by+area+of+education+and+training-1051	2026-01-08
https://www.pordata.pt/en/portugal/females+as+a+percentage+of+students+enrolled+in+higher+education+total+and+by+sub+system+of+education++-1053	2026-01-08
https://www.pordata.pt/en/portugal/females+as+a+percentage+of+students+enrolled+in+higher+education+total+and+by+type+of+education++-1052	2026-01-08
https://www.pordata.pt/en/portugal/females+as+a+percentage+of+teaching+staff+in+pre+school++primary++lower+secondary+and+upper+secondary+education+total+and+by+level+of+education-782	2026-07-14
https://www.pordata.pt/en/portugal/fertility+indicators+total+fertility+rate+and+gross+reproduction+rate-416	2026-06-22
https://www.pordata.pt/en/portugal/fertility+rate+by+age+group-415	2026-06-24
https://www.pordata.pt/en/portugal/fire+brigade+expenditure-1132	2026-02-16
https://www.pordata.pt/en/portugal/fire+brigade-1107	2025-12-15
https://www.pordata.pt/en/portugal/firemen-1188	2025-12-15
https://www.pordata.pt/en/portugal/fish+produced+in+aquaculture+total+and+by+main+species-3454	2026-05-28
https://www.pordata.pt/en/portugal/fishing+and+aquaculture+enterprises-3444	2026-01-07
https://www.pordata.pt/en/portugal/fishing+vessels+total++with+and+without+motor-3446	2026-05-28
https://www.pordata.pt/en/portugal/fishing+vessels+total+and+by+gross+tonnage+class-3448	2026-05-29
https://www.pordata.pt/en/portugal/fishing+vessels+total+and+licenced-3447	2026-05-29
https://www.pordata.pt/en/portugal/foreign+population+that+acquired+portuguese+nationality+total+and+by+age+group-3251	2025-11-17
https://www.pordata.pt/en/portugal/foreign+population+that+acquired+portuguese+nationality+total+and+by+sex-3250	2025-11-17
https://www.pordata.pt/en/portugal/foreign+population+that+acquired+portuguese+nationality+total+and+by+type+of+acquisition+of+nationality-3252	2025-11-17
https://www.pordata.pt/en/portugal/foreign+population+who+acquired+portuguese+nationality+total+and+by+major+previous+nationalities-3249	2025-11-17
https://www.pordata.pt/en/portugal/foreign+population+with+legal+resident+status+total+and+by+certain+nationalities-24	2024-09-20
https://www.pordata.pt/en/portugal/foreign+population+with+legal+resident+status+total+and+by+sex-25	2024-09-20
https://www.pordata.pt/en/portugal/foreign+population+with+regular+residence+total+and+by+sex-623	2025-11-28
https://www.pordata.pt/en/portugal/forest+area+by+specie+++mainland-3689	2022-04-22
https://www.pordata.pt/en/portugal/fuel+sales+for+consumption-1131	2025-12-04
https://www.pordata.pt/en/portugal/funding+total+and+by+certain+sport+federations-2233	2026-07-24
https://www.pordata.pt/en/portugal/gas+emissions+per+inhabitant-1256	2026-08-05
https://www.pordata.pt/en/portugal/gas+emissions-1081	2025-10-16
https://www.pordata.pt/en/portugal/gdp+in+terms+of+expenditure-2283	2026-03-26
https://www.pordata.pt/en/portugal/gdp+in+terms+of+income-2282	2026-03-26
https://www.pordata.pt/en/portugal/gdp+in+terms+of+production-2280	2026-03-26
https://www.pordata.pt/en/portugal/gdp+per+capita-2297	2026-03-26
https://www.pordata.pt/en/portugal/gender+disparity+in+the+average+monthly+basic+remuneration+of+employees+in+agriculture++fishing+and+forestry-3418	2026-01-05
https://www.pordata.pt/en/portugal/gender+disparity+in+the+average+monthly+basic+remuneration+of+employees+total+and+by+level+of+qualification-3022	2026-01-05
https://www.pordata.pt/en/portugal/gender+disparity+in+the+average+monthly+earnings+of+employees+total+and+by+level+of+qualification-3023	2026-01-05
https://www.pordata.pt/en/portugal/general+fertility+rate-618	2026-08-05
https://www.pordata.pt/en/portugal/general+government+expenditure++revenue+and+net+lending+net+borrowing+as+percentage+of+gdp-2788	2026-03-27
https://www.pordata.pt/en/portugal/general+government+expenditure++revenue+and+net+lending+net+borrowing-2784	2026-03-27
https://www.pordata.pt/en/portugal/general+government+expenditure+as+percentage+of+gdp+total++current+and+capital-2793	2026-03-27
https://www.pordata.pt/en/portugal/general+government+expenditure+on+education+as+percentage+of+gdp-867	2026-07-14
https://www.pordata.pt/en/portugal/general+government+expenditure+on+education-866	2026-03-30
https://www.pordata.pt/en/portugal/general+government+expenditure+on+health+as+percentage+of+gdp-855	2026-07-14
https://www.pordata.pt/en/portugal/general+government+expenditure+on+health+per+capita-856	2026-06-22
https://www.pordata.pt/en/portugal/general+government+expenditure+on+health-854	2026-03-30
https://www.pordata.pt/en/portugal/general+government+expenditure+total++current+and+capital-2790	2026-03-27
https://www.pordata.pt/en/portugal/general+government+expenditure+total+and+by+economic+classification-2791	2026-03-26
https://www.pordata.pt/en/portugal/general+government+expenditure+total+and+by+functions-3699	2026-03-30
https://www.pordata.pt/en/portugal/general+government+gross+debt+as+percentage+of+gdp-2786	2026-03-26
https://www.pordata.pt/en/portugal/general+government+gross+debt-2783	2026-03-27
https://www.pordata.pt/en/portugal/general+government+net+lending+net+borrowing+by+level+of+administration-2785	2026-04-07
https://www.pordata.pt/en/portugal/general+government+revenue+as+percentage+of+gdp+total++current+and+capital-2802	2026-03-27
https://www.pordata.pt/en/portugal/general+government+revenue+total++current+and+capital-2795	2026-03-27
https://www.pordata.pt/en/portugal/general+government+revenue+total+and+by+economic+classification-2796	2026-07-23
https://www.pordata.pt/en/portugal/general+government+tax+revenue+and+social+contributions-3749	2026-04-16
https://www.pordata.pt/en/portugal/gini+index+(percentage)-2166	2026-02-04
https://www.pordata.pt/en/portugal/global+warming+potential+total++of+the+industries+and+of+the+households-1072	2025-10-15
https://www.pordata.pt/en/portugal/global+warming+potential+total+and+by+some+sectors+of+economic+activity-1077	2025-10-15
https://www.pordata.pt/en/portugal/goods+balance+total+and+by+main+trading+partner+countries-2347	2026-02-12
https://www.pordata.pt/en/portugal/goods+balance+total+and+by+type-2328	2026-02-11
https://www.pordata.pt/en/portugal/goods+carried+by+sea+total+and+by+main+goods-3176	2025-11-24
https://www.pordata.pt/en/portugal/goods+carried+on+the+rail+system+total+and+by+type+of+traffic+++mainland-3117	2025-11-26
https://www.pordata.pt/en/portugal/goods+loaded+and+unloaded+by+sea+total++national+and+international-3173	2025-11-24
https://www.pordata.pt/en/portugal/goods+loaded+by+road+transport+companies+total+and+by+main+countries+of+destination+++mainland-3105	2025-11-26
https://www.pordata.pt/en/portugal/goods+transported+by+road+transport+companies+total++national+and+international+++mainland-3104	2025-10-24
https://www.pordata.pt/en/portugal/goods+transported+by+road+transport+companies+total+and+by+main+goods+++mainland-3107	2025-10-24
https://www.pordata.pt/en/portugal/goods+transported+by+sea+total++loaded+and+unloaded-3172	2026-07-08
https://www.pordata.pt/en/portugal/goods+transported+in+the+rail+system+total+and+by+main+goods+++mainland+(1998+2007)-3118	2017-07-03
https://www.pordata.pt/en/portugal/goods+transported+in+the+rail+system+total+and+by+main+goods+++mainland+(2008+)-3319	2025-11-26
https://www.pordata.pt/en/portugal/goods+unloaded+by+road+transport+companies+total+and+by+main+countries+of+origin+++mainland-3106	2025-11-26
https://www.pordata.pt/en/portugal/goods+unloaded+by+sea+total+and+by+main+goods-3177	2025-11-24
https://www.pordata.pt/en/portugal/graduates+in+higher+education+by+sub+system+of+education+and+sex-691	2026-07-15
https://www.pordata.pt/en/portugal/graduates+in+higher+education+by+type+of+education+and+sex-690	2026-07-15
https://www.pordata.pt/en/portugal/graduates+in+higher+education+in+information+and+communication+technology+(ict)+total+and+by+sex-1171	2026-07-15
https://www.pordata.pt/en/portugal/graduates+in+higher+education+total+and+by+area+of+education+and+training-222	2026-07-15
https://www.pordata.pt/en/portugal/graduates+in+higher+education+total+and+by+level+of+training-219	2026-07-15
https://www.pordata.pt/en/portugal/graduates+in+higher+education+total+and+by+sex-664	2026-07-15
https://www.pordata.pt/en/portugal/graduates+in+higher+education+total+and+by+sub+system+and+type+of+education-429	2026-07-15
https://www.pordata.pt/en/portugal/graduates+in+year++in+higher+education+in+the+area+of+health+total++by+area+of+education+and+training+and+sex-804	2026-07-15
https://www.pordata.pt/en/portugal/graduates+in+year++in+higher+education+in+the+area+of+health+total+and+by+sub+system+and+type+of+education-797	2026-07-15
https://www.pordata.pt/en/portugal/grant+students+in+higher+education+as+a+percentage+of+enrolled+students+in+higher+education+total+and+by+sub+system+of+education-864	2026-07-14
https://www.pordata.pt/en/portugal/grant+students+in+higher+education+total+and+by+sub+system+of+education-659	2026-07-14
https://www.pordata.pt/en/portugal/gross+capital+formation+total+and+by+product-2290	2025-10-13
https://www.pordata.pt/en/portugal/gross+disposable+income+of+households-2407	2026-05-11
https://www.pordata.pt/en/portugal/gross+disposable+income+total+and+by+institutional+sector-2380	2026-03-27
https://www.pordata.pt/en/portugal/gross+domestic+product+(gdp)-130	2026-03-26
https://www.pordata.pt/en/portugal/gross+emigration+rate-832	2026-08-05
https://www.pordata.pt/en/portugal/gross+fixed+capital+formation+in+no+financial+small+and+medium+sized+enterprises+total+and+by+size-2933	2025-12-22
https://www.pordata.pt/en/portugal/gross+fixed+capital+formation+of+agriculture+total+and+by+type+of+products-3379	2025-12-17
https://www.pordata.pt/en/portugal/gross+fixed+capital+formation+of+non+financial+enterprises+total+and+by+dimension-2918	2025-12-22
https://www.pordata.pt/en/portugal/gross+fixed+capital+formation+of+non+financial+enterprises+total+and+by+sector+of+economic+activity-2917	2025-12-22
https://www.pordata.pt/en/portugal/gross+fixed+capital+formation+total+and+by+investment+industry-2289	2025-10-13
https://www.pordata.pt/en/portugal/gross+national+income+and+gross+disposable+income+as+percentage+of+gdp-2942	2026-03-26
https://www.pordata.pt/en/portugal/gross+national+income+and+gross+disposable+income-2379	2026-03-26
https://www.pordata.pt/en/portugal/gross+production+of+electricity+total+and+by+type+of+electricity+generation-1126	2025-10-20
https://www.pordata.pt/en/portugal/gross+value+added+in+small+and+medium+sized+enterprises+total+and+by+size-2968	2025-12-22
https://www.pordata.pt/en/portugal/gross+value+added+of+agriculture+in+percentage+of+gdp-3715	2026-07-14
https://www.pordata.pt/en/portugal/gross+value+added+of+agriculture-3374	2026-04-07
https://www.pordata.pt/en/portugal/gross+value+added+of+fishing+and+aquaculture-3741	2025-10-13
https://www.pordata.pt/en/portugal/gross+value+added+of+fishing+in+percentage+of+gdp-3742	2026-07-14
https://www.pordata.pt/en/portugal/gross+value+added+of+forestry+in+percentage+of+gdp-3707	2026-07-14
https://www.pordata.pt/en/portugal/gross+value+added+of+forestry-3694	2024-06-27
https://www.pordata.pt/en/portugal/gross+value+added+total+and+by+industry-2293	2025-10-13
https://www.pordata.pt/en/portugal/guests+in+holiday+camps+total++residents+in+portugal+and+residents+abroad-2572	2026-07-13
https://www.pordata.pt/en/portugal/guests+in+tourist+accommodations+per+100+inhabitants-2644	2026-08-05
https://www.pordata.pt/en/portugal/guests+in+tourist+accommodations+total++residents+in+portugal+and+residents+abroad-2613	2026-07-10
https://www.pordata.pt/en/portugal/guests+in+tourist+accommodations+total+and+by+type+of+establishment-2614	2026-07-09
https://www.pordata.pt/en/portugal/guests+in+youth+hostels+total++residents+in+portugal+and+residents+abroad-2571	2026-07-13
https://www.pordata.pt/en/portugal/health+establishments+appointments++admissions+and+emergencies+per+thousand+inhabitants-3324	2026-08-05
https://www.pordata.pt/en/portugal/health+establishments+appointments++admissions+and+emergencies-3321	2026-04-02
https://www.pordata.pt/en/portugal/health+establishments+beds+per+100+thousand+inhabitants-602	2026-08-05
https://www.pordata.pt/en/portugal/healthcare+personnel+doctors++dentists++odontologists++nurses+and+pharmacists-144	2026-07-29
https://www.pordata.pt/en/portugal/high+growth+non+financial+corporations+with+at+least+10+employees+total+and+by+dimension-3004	2026-01-27
https://www.pordata.pt/en/portugal/high+growth+non+financial+corporations+with+at+least+10+employees-3002	2026-01-27
https://www.pordata.pt/en/portugal/holiday+camps+number+and+lodging+capacity-2568	2026-07-10
https://www.pordata.pt/en/portugal/hospitalisation+days+in+hospitals-3676	2026-04-02
https://www.pordata.pt/en/portugal/hospitals+bed+occupancy+rate-3666	2026-04-02
https://www.pordata.pt/en/portugal/hospitals+number+and+beds-142	2026-04-02
https://www.pordata.pt/en/portugal/household+final+consumption+in+economic+territory+total+and+by+goods+and+services+type-2416	2025-10-13
https://www.pordata.pt/en/portugal/households++gross+income+and+income+tax+paid+categories+1+2-504	2026-04-28
https://www.pordata.pt/en/portugal/households++gross+income+and+income+tax+paid+category+1-505	2026-01-06
https://www.pordata.pt/en/portugal/households++gross+income+and+income+tax+paid+category+2-506	2026-01-06
https://www.pordata.pt/en/portugal/households+income+and+savings-78	2026-05-11
https://www.pordata.pt/en/portugal/how+many+people+graduate+annually+from+master%27s+degrees+that+give+professional+qualifications+for+teaching+-3706	2026-08-10
https://www.pordata.pt/en/portugal/import+of+goods+and+services+total+and+by+product-2292	2025-10-13
https://www.pordata.pt/en/portugal/imports+of+goods+total+and+by+main+trading+partner+countries-2345	2026-02-12
https://www.pordata.pt/en/portugal/imports+of+goods+total+and+by+type-2326	2026-02-11
https://www.pordata.pt/en/portugal/imports+of+major+forestry+products-3692	2024-06-27
https://www.pordata.pt/en/portugal/imports+of+services+total+and+by+main+trading+partner+countries-2348	2026-02-20
https://www.pordata.pt/en/portugal/imports+of+services+total+and+by+type-2351	2026-02-19
https://www.pordata.pt/en/portugal/inactive+population+aged+16+and+over+total+and+by+sex-778	2026-02-05
https://www.pordata.pt/en/portugal/inactive+population+aged+16+and+over+total+and+by+work+situation+and+sex-784	2026-02-05
https://www.pordata.pt/en/portugal/inactive+population+total+and+by+age+group-783	2026-02-05
https://www.pordata.pt/en/portugal/inactivity+rate+total+and+by+sex+(percentage)-790	2026-03-13
https://www.pordata.pt/en/portugal/indebtedness+of+non+financial+private+corporations+total+and+by+size-2924	2026-02-23
https://www.pordata.pt/en/portugal/indebtedness+of+the+corporate+public+sector-2998	2026-02-23
https://www.pordata.pt/en/portugal/indicted+and+convicted+persons+in+criminal+proceedings-3470	2026-02-18
https://www.pordata.pt/en/portugal/indicted+persons+total+and+by+category+of+crime+(1960+1983)+-261	2015-06-26
https://www.pordata.pt/en/portugal/indicted+persons+total+and+by+category+of+crime+(1984+)-262	2026-02-18
https://www.pordata.pt/en/portugal/indicted+persons+total+and+by+sex-260	2026-02-18
https://www.pordata.pt/en/portugal/indirect+social+action+in+public+higher+education+allocation+and+expenditure+by+funding+source-3804	2025-10-06
https://www.pordata.pt/en/portugal/individual+agricultural+producers+total+and+by+age+group-3424	2025-10-09
https://www.pordata.pt/en/portugal/individual+agricultural+producers+total+and+by+sex-3422	2025-10-09
https://www.pordata.pt/en/portugal/individual+business+total+and+by+sector+of+economic+activity-2965	2025-12-18
https://www.pordata.pt/en/portugal/individuals+of+16+or+over+that+use+computers+and+internet+as+a+percentage+of+total+of+individuals+by+age+group-1139	2025-11-28
https://www.pordata.pt/en/portugal/individuals+of+16+or+over+that+use+computers+and+internet+as+a+percentage+of+total+of+individuals+by+highest+level+of+education+completed-1141	2025-11-28
https://www.pordata.pt/en/portugal/individuals+of+16+or+over+that+use+computers+and+internet+as+a+percentage+of+total+of+individuals+by+sex-1142	2025-11-28
https://www.pordata.pt/en/portugal/individuals+of+16+or+over+that+use+computers+and+internet+as+a+percentage+of+total+of+individuals+by+work+situation-1140	2025-11-28
https://www.pordata.pt/en/portugal/inequality+of+income+distribution+(s80+s20)-2168	2025-12-12
https://www.pordata.pt/en/portugal/infant+deaths+of+mothers+residents+in+portugal+perinatal+and+neonatal-155	2026-05-05
https://www.pordata.pt/en/portugal/infant+mortality+rate-528	2026-08-05
https://www.pordata.pt/en/portugal/inflation+rate+(growth+rate+++consumer+price+index)+total+and+individual+consumption+by+purpose-2315	2026-02-11
https://www.pordata.pt/en/portugal/initiated++terminated+proceedings+and+proceedings+pending+per+judge-630	2026-05-05
https://www.pordata.pt/en/portugal/initiated++terminated+proceedings+and+proceedings+pending+per+lawyer-742	2026-05-29
https://www.pordata.pt/en/portugal/initiated+and+terminated+proceedings+by+law+court-629	2026-05-05
https://www.pordata.pt/en/portugal/interest+rates+on+new+loan+operations+(annual+average)+to+enterprises+total+and+by+credit+scales-2847	2026-02-16
https://www.pordata.pt/en/portugal/interest+rates+on+new+loan+operations+(annual+average)+to+individuals+total+and+by+purpose+type-2845	2026-02-16
https://www.pordata.pt/en/portugal/international+investment+position+financial+assets+and+liabilities+abroad+as+a+percentage+of+gdp-2374	2026-03-24
https://www.pordata.pt/en/portugal/international+investment+position+financial+assets+and+liabilities+abroad-2373	2026-02-19
https://www.pordata.pt/en/portugal/internet+access+subscribers-2093	2025-10-17
https://www.pordata.pt/en/portugal/inventions+patents+a+not+resident+in+portugal+applications+and+concessions+made+via+de+portuguese+process-1206	2026-05-12
https://www.pordata.pt/en/portugal/inventions+patents+concessions+made+via+the+portuguese+process+to+residents+in+portugal++total+and+by+type+of+applicant-1204	2026-05-12
https://www.pordata.pt/en/portugal/inventions+patents+of+residents+in+portugal+applications+and+concessions+made+via+the+portuguese++european+and+international+processes-1279	2026-05-12
https://www.pordata.pt/en/portugal/investment+gross+fixed+capital+formation+as+percentage+of+gdp-2833	2026-07-14
https://www.pordata.pt/en/portugal/investment+gross+fixed+capital+formation+by+institutional+sector-2324	2026-03-26
https://www.pordata.pt/en/portugal/investment+gross+fixed+capital+formation-2831	2026-03-26
https://www.pordata.pt/en/portugal/investment+rate+in+non+financial+enterprises+total+and+by+dimension-2920	2025-12-22
https://www.pordata.pt/en/portugal/investment+rate+in+non+financial+enterprises+total+and+by+sector+of+economic+activity-2919	2025-12-22
https://www.pordata.pt/en/portugal/investment+rate+in+non+financial+small+and+medium+sized+enterprises+total+and+by+size-2934	2025-12-22
https://www.pordata.pt/en/portugal/investments+by+enterprises+total+and+by+environmental+management+and+protection+domains-1102	2025-12-19
https://www.pordata.pt/en/portugal/investments+made+in+rail+transport+total++by+the+state+and+by+railway+companies+++mainland-3113	2025-11-26
https://www.pordata.pt/en/portugal/investments+made+in+underground+transport+++mainland-3091	2025-11-26
https://www.pordata.pt/en/portugal/job+offers+(yearly+average)+available+at+the+public+employment+office+total+and+by+large+sectors+of+economic+activity+%e2%80%93+mainland+portugal-319	2026-03-05
https://www.pordata.pt/en/portugal/judges+in+courts+of+justice+and+lawyers+per+100+thousand+inhabitants-627	2026-08-05
https://www.pordata.pt/en/portugal/judges+total+and+by+sex-1703	2026-05-04
https://www.pordata.pt/en/portugal/justices+of+the+peace+initiated++terminated+proceedings+and+proceedings+pending-1146	2026-05-29
https://www.pordata.pt/en/portugal/labour+force+total+and+by+age+group-29	2026-02-05
https://www.pordata.pt/en/portugal/labour+force+total+and+by+highest+level+of+education+completed-1008	2026-02-06
https://www.pordata.pt/en/portugal/labour+force+total+and+by+sex-28	2026-02-05
https://www.pordata.pt/en/portugal/labour+productivity-2817	2026-03-24
https://www.pordata.pt/en/portugal/labour+volume+(awu)+of+the+agricultural+labour+force+total+and+by+type+of+labour-3456	2025-10-09
https://www.pordata.pt/en/portugal/lawyers+total+and+by+sex-245	2026-05-29
https://www.pordata.pt/en/portugal/libraries+number++users++existing+volumes+and+consultations+(1960+2003)+-401	2015-06-26
https://www.pordata.pt/en/portugal/libraries+users+per+thousand+inhabitants+(1960+2003)-589	2026-08-05
https://www.pordata.pt/en/portugal/life+expectancy+at+65+years+old+total+and+by+sex+(base+three+years+from+2001+onwards)-419	2026-06-25
https://www.pordata.pt/en/portugal/life+expectancy+at+birth+total+and+by+sex+(base+three+years+from+2001+onwards)-418	2026-06-25
https://www.pordata.pt/en/portugal/live+births+of+mothers+resident+in+portugal+outside+marriage+total+and+by+cohabitation+of+parents-1435	2026-04-30
https://www.pordata.pt/en/portugal/live+births+of+mothers+resident+in+portugal+total+and+by+mother%27s+highest+level+of+educational+qualifications+obtained-2513	2026-04-30
https://www.pordata.pt/en/portugal/live+births+of+mothers+resident+in+portugal+total+and+by+mother%27s+nationality-2512	2026-04-30
https://www.pordata.pt/en/portugal/live+births+of+mothers+resident+in+portugal+total+and+by+mother%27s+work+situation-3057	2026-05-05
https://www.pordata.pt/en/portugal/live+births+of+mothers+resident+in+portugal+total+and+from+parents+with+previous+children+not+in+common-2575	2026-05-05
https://www.pordata.pt/en/portugal/live+births+of+mothers+resident+in+portugal+total+and+outside+marriage-14	2026-04-30
https://www.pordata.pt/en/portugal/live+births+outside+of+marriage++with+parents+co+habiting+or+not+(percentage)-620	2026-04-30
https://www.pordata.pt/en/portugal/live+shows+box+office+revenue-400	2025-09-26
https://www.pordata.pt/en/portugal/live+shows+performances+and+audiences-583	2025-09-26
https://www.pordata.pt/en/portugal/loaded+goods+by+sea+with+international+destination+total+and+by+destination+country-3174	2025-11-24
https://www.pordata.pt/en/portugal/loan+amounts+given+to+enterprises+total+and+by+credit+scales-2846	2026-02-16
https://www.pordata.pt/en/portugal/loan+amounts+given+to+individuals+total+and+by+purpose+type-2844	2026-02-16
https://www.pordata.pt/en/portugal/lodging+capacity+in+tourist+accommodations+total+and+by+type+of+establishment-2563	2026-07-09
https://www.pordata.pt/en/portugal/main+crops+area-3352	2026-08-03
https://www.pordata.pt/en/portugal/main+crops+prodution-3357	2026-08-03
https://www.pordata.pt/en/portugal/main+crops+yield-3361	2026-08-03
https://www.pordata.pt/en/portugal/male+deaths+of+residents+in+portugal+total+and+by+age+group-3496	2026-05-05
https://www.pordata.pt/en/portugal/male+employees+total+and+by+contract+type+-845	2026-02-10
https://www.pordata.pt/en/portugal/male+employment+total+and+by+large+sectors+of+economic+activity-34	2026-02-09
https://www.pordata.pt/en/portugal/male+employment+total+and+by+situation+in+main+occupation+-36	2026-02-09
https://www.pordata.pt/en/portugal/male+employment+total+and+full+and+part+time-357	2026-02-10
https://www.pordata.pt/en/portugal/male+graduates+in+higher+education+total+and+by+area+of+education+and+training-223	2026-07-15
https://www.pordata.pt/en/portugal/male+graduates+in+higher+education+total+and+by+level+of+training-220	2026-07-15
https://www.pordata.pt/en/portugal/male+labour+force+total+and+by+highest+level+of+education+completed-2588	2026-02-06
https://www.pordata.pt/en/portugal/male+students+enrolled+in+higher+education+total+and+by+area+of+education+and+training-1027	2026-01-08
https://www.pordata.pt/en/portugal/male+students+enrolled+in+higher+education+total+and+by+level+of+training-1024	2026-01-28
https://www.pordata.pt/en/portugal/male+students+enrolled+in+higher+education+total+and+by+sub+system+and+type+of+education-1021	2026-01-08
https://www.pordata.pt/en/portugal/male+teaching+staff+in+pre+school++primary++lower+secondary+and+upper+secondary+education+total+and+by+level+of+education-776	2026-07-14
https://www.pordata.pt/en/portugal/male+unemployment+total+and+by+duration+of+job+seeking-43	2026-02-05
https://www.pordata.pt/en/portugal/male+unemployment+total+and+by+highest+level+of+education+completed-54	2026-02-06
https://www.pordata.pt/en/portugal/managers+of+agricultural+holdings+total+and+by+age+group-3421	2025-10-09
https://www.pordata.pt/en/portugal/managers+of+agricultural+holdings+total+and+by+sex-3420	2025-10-09
https://www.pordata.pt/en/portugal/mandates+in+the+elections+for+the+parliament+female+mps+as+a+percentage+of+the+total++by+political+party-2261	2025-11-26
https://www.pordata.pt/en/portugal/mandates+in+the+elections+for+the+parliament+female+mps+by+political+party-2260	2025-11-26
https://www.pordata.pt/en/portugal/mandates+in+the+elections+for+the+parliament+male+mps+by+political+party-2259	2025-11-26
https://www.pordata.pt/en/portugal/mandates+in+the+elections+for+the+parliament+total+and+by+political+party-2257	2025-11-24
https://www.pordata.pt/en/portugal/mandates+in+the+elections+for+the+parliament+total+and+by+sex-2258	2025-11-26
https://www.pordata.pt/en/portugal/marriages+between+people+of+the+opposite+sex+total+and+by+husband%c2%b4s+previous+marital+status-3394	2026-05-05
https://www.pordata.pt/en/portugal/marriages+between+people+of+the+opposite+sex+total+and+by+type+of+ceremony-1933	2026-04-30
https://www.pordata.pt/en/portugal/marriages+between+people+of+the+opposite+sex+total+and+by+wife%c2%b4s+previous+marital+status-3395	2026-05-05
https://www.pordata.pt/en/portugal/marriages-16	2026-04-30
https://www.pordata.pt/en/portugal/maternal+deaths+of+residents+in+portugal-154	2024-11-22
https://www.pordata.pt/en/portugal/maternal+mortality+rate-619	2026-03-30
https://www.pordata.pt/en/portugal/maximum+air+temperature+(yearly+average)-1068	2026-05-07
https://www.pordata.pt/en/portugal/maximum+air+temperature+in+the+hottest+month+of+the+year+(monthly+average)-1339	2026-05-07
https://www.pordata.pt/en/portugal/maximum+monthly+remunerations+of+general+governement%27s+special+careers-496	2025-11-04
https://www.pordata.pt/en/portugal/mayors+total+and+by+political+party+or+coalition-2194	2025-12-18
https://www.pordata.pt/en/portugal/mean+age+of+the+mother+at+birth+of+a+child-417	2026-06-22
https://www.pordata.pt/en/portugal/mean+age+of+the+mother+at+birth+of+first+child-805	2026-06-22
https://www.pordata.pt/en/portugal/mean+age+on+first+marriage+by+sex-421	2026-05-05
https://www.pordata.pt/en/portugal/minimum+air+temperature+in+the+coldest+month+of+the+year+(monthly+average)-1340	2026-05-07
https://www.pordata.pt/en/portugal/minimum+air+temperature-1069	2026-05-07
https://www.pordata.pt/en/portugal/minimum+and+maximum+monthly+remunerations+of+general+government%27s+general+careers-494	2025-11-04
https://www.pordata.pt/en/portugal/minimum+monthly+amount+of+pensions+of+the+public+administration+retirement+fund+retirement++forces++disability+and+survivor+pensions-2128	2025-12-30
https://www.pordata.pt/en/portugal/minimum+monthly+pension+within+general+scheme+from+social+security+old+age++disability+and+survivors+pensions-103	2025-12-30
https://www.pordata.pt/en/portugal/minimum+monthly+remunerations+of+general+government%27s+special+careers-495	2025-11-04
https://www.pordata.pt/en/portugal/minors+in+institutional+care+total+and+by+age+group-278	2026-02-18
https://www.pordata.pt/en/portugal/monthly+amounts+of+particular+family+benefits+from+social+security-115	2026-02-11
https://www.pordata.pt/en/portugal/motor+vehicles+in+circulation+total+and+by+type+of+fuel+used-3101	2026-01-07
https://www.pordata.pt/en/portugal/motor+vehicles+in+circulation+total+and+by+type+of+vehicle-3100	2025-10-17
https://www.pordata.pt/en/portugal/motor+vehicles+per+thousand+inhabitants-3234	2026-08-05
https://www.pordata.pt/en/portugal/municipalities+expenditure+on+environment+per+capita+by+environmental+management+and+protection+domains-1225	2026-08-05
https://www.pordata.pt/en/portugal/municipalities+expenditure+total+and+by+environmental+management+and+protection+domains-1108	2025-11-17
https://www.pordata.pt/en/portugal/museums++palaces+and+monuments+of+direccao+geral+do+patrimonio+cultural+visitors-388	2024-05-20
https://www.pordata.pt/en/portugal/museums++zoological++botanic+gardens+and+aquariums+number+and+visitors-1309	2026-05-29
https://www.pordata.pt/en/portugal/museums++zoological++botanic+gardens+and+aquariums+per+100+thousand+inhabitants-585	2026-08-05
https://www.pordata.pt/en/portugal/museums++zoological++botanic+gardens+and+aquariums+school+visitors-179	2026-05-29
https://www.pordata.pt/en/portugal/museums++zoological++botanic+gardens+and+aquariums+visitors+per+thousand+inhabitants-655	2026-08-05
https://www.pordata.pt/en/portugal/music++dance+and+variety+audience+per+thousand+inhabitants-590	2026-08-05
https://www.pordata.pt/en/portugal/music++dance+and+variety+average+audience+per+performance-595	2025-09-29
https://www.pordata.pt/en/portugal/music++dance+and+variety+performances+and+audiences-181	2025-09-29
https://www.pordata.pt/en/portugal/national+library+books+and+library+users-806	2026-07-16
https://www.pordata.pt/en/portugal/national+library+expenditure-807	2026-07-16
https://www.pordata.pt/en/portugal/national+minimum+wage-74	2026-01-05
https://www.pordata.pt/en/portugal/national+telephone+traffic+fixed+and+mobile+networks+(percentage)-2339	2026-06-09
https://www.pordata.pt/en/portugal/national+telephone+traffic+fixed+and+mobile+networks-1181	2026-06-09
https://www.pordata.pt/en/portugal/net+annual+mean+income+of+private+households+by+socio+economic+category+(1980+2000)-82	2015-06-26
https://www.pordata.pt/en/portugal/net+entrepreneurial+income+from+agriculture-3381	2026-04-07
https://www.pordata.pt/en/portugal/net+external+debt+position+as+a+percentage+of+gdp-2950	2026-03-12
https://www.pordata.pt/en/portugal/net+external+debt+position-2949	2026-02-19
https://www.pordata.pt/en/portugal/newspapers+and+other+periodical+publications+titles+published+by+publication+type-1308	2025-10-10
https://www.pordata.pt/en/portugal/newspapers+and+other+periodicals+editions++print+run++circulation+and+copies+sold-402	2025-10-10
https://www.pordata.pt/en/portugal/newspapers+and+other+periodicals+print+run+and+circulation+per+inhabitant-588	2026-08-05
https://www.pordata.pt/en/portugal/newspapers+and+other+periodicals+titles+published-180	2022-10-17
https://www.pordata.pt/en/portugal/newspapers+and+other+periodicals+total+and+by+broadcast+support-2240	2025-10-10
https://www.pordata.pt/en/portugal/newspapers+and+other+periodicals+total+circulation++copies+sold+and+copies+distributed+free-2239	2025-10-10
https://www.pordata.pt/en/portugal/nhs+appointments++admissions+and+emergencies+in+hospitals+++mainland+portugal-159	2026-04-02
https://www.pordata.pt/en/portugal/nhs+appointments++admissions+and+emergencies+in+hospitals+per+thousand+inhabitants+++mainland+portugal-3409	2026-06-22
https://www.pordata.pt/en/portugal/nhs+beds+in+hospitals+++mainland+portugal-938	2026-04-02
https://www.pordata.pt/en/portugal/nhs+beds+in+hospitals+per+100+thousand+inhabitants+++mainland+portugal-641	2026-06-22
https://www.pordata.pt/en/portugal/nhs+childbirths+in+health+establishments+++mainland+portugal-160	2026-06-08
https://www.pordata.pt/en/portugal/nhs+hospitals+++mainland+portugal-158	2025-12-16
https://www.pordata.pt/en/portugal/nhs+medical+prescriptions+and+prescribed+medicines+++mainland+portugal-600	2026-06-02
https://www.pordata.pt/en/portugal/nhs+personnel+employed+in+hospitals+++mainland+portugal-3322	2026-01-09
https://www.pordata.pt/en/portugal/nhs+personnel+employed+in+hospitals+per+100+thousand+inhabitants+++mainland+portugal-3408	2026-06-22
https://www.pordata.pt/en/portugal/nhs+spending+on+medicines+++mainland+portugal-327	2026-06-02
https://www.pordata.pt/en/portugal/nhs+total+expenditure+and+on+personnel+employed+++mainland+portugal-330	2024-01-24
https://www.pordata.pt/en/portugal/nhs+total+expenditure+per+capita+++mainland+portugal-830	2026-06-22
https://www.pordata.pt/en/portugal/nights+spent+in+camping+sites+total+campers++residents+in+portugal+and+residents+abroad-2577	2026-07-13
https://www.pordata.pt/en/portugal/nights+spent+in+collective+tourist+accommodations+total+and+by+type+of+accommodation-2636	2026-07-17
https://www.pordata.pt/en/portugal/nights+spent+in+holiday+camps+total+and+by+country+of+residence+of+the+guest-2569	2026-07-17
https://www.pordata.pt/en/portugal/nights+spent+in+tourist+accommodations+per+100+inhabitants-2645	2026-08-05
https://www.pordata.pt/en/portugal/nights+spent+in+tourist+accommodations+total+and+by+country+of+residence+of+the+guest-2611	2026-07-17
https://www.pordata.pt/en/portugal/nights+spent+in+tourist+accommodations+total+and+by+type+of+establishment-2612	2026-07-09
https://www.pordata.pt/en/portugal/nights+spent+in+youth+hostels+total++residents+in+portugal+and+residents+abroad-2567	2026-07-10
https://www.pordata.pt/en/portugal/non+catholic+marriages+between+people+of+the+opposite+sex+(percentage)-420	2026-04-30
https://www.pordata.pt/en/portugal/non+financial+enterprises+total+and+by+band+of+personnel+employed-2860	2025-12-18
https://www.pordata.pt/en/portugal/non+performing+loans+enterprises+debtors+and+amounts+(percentage)-2954	2026-02-03
https://www.pordata.pt/en/portugal/non+performing+loans+individual+debtors+and+amounts+(percentage)-2952	2026-02-03
https://www.pordata.pt/en/portugal/notary%27s+office+main+notary+deeds+entered+into+by+public+deed+by+type+of+deed-279	2026-05-04
https://www.pordata.pt/en/portugal/number+of+active+age+people+per+old+person-735	2026-08-05
https://www.pordata.pt/en/portugal/number+of+corporations+constituted+by+public+deed+by+number+of+corporations+dissolved-697	2026-02-12
https://www.pordata.pt/en/portugal/number+of+heat+wave+days-1337	2026-05-07
https://www.pordata.pt/en/portugal/number+of+inhabitants+per+doctor+and+healthcare+personnel-640	2026-08-05
https://www.pordata.pt/en/portugal/number+of+lines+and+extension+of+the+underground+network+++mainland-3086	2025-11-26
https://www.pordata.pt/en/portugal/number+of+rain+free+days-1071	2026-05-07
https://www.pordata.pt/en/portugal/nursery+gardens+++mainland-3403	2025-10-28
https://www.pordata.pt/en/portugal/officials+total+and+by+certain+sports+federations-2232	2026-07-22
https://www.pordata.pt/en/portugal/oil+press+units+total+and+by+type+of+oil+press+unit+%e2%80%93+mainland+portugal-3439	2026-07-09
https://www.pordata.pt/en/portugal/olive+oil+produced+total+and+by+type+of+oil+press+unit+%e2%80%93+mainland+portugal-3441	2026-07-09
https://www.pordata.pt/en/portugal/olive+production+%e2%80%93+mainland+portugal-3362	2026-07-09
https://www.pordata.pt/en/portugal/ombudsman+initiated++terminated+proceedings+and+proceedings+pending-872	2026-05-29
https://www.pordata.pt/en/portugal/opera+audience+per+thousand+inhabitants-591	2026-08-05
https://www.pordata.pt/en/portugal/opera+average+audience+per+performance-596	2025-09-29
https://www.pordata.pt/en/portugal/opera+performances+and+audiences-182	2025-09-29
https://www.pordata.pt/en/portugal/operating+airlines+number+and+extent-3191	2025-11-27
https://www.pordata.pt/en/portugal/overall+average+results+of+the+exams+in+lower+secondary+and+upper+secondary+education-2496	2026-01-14
https://www.pordata.pt/en/portugal/passenger++freight+and+mail+traffic+at+major+airports+total++national+and+international-3198	2025-11-27
https://www.pordata.pt/en/portugal/passenger+and+cargo+transport+flights+total++domestic+and+international-3193	2025-11-27
https://www.pordata.pt/en/portugal/passenger+motor+vehicles+in+circulation+total+and+by+age+of+vehicle-3102	2025-10-17
https://www.pordata.pt/en/portugal/passenger+traffic+at+major+airports+lisbon++oporto+and+faro-3248	2025-11-27
https://www.pordata.pt/en/portugal/passenger+traffic+at+major+airports+total++embarked++disembarked+and+in+direct+transit-3240	2025-11-27
https://www.pordata.pt/en/portugal/passengers+transported+by+air+total+and+by+continent+of+destination-3202	2025-11-26
https://www.pordata.pt/en/portugal/passengers+transported+by+air+total+and+by+continent+of+origin-3253	2026-01-12
https://www.pordata.pt/en/portugal/passengers+transported+by+road+transport+companies+total++national+and+international+++mainland-3120	2025-11-17
https://www.pordata.pt/en/portugal/passengers+transported+by+sea+total++embarked+and+disembarked-3169	2026-07-01
https://www.pordata.pt/en/portugal/passengers+transported+in+national+territory+by+road+transport+companies+total+and+by+type+of+service+++mainland-3121	2025-11-17
https://www.pordata.pt/en/portugal/passengers+transported+in+the+rail+system+total+and+by+type+of+traffic+++mainland-3116	2025-11-26
https://www.pordata.pt/en/portugal/passengers+transported+in+the+underground+++mainland-3089	2025-11-26
https://www.pordata.pt/en/portugal/pedestrians+hit+by+cars+total+and+fatalities+++mainland-3095	2025-10-27
https://www.pordata.pt/en/portugal/pensions+as+a+percentage+of+resident+population+aged+15+and+over+total++social+security+and+public+administration+retirement+fund-718	2026-08-05
https://www.pordata.pt/en/portugal/pensions+total++social+security+and+public+administration+retirement+fund-851	2026-07-09
https://www.pordata.pt/en/portugal/perinatal+and+neonatal+mortality+rates-529	2026-05-05
https://www.pordata.pt/en/portugal/permanent+emigrants+total+and+by+age+group-2522	2025-09-30
https://www.pordata.pt/en/portugal/permanent+emigrants+total+and+by+highest+level+of+education+completed+(percentage)-3794	2023-04-03
https://www.pordata.pt/en/portugal/permanent+emmigrants+total+and+by+nationality-3797	2025-09-30
https://www.pordata.pt/en/portugal/permanent+immigrants+total+and+by+age+group-3255	2024-09-30
https://www.pordata.pt/en/portugal/permanent+immigrants+total+and+by+birthplace-3256	2024-09-30
https://www.pordata.pt/en/portugal/permanent+immigrants+total+and+by+nationality-3795	2026-02-19
https://www.pordata.pt/en/portugal/permanent+immigrants+total+and+by+sex-3254	2025-09-30
https://www.pordata.pt/en/portugal/personnel+(fte)+in+research+and+development+activities+(r+d)+total+and+of+enterprises+sector-317	2026-07-30
https://www.pordata.pt/en/portugal/personnel+employed+by+air+carriers+and+airport+undertakings+total+and+by+type-3195	2025-11-27
https://www.pordata.pt/en/portugal/personnel+employed+by+fishing+and+aquaculture+enterprises-3443	2026-01-07
https://www.pordata.pt/en/portugal/personnel+employed+in+courts+of+justice-404	2026-05-05
https://www.pordata.pt/en/portugal/personnel+employed+in+enterprises+total+and+by+legal+form-2894	2025-12-18
https://www.pordata.pt/en/portugal/personnel+employed+in+enterprises+total+and+by+sector+of+economic+activity-2895	2025-12-22
https://www.pordata.pt/en/portugal/personnel+employed+in+enterprises+total+and+by+size-2896	2025-12-18
https://www.pordata.pt/en/portugal/personnel+employed+in+enterprises+total-2893	2025-12-22
https://www.pordata.pt/en/portugal/personnel+employed+in+non+financial+enterprises+total+and+by+band+of+personnel+employed-3005	2025-12-22
https://www.pordata.pt/en/portugal/personnel+employed+in+rail+transport+++mainland-3112	2025-11-26
https://www.pordata.pt/en/portugal/personnel+employed+in+small+and+medium+sized+enterprises-2931	2025-12-22
https://www.pordata.pt/en/portugal/personnel+employed+in+the+underground+++mainland-3092	2025-11-26
https://www.pordata.pt/en/portugal/personnel+employed+in+tourist+accommodations+total+and+by+type+of+establishment+(1966+2018)-2627	2022-08-26
https://www.pordata.pt/en/portugal/personnel+employed+within+the+police+force+per+100+thousand+inhabitants-2039	2026-08-05
https://www.pordata.pt/en/portugal/personnel+employed+within+the+police+force-276	2026-02-18
https://www.pordata.pt/en/portugal/pharmacies+number-153	2026-06-26
https://www.pordata.pt/en/portugal/pharmacies+per+10+thousand+inhabitants-607	2026-08-05
https://www.pordata.pt/en/portugal/phds+grants+awarded+approved+and+being+used+++fct++(1994+++2017)-351	2022-12-21
https://www.pordata.pt/en/portugal/phds+grants+awarded+by+scientific+area+++fct+(1994+++2015)-243	2022-12-21
https://www.pordata.pt/en/portugal/pisa+mathematics+results+for+students+residing+in+portugal-3514	2023-12-06
https://www.pordata.pt/en/portugal/pisa+reading+results+for+students+residing+in+portugal-3513	2023-12-05
https://www.pordata.pt/en/portugal/pisa+science+results+for+students+residing+in+portugal-3515	2023-12-05
https://www.pordata.pt/en/portugal/potential+greenhouse+effect+on+agriculture-3351	2025-10-15
https://www.pordata.pt/en/portugal/primary+energy+consumption+total+and+by+type+of+energy+source-1130	2026-06-17
https://www.pordata.pt/en/portugal/primary+health+centres+number++branches+and+beds+(1961+2012)-584	2019-09-25
https://www.pordata.pt/en/portugal/prisoners+released+total+and+by+main+reasons-275	2026-05-29
https://www.pordata.pt/en/portugal/prisoners+total+and+by+age+group-272	2026-05-29
https://www.pordata.pt/en/portugal/prisoners+total+and+by+level+of+education+completed-273	2026-05-29
https://www.pordata.pt/en/portugal/prisoners+total+and+by+sex-271	2026-05-29
https://www.pordata.pt/en/portugal/prisoners+total+and+in+protective+custody-269	2026-05-29
https://www.pordata.pt/en/portugal/prisons+personnel+employed+and+surveillance+personnel-277	2026-05-29
https://www.pordata.pt/en/portugal/prisons+total+and+capacity-270	2026-05-29
https://www.pordata.pt/en/portugal/private+consumption+as+percentage+of+gdp-2937	2026-03-25
https://www.pordata.pt/en/portugal/private+consumption-2821	2026-03-26
https://www.pordata.pt/en/portugal/private+households++by+age+group+of+the+household%27s+representative-821	2026-02-24
https://www.pordata.pt/en/portugal/private+households+by+income+band+income+tax+category+1+(1990+2016)-80	2019-11-19
https://www.pordata.pt/en/portugal/private+households+by+income+band+income+tax+category+1+2-79	2026-01-06
https://www.pordata.pt/en/portugal/private+households+by+income+band+income+tax+category+2+(1990+2016)-81	2019-11-19
https://www.pordata.pt/en/portugal/private+households+total+and+by+household+type-19	2026-02-04
https://www.pordata.pt/en/portugal/private+households+with+a+computer++with+internet+access+and+with+broadband+internet+access+(percentage)-1158	2026-01-28
https://www.pordata.pt/en/portugal/production+of+electricity+total+and+from+renewable+sources-1127	2025-10-20
https://www.pordata.pt/en/portugal/protected+areas+and+natura+2000+network+(percentage)-3748	2026-08-07
https://www.pordata.pt/en/portugal/protected+areas+and+natura+2000+network-3747	2026-01-23
https://www.pordata.pt/en/portugal/public+administration+expenditure+on+environment+as+a+percentage+of+total+expenditure+(1995+2013)-1221	2025-12-19
https://www.pordata.pt/en/portugal/public+administration+retirement+fund+average+retirement+age+of+retirees-1085	2026-05-07
https://www.pordata.pt/en/portugal/public+administration+retirement+fund+pensions+by+type-3467	2026-05-07
https://www.pordata.pt/en/portugal/public+administration+retirement+fund+revenue+and+expenditure+as+a+percentage+of+gdp-2040	2026-07-14
https://www.pordata.pt/en/portugal/public+administration+retirement+fund+revenue+and+expenditure-387	2026-05-07
https://www.pordata.pt/en/portugal/public+administration+retirement+fund+subscribers-3466	2026-05-07
https://www.pordata.pt/en/portugal/public+consumption+as+percentage+of+gdp-2823	2026-06-19
https://www.pordata.pt/en/portugal/public+consumption-2820	2026-03-26
https://www.pordata.pt/en/portugal/public+prosecution+service+in+courts+of+justice+initiated++terminated+proceedings+and+proceedings+pending-3812	2025-12-10
https://www.pordata.pt/en/portugal/public+prosecution+service+in+courts+of+justice+inquiry+proceedings+registered+and+acted+upon-249	2025-12-10
https://www.pordata.pt/en/portugal/public+schools+as+a+percentage+of+the+total+schools+in+pre+school++primary++lower+secondary+and+upper+secondary+education+by+level+of+education-1259	2026-06-29
https://www.pordata.pt/en/portugal/public+transfers+with+the+eu+as+a+percentage+of+the+gdp-2364	2026-03-26
https://www.pordata.pt/en/portugal/public+transfers+with+the+the+european+union-2363	2026-02-19
https://www.pordata.pt/en/portugal/purchases+made+with+automatic+payment+terminals+number+and+amounts-2948	2026-06-22
https://www.pordata.pt/en/portugal/railway+accidents++injured+and+fatalities+++mainland-3115	2025-11-26
https://www.pordata.pt/en/portugal/railway+stations+and+level+crossings+++mainland-3110	2025-11-26
https://www.pordata.pt/en/portugal/railway+vehicles+++mainland-3111	2025-10-22
https://www.pordata.pt/en/portugal/rainfall+in+month+of+heaviest+rainfall-1338	2026-05-07
https://www.pordata.pt/en/portugal/real+gdp+growth+rate-2298	2026-03-13
https://www.pordata.pt/en/portugal/registered+fishermen-3445	2024-05-23
https://www.pordata.pt/en/portugal/registered+voters+in+the+elections+for+the+european+parliament+total++voters+and+abstention-2197	2024-06-26
https://www.pordata.pt/en/portugal/registered+voters+in+the+elections+for+the+legislative+assembly+of+the+autonomous+region+of+madeira+total++voters+and+abstention-2242	2025-11-26
https://www.pordata.pt/en/portugal/registered+voters+in+the+elections+for+the+legislative+assembly+of+the+autonomous+region+of+the+azores+total++voters+and+abstention-2246	2024-02-05
https://www.pordata.pt/en/portugal/registered+voters+in+the+elections+for+the+local+authorities+total++voters+and+abstention-2190	2025-12-18
https://www.pordata.pt/en/portugal/registered+voters+in+the+elections+for+the+parliament+total++voters+and+abstention-2181	2025-11-25
https://www.pordata.pt/en/portugal/registered+voters+in+the+elections+for+the+presidency+of+the+republic+total++voters+and+abstention-2172	2026-02-18
https://www.pordata.pt/en/portugal/registered+voters+resident+abroad+in+the+elections+for+the+european+parliament+total++voters+and+abstention-2199	2024-06-26
https://www.pordata.pt/en/portugal/registered+voters+resident+abroad+in+the+elections+for+the+parliament+total++voters+and+abstention-2183	2025-11-25
https://www.pordata.pt/en/portugal/registered+voters+resident+abroad+in+the+elections+for+the+presidency+of+the+republic+total++voters+and+abstention-2174	2026-02-18
https://www.pordata.pt/en/portugal/registered+voters+resident+in+portugal+in+the+elections+fo+the+presidency+of+the+republic+total++voters+and+abstention-2173	2026-02-18
https://www.pordata.pt/en/portugal/registered+voters+resident+in+portugal+in+the+elections+for+the+european+parliament+total++voters+and+abstention-2198	2024-06-26
https://www.pordata.pt/en/portugal/registered+voters+resident+in+portugal+in+the+elections+for+the+parliament+total++voters+and+abstention-2182	2025-11-25
https://www.pordata.pt/en/portugal/registration+of+titles+in+the+area+of+legal+deposit-984	2026-07-16
https://www.pordata.pt/en/portugal/registred+individuals+resident+in+portugal+total+and+by+age+group-2252	2026-03-16
https://www.pordata.pt/en/portugal/registred+individuals+resident+in+portugal+total+and+by+sex-2251	2026-03-16
https://www.pordata.pt/en/portugal/registred+individuals+total++by+citizenship+and+by+residence-2250	2026-03-05
https://www.pordata.pt/en/portugal/relative+median+at+risk+of+poverty+gap-2360	2025-12-12
https://www.pordata.pt/en/portugal/remittances+by+emigrants++immigrants+and+balance+as+a+percentage+of+gdp-2366	2026-03-26
https://www.pordata.pt/en/portugal/remittances+by+emigrants++immigrants+and+balance-2365	2026-02-19
https://www.pordata.pt/en/portugal/remittances+from+emigrants+total+and+by+countries+of+origin-2367	2026-02-19
https://www.pordata.pt/en/portugal/remittances+from+immigrants+total+and+by+countries+of+destination-2368	2026-02-20
https://www.pordata.pt/en/portugal/renewable+energies+to+the+energy+balance-1128	2025-12-03
https://www.pordata.pt/en/portugal/researchers+(fte)+in+research+and+development+activities+(r+d)+total+and+of+enterprises+sector-775	2026-07-30
https://www.pordata.pt/en/portugal/researchers+(fte)+involved+in+research+and+development+activities+(r+d)+total+and+by+field+of+scientific+activity-1183	2026-01-06
https://www.pordata.pt/en/portugal/researchers+(fte)+involved+in+research+and+development+activities+(r+d)+total+and+by+sector+of+performance-1095	2026-07-30
https://www.pordata.pt/en/portugal/resident+female+population++estimates+at+december+31st+total+and+by+age+group-8	2026-08-05
https://www.pordata.pt/en/portugal/resident+female+population+aged+16+to+64+and+65+to+89+by+highest+level+of+educational+qualifications+obtained-195	2026-02-05
https://www.pordata.pt/en/portugal/resident+female+population+aged+65+and+over+total+and+by+age+group-3510	2026-06-24
https://www.pordata.pt/en/portugal/resident+female+population+aged+between+16+and+89+by+level+of+highest+educational+qualifications+obtained+(percentage)-885	2026-02-05
https://www.pordata.pt/en/portugal/resident+female+population+aged+between+16+and+89+total+and+by+highest+level+of+educational+qualifications+obtained-2103	2026-02-05
https://www.pordata.pt/en/portugal/resident+female+population+total+and+by+major+age+groups-519	2026-08-05
https://www.pordata.pt/en/portugal/resident+foreign+population+total+and+by+legal+framework-1995	2024-09-20
https://www.pordata.pt/en/portugal/resident+male+population++estimates+at+december+31st+total+and+by+age+group-9	2026-08-05
https://www.pordata.pt/en/portugal/resident+male+population+aged+16+to+64+and+65+to+89+by+highest+level+of+educational+qualifications+obtained-196	2026-02-05
https://www.pordata.pt/en/portugal/resident+male+population+aged+65+and+over+total+and+by+age+group-3509	2026-06-24
https://www.pordata.pt/en/portugal/resident+male+population+aged+between+16+and+89+by+level+of+highest+educational+qualifications+obtained+(percentage)-886	2026-02-05
https://www.pordata.pt/en/portugal/resident+male+population+aged+between+16+and+89+total+and+by+highest+level+of+educational+qualifications+obtained-2102	2026-02-05
https://www.pordata.pt/en/portugal/resident+male+population+total+and+by+major+age+groups-518	2026-08-05
https://www.pordata.pt/en/portugal/resident+population++estimates+at+december+31st+total+and+by+age+group-7	2026-08-04
https://www.pordata.pt/en/portugal/resident+population++estimates+at+december+31st+total+and+by+sex-5	2026-06-22
https://www.pordata.pt/en/portugal/resident+population+aged+16+to+64+and+65+to+89+by+highest+level+of+educational+qualifications+obtained+(percentage)-2266	2026-02-05
https://www.pordata.pt/en/portugal/resident+population+aged+16+to+64+and+65+to+89+by+highest+level+of+educational+qualifications+obtained-332	2026-02-05
https://www.pordata.pt/en/portugal/resident+population+aged+30+to+34+with+completed+higher+education+as+a+percentage+of+resident+population+total+and+by+sex-3512	2026-02-04
https://www.pordata.pt/en/portugal/resident+population+aged+65+and+over+total+and+by+age+group-3508	2026-06-24
https://www.pordata.pt/en/portugal/resident+population+aged+between+16+and+89+by+level+of+highest+educational+qualifications+obtained+(percentage)-884	2026-08-05
https://www.pordata.pt/en/portugal/resident+population+aged+between+16+and+89+by+level+of+highest+educational+qualifications+obtained+total+and+by+sex-333	2026-02-05
https://www.pordata.pt/en/portugal/resident+population+aged+between+16+and+89+total+and+by+highest+level+of+educational+qualifications+obtained-2101	2026-02-05
https://www.pordata.pt/en/portugal/resident+population+of+working+age+total+and+by+age+group-3245	2026-08-05
https://www.pordata.pt/en/portugal/resident+population+total+and+by+major+age+groups+(percentage)-3018	2026-08-05
https://www.pordata.pt/en/portugal/resident+population+total+and+by+major+age+groups-513	2026-08-05
https://www.pordata.pt/en/portugal/resident+population+who+went+on+tourism+as+percentage+of+resident+population+total+and+by+age+group-2814	2026-08-05
https://www.pordata.pt/en/portugal/resident+population+who+went+on+tourism+as+percentage+of+resident+population+total+and+by+destination+of+trip-2619	2026-08-05
https://www.pordata.pt/en/portugal/resident+population+who+went+on+tourism+total+and+by+age+group-2561	2026-07-10
https://www.pordata.pt/en/portugal/resident+population+who+went+on+tourism+total+and+by+destination+of+trip-2616	2026-07-13
https://www.pordata.pt/en/portugal/resident+population+who+went+on+tourism+total+and+by+level+of+schooling+(percentage)-2618	2026-07-10
https://www.pordata.pt/en/portugal/resident+population+who+went+on+tourism+total+and+by+sex-2560	2026-07-10
https://www.pordata.pt/en/portugal/resident+population+who+went+on+tourism+total+and+by+work+situation+(percentage)-2617	2026-07-10
https://www.pordata.pt/en/portugal/results+in+the+elections+for+the+city+hall+elected+individuals+by+political+party+or+coalition-2193	2025-12-18
https://www.pordata.pt/en/portugal/results+in+the+elections+for+the+european+parliament+elected+individuals+by+political+party+or+coalition-2206	2024-06-26
https://www.pordata.pt/en/portugal/results+in+the+elections+for+the+legislative+assembly+of+the+autonomous+region+of+madeira+elected+individuals+by+political+party+or+coalition-2245	2025-11-26
https://www.pordata.pt/en/portugal/results+in+the+elections+for+the+legislative+assembly+of+the+autonomous+region+of+the+azores+elected+individuals+by+political+party+or+coalition-2249	2024-02-05
https://www.pordata.pt/en/portugal/results+in+the+elections+for+the+parliament+elected+individuals+by+political+party+or+coalition-2241	2025-11-26
https://www.pordata.pt/en/portugal/retention+and+desistance+rate+in+primary+and+lower+secondary+education+total+and+by+school+years-3507	2026-06-30
https://www.pordata.pt/en/portugal/retention+and+desistance+rate+in+upper+secondary+education+total+and+by+school+years-3511	2026-06-30
https://www.pordata.pt/en/portugal/retirees+of+the+public+administration+retirement+fund+total+and+by+pension+scales-2129	2026-05-07
https://www.pordata.pt/en/portugal/return+rate+of+treasury+bonds-2803	2026-02-16
https://www.pordata.pt/en/portugal/revenue+from+fish+auction+sales+total+and+by+main+species-3452	2026-05-28
https://www.pordata.pt/en/portugal/revenue+per+bedroom+in+tourist+accommodations+total+and+by+type+of+establishment-2633	2026-07-09
https://www.pordata.pt/en/portugal/revenues+from+underground+transport+++mainland-3090	2025-11-26
https://www.pordata.pt/en/portugal/road+accidents+with+victims+total+and+by+type+of+accident+++mainland-3093	2025-10-27
https://www.pordata.pt/en/portugal/road+accidents+with+victims+total+and+by+type+of+road+++mainland-3094	2025-10-27
https://www.pordata.pt/en/portugal/road+traffic+accidents+with+victims++injuries+and+deaths+++mainland+portugal-326	2026-07-28
https://www.pordata.pt/en/portugal/road+traffic+accidents+with+victims+per+thousand+inhabitants+++mainland+portugal-1990	2026-07-28
https://www.pordata.pt/en/portugal/sales+from+fish+produced+in+aquaculture+total+and+by+main+species-3455	2026-05-28
https://www.pordata.pt/en/portugal/saving+of+households-2323	2026-05-11
https://www.pordata.pt/en/portugal/savings+and+wages+salaries+in+total+of+disposable+income+(percentage)-710	2026-05-11
https://www.pordata.pt/en/portugal/savings+rate+of+households-2340	2026-05-11
https://www.pordata.pt/en/portugal/school+library+network+investment-2000	2025-10-27
https://www.pordata.pt/en/portugal/school+library+network+number+of+school+libraries+by+sub+system+of+education-1999	2025-10-27
https://www.pordata.pt/en/portugal/school+welfare+measures+beneficiaries+in+public+non+higher+education+%e2%80%93+mainland+portugal-3782	2025-10-06
https://www.pordata.pt/en/portugal/school+welfare+measures+beneficiaries+in+public+non+higher+education+by+benefit+type+%e2%80%93+mainland+portugal+(1981+2019)-1176	2022-10-13
https://www.pordata.pt/en/portugal/school+welfare+measures+expenditure+in+non+higher+education+total+and+by+benefit+type+++mainland+portugal+(1993+++2019)-1076	2022-09-22
https://www.pordata.pt/en/portugal/school+welfare+measures+expenditure+in+non+higher+education+total+and+by+sub+system+of+education+%e2%80%93+mainland+portugal-1078	2025-10-06
https://www.pordata.pt/en/portugal/schools+in+pre+school++primary++lower+secondary+and+upper+secondary+education+by+level+of+education-1237	2026-06-29
https://www.pordata.pt/en/portugal/schools+in+pre+school++primary++lower+secondary+and+upper+secondary+private+education+total+and+by+level+of+education-1242	2026-06-29
https://www.pordata.pt/en/portugal/schools+in+pre+school++primary++lower+secondary+and+upper+secondary+public+education+total+and+by+level+of+education-1241	2026-06-29
https://www.pordata.pt/en/portugal/scientific+publications+number++referenced+publications+and+references-1996	2025-10-07
https://www.pordata.pt/en/portugal/scientific+publications+per+100+thousand+inhabitants-1196	2026-08-05
https://www.pordata.pt/en/portugal/scientific+publications+total+and+by+scientific+area+%e2%80%93+global+count-1137	2025-10-07
https://www.pordata.pt/en/portugal/scientific+publications+total+and+by+type+of+document-1154	2025-10-07
https://www.pordata.pt/en/portugal/scientific+publications+total+and+in+co+authorship+with+institutions+of+other+countries-1134	2025-10-07
https://www.pordata.pt/en/portugal/screenings+total+and+by+film%27s+country+of+origin-321	2026-05-05
https://www.pordata.pt/en/portugal/selective+urban+waste+collection+(percentage)-1228	2025-12-19
https://www.pordata.pt/en/portugal/self+employed+persons++with+or+without+workers+total+and+by+highest+level+of+education+completed-1387	2026-02-06
https://www.pordata.pt/en/portugal/services+balance+total+and+by+main+trading+partner+countries-2350	2026-02-20
https://www.pordata.pt/en/portugal/services+balance+total+and+by+type-2813	2026-02-19
https://www.pordata.pt/en/portugal/severe+material+and+social+deprivation+rate-3787	2025-12-12
https://www.pordata.pt/en/portugal/severe+material+deprivation+rate+(2004+2020)-2358	2022-11-04
https://www.pordata.pt/en/portugal/sex+ratio+total+and+by+age+group-2751	2026-08-05
https://www.pordata.pt/en/portugal/sex+ratio-621	2026-08-05
https://www.pordata.pt/en/portugal/single+parent+private+households+total+and+by+sex-20	2026-02-04
https://www.pordata.pt/en/portugal/single+person+private+households+of+individuals+aged+65+and+over+as+a+percentage+of+total+households-2271	2026-02-24
https://www.pordata.pt/en/portugal/single+person+private+households+total+and+with+a+person+aged+65+and+over-822	2026-02-24
https://www.pordata.pt/en/portugal/small+and+medium+sized+enterprises+as+a+percentage+of+total+enterprises+total+and+by+size-2859	2025-12-22
https://www.pordata.pt/en/portugal/small+and+medium+sized+enterprises+total+and+by+sector+of+economic+activity-2928	2025-12-22
https://www.pordata.pt/en/portugal/small+and+medium+sized+enterprises+total+and+by+size-2927	2025-12-22
https://www.pordata.pt/en/portugal/social+action+in+higher+education+allocation+and+expenditure+by+funding+source-3806	2025-10-06
https://www.pordata.pt/en/portugal/social+security+active+beneficiaries+in+total+of+active+population+(percentage)-717	2026-06-01
https://www.pordata.pt/en/portugal/social+security+average+expenditure+on+unemployment+benefits+per+beneficiary+total++unemployment+benefit+and+supplementary+unemployment+benefit-708	2026-06-01
https://www.pordata.pt/en/portugal/social+security+beneficiaries+of+guaranteed+minimum+income+and+social+integration+benefit+total+and+by+age+group-761	2026-06-02
https://www.pordata.pt/en/portugal/social+security+beneficiaries+of+guaranteed+minimum+income+and+social+integration+benefit+total+and+by+sex-760	2026-06-01
https://www.pordata.pt/en/portugal/social+security+beneficiaries+of+maternity+and+initial+parental+benefits+total+and+by+age+group-120	2026-06-01
https://www.pordata.pt/en/portugal/social+security+beneficiaries+of+sickness+benefit+total+and+by+age+group-385	2026-06-01
https://www.pordata.pt/en/portugal/social+security+beneficiaries+of+sickness+benefit+total+and+by+sex-118	2026-06-01
https://www.pordata.pt/en/portugal/social+security+beneficiaries+of+supplementary+unemployment+benefit+total+and+by+age+group-112	2026-06-02
https://www.pordata.pt/en/portugal/social+security+beneficiaries+of+supplementary+unemployment+benefit+total+and+by+sex-110	2026-06-02
https://www.pordata.pt/en/portugal/social+security+beneficiaries+of+unemployment+benefit+total+and+by+age+group-109	2026-06-01
https://www.pordata.pt/en/portugal/social+security+beneficiaries+of+unemployment+benefit+total+and+by+sex-108	2026-06-01
https://www.pordata.pt/en/portugal/social+security+beneficiaries+of+unemployment+benefits+in+total+of+unemployment+registered+at+the+public+employment+offic+(percentage)-709	2026-06-01
https://www.pordata.pt/en/portugal/social+security+compensation+for+late+payment+of+salaries-114	2025-11-26
https://www.pordata.pt/en/portugal/social+security+expenditure+as+percentage+of+gdp-705	2026-07-14
https://www.pordata.pt/en/portugal/social+security+expenditure+child+and+family+benefits+by+type-121	2025-11-25
https://www.pordata.pt/en/portugal/social+security+expenditure+on+maternal+and+illness+benefits-116	2025-11-26
https://www.pordata.pt/en/portugal/social+security+expenditure+total+and+by+type-100	2026-02-19
https://www.pordata.pt/en/portugal/social+security+old+age+pensions+and+public+administration+retirement+fund+retirees+as+a+percentage+of+active+population-704	2026-07-09
https://www.pordata.pt/en/portugal/social+security+pensions+as+percentage+of+gdp+total+expenditure+and+by+type-942	2026-07-14
https://www.pordata.pt/en/portugal/social+security+pensions+total++survivors+pensioners++disability+pensioners++old+age+pensioners-96	2026-07-09
https://www.pordata.pt/en/portugal/social+security+pensions+total+expenditure+and+by+type-102	2025-11-25
https://www.pordata.pt/en/portugal/social+security+revenue+as+a+percentage+of+gdp-766	2026-07-14
https://www.pordata.pt/en/portugal/social+security+revenue+total+and+by+type-123	2026-02-19
https://www.pordata.pt/en/portugal/social+security+survivor+and+old+age+beneficiaries+by+type+of+pension+or+benefit-99	2026-07-09
https://www.pordata.pt/en/portugal/social+security+unemployment+benefit+total+benefits++unemployment+benefit+and+supplementary+unemployment+benefit-104	2026-02-19
https://www.pordata.pt/en/portugal/social+security+unemployment+benefits+total+benefits++unemployment+benefit+and+supplementary+unemployment+benefit-381	2026-06-01
https://www.pordata.pt/en/portugal/sportspersons+per+thousand+inhabitants-2237	2026-08-05
https://www.pordata.pt/en/portugal/staff+costs+by+worker+total+and+by+sector+of+economic+activity-2898	2025-12-23
https://www.pordata.pt/en/portugal/staff+costs+by+worker+total+and+by+size-2899	2025-12-22
https://www.pordata.pt/en/portugal/staff+costs+in+small+and+medium+sized+enterprises+total+and+by+size-2935	2025-12-22
https://www.pordata.pt/en/portugal/state+auditor%27s+office+initiated++terminated+proceedings+and+proceedings+pending-870	2026-05-29
https://www.pordata.pt/en/portugal/stock+market+indices+psi+general+and+psi+20-2944	2026-02-16
https://www.pordata.pt/en/portugal/strikes+total++workers+involved+and+workdays+lost-71	2026-01-07
https://www.pordata.pt/en/portugal/strikes+total+and+by+sector+of+economic+activity-67	2026-01-07
https://www.pordata.pt/en/portugal/strikes+workers+involved+by+sector+of+economic+activity-69	2026-01-07
https://www.pordata.pt/en/portugal/strikes+working+days+lost+by+sector+of+economic+activity-70	2026-01-07
https://www.pordata.pt/en/portugal/students+enrolled+by+level+of+education+and+sex-1005	2026-06-29
https://www.pordata.pt/en/portugal/students+enrolled+in+higher+education+by+sub+system+of+education+and+sex-1049	2026-01-08
https://www.pordata.pt/en/portugal/students+enrolled+in+higher+education+by+type+of+education+and+by+sex-1044	2026-01-08
https://www.pordata.pt/en/portugal/students+enrolled+in+higher+education+total+and+by+area+of+education+and+training-1026	2026-01-08
https://www.pordata.pt/en/portugal/students+enrolled+in+higher+education+total+and+by+level+of+education-1023	2026-01-08
https://www.pordata.pt/en/portugal/students+enrolled+in+higher+education+total+and+by+sex-1048	2026-01-08
https://www.pordata.pt/en/portugal/students+enrolled+in+higher+education+total+and+by+sub+system+and+type+of+education-1019	2026-01-08
https://www.pordata.pt/en/portugal/students+enrolled+in+higher+education+total+and+by+sub+system+of+education-1017	2026-01-08
https://www.pordata.pt/en/portugal/students+enrolled+in+higher+education+total+and+by+type+of+education-1018	2026-01-08
https://www.pordata.pt/en/portugal/students+enrolled+in+pre+school+education+total+and+by+age-3501	2026-06-29
https://www.pordata.pt/en/portugal/students+enrolled+in+pre+school+education+total+and+by+sex-852	2026-06-29
https://www.pordata.pt/en/portugal/students+enrolled+in+pre+school+education+total+and+by+sub+system+of+education-853	2026-06-29
https://www.pordata.pt/en/portugal/students+enrolled+in+primary+and+lower+secondary++education+total+and+by+modality+of+education-1039	2026-07-16
https://www.pordata.pt/en/portugal/students+enrolled+in+private+education+as+a+percentage+of+enrolled+students+in+pre+school++primary++lower+secondary+and+upper+secondary+education+total+and+by+level+of+education-3024	2026-06-29
https://www.pordata.pt/en/portugal/students+enrolled+in+private+education+as+a+percentage+of+enrolled+students+total+and+by+level+of+education-3025	2026-06-29
https://www.pordata.pt/en/portugal/students+enrolled+in+private+education+total+and+by+level+of+education-1004	2026-06-29
https://www.pordata.pt/en/portugal/students+enrolled+in+private+education+total+and+by+modality+of+education-1041	2026-07-16
https://www.pordata.pt/en/portugal/students+enrolled+in+private+higher+education+per+100+students+enrolled+in+public+higher+education++-1050	2026-01-08
https://www.pordata.pt/en/portugal/students+enrolled+in+private+upper+secondary+education+total+and+by+modality+of+education-1016	2026-06-29
https://www.pordata.pt/en/portugal/students+enrolled+in+public+education+total+and+by+level+of+education-1003	2026-06-29
https://www.pordata.pt/en/portugal/students+enrolled+in+public+primary+and+lower+secondary+education+total+and+by+modality+of+education-1040	2026-07-16
https://www.pordata.pt/en/portugal/students+enrolled+in+public+upper+secondary+education+total+and+by+modality+of+education-1015	2026-06-29
https://www.pordata.pt/en/portugal/students+enrolled+in+upper+secondary+education+total+and+by+modality+of+education-1042	2026-06-29
https://www.pordata.pt/en/portugal/students+with+positive+classification+on+the+exams+in+lower+secondary+and+upper+secondary+education+(percentage)-2495	2026-01-14
https://www.pordata.pt/en/portugal/subscribers+++equipments+for+mobile+service+users-1180	2025-10-17
https://www.pordata.pt/en/portugal/subscribers+per+retirement+and+other+pensions+of+public+administration+retirement+fund-2574	2026-05-07
https://www.pordata.pt/en/portugal/summary+table/portugal-827713	
https://www.pordata.pt/en/portugal/supreme+administrative+court+initiated++terminated+proceedings+and+proceedings+pending-871	2026-05-04
https://www.pordata.pt/en/portugal/supreme+court+of+justice+initiated++terminated+proceedings+and+proceedings+pending+by+legal+area-248	2026-05-04
https://www.pordata.pt/en/portugal/surface+area+of+the+main+fruit+and+olive+trees-3365	2026-08-03
https://www.pordata.pt/en/portugal/surface+of+vineyard+total+and+for+wine-3363	2026-07-08
https://www.pordata.pt/en/portugal/survivor+and+other+public+administration+retirement+fund+pensions+total+and+pension+scales-2131	2026-05-07
https://www.pordata.pt/en/portugal/teaching+staff+in+higher+education+total++by+sub+system+and+by+type+of+education-354	2025-10-13
https://www.pordata.pt/en/portugal/teaching+staff+in+higher+education+total+and+by+sex-666	2025-10-13
https://www.pordata.pt/en/portugal/teaching+staff+in+higher+education+total+and+by+sub+system+of+education-225	2025-10-13
https://www.pordata.pt/en/portugal/teaching+staff+in+higher+education+total+and+by+type+of+education-352	2025-10-13
https://www.pordata.pt/en/portugal/teaching+staff+in+pre+school+++primary++lower+secondary+and+upper+secondary+public+education+total+and+by+level+of+education-241	2026-07-14
https://www.pordata.pt/en/portugal/teaching+staff+in+pre+school++primary++lower+secondary++and+upper+secondary+private+education+total+and+by+level+of+education-242	2026-07-14
https://www.pordata.pt/en/portugal/teaching+staff+in+pre+school++primary++lower+secondary+and+upper+secondary+education+total+and+by+level+of+education-240	2026-06-29
https://www.pordata.pt/en/portugal/technology+balance+of+payments+total+and+by+components-2991	2026-02-20
https://www.pordata.pt/en/portugal/telephone+accesses+stations+per+thousand+inhabitants-1200	2026-08-05
https://www.pordata.pt/en/portugal/temporary+emigrants+total+and+by+age+group-2523	2025-09-30
https://www.pordata.pt/en/portugal/terminated+civil+actions+in+courts+of+first+instance+total+and+by+duration-993	2026-02-18
https://www.pordata.pt/en/portugal/terminated+enforcement+actions+in+courts+of+first+instance+total+and+by+type-1148	2025-12-10
https://www.pordata.pt/en/portugal/terminated+proceedings+of+adoption-1426	2026-02-18
https://www.pordata.pt/en/portugal/terminated+proceedings+of+full+adoption+total+and+by+duration-1428	2026-02-18
https://www.pordata.pt/en/portugal/theatre+audience+per+thousand+inhabitants-592	2026-08-05
https://www.pordata.pt/en/portugal/theatre+average+audience+per+performance-597	2025-09-26
https://www.pordata.pt/en/portugal/theatre+box+office+revenue-392	2025-09-26
https://www.pordata.pt/en/portugal/theatre+performances+and+audiences-183	2025-09-26
https://www.pordata.pt/en/portugal/titles+in+portuguese+total++originals+and+translated-986	2026-07-23
https://www.pordata.pt/en/portugal/total+incomes+of+tourist+accommodations+total+and+by+type+of+establishment-2584	2026-07-09
https://www.pordata.pt/en/portugal/total+personnel+(fte)+involved+in+research+and+development+activities+(r+d)+total+and+by+sector+of+performance-1096	2026-07-30
https://www.pordata.pt/en/portugal/total+personnel+and+researchers+involved+in+research+and+development+activities+(r+d)+full+time+equivalent+per+1+000+active+persons+-1097	2026-07-30
https://www.pordata.pt/en/portugal/total+rainfall-1070	2026-05-07
https://www.pordata.pt/en/portugal/tourist+accommodations+total+and+by+type+of+establishment-2562	2026-07-09
https://www.pordata.pt/en/portugal/touristic+trips+by+residents+total++by+main+destination+and+duration-2552	2026-07-13
https://www.pordata.pt/en/portugal/touristic+trips+by+residents+total++by+main+destination+and+mode+of+transport-2551	2026-07-13
https://www.pordata.pt/en/portugal/touristic+trips+by+residents+total++by+main+destination+and+purpose-2549	2026-07-13
https://www.pordata.pt/en/portugal/touristic+trips+by+residents+total+and+by+main+destination-2550	2026-07-13
https://www.pordata.pt/en/portugal/town+council+expenditure+on+culture+and+sports+total+and+by+cultural+area+(1987+2012)-187	2015-06-26
https://www.pordata.pt/en/portugal/town+council+expenditure+on+culture+and+sports+total+and+by+cultural+area+(2013+)-2755	2026-01-05
https://www.pordata.pt/en/portugal/trade+account+as+a+percentage+of+gdp-2595	2026-05-20
https://www.pordata.pt/en/portugal/trade+account-2594	2026-05-20
https://www.pordata.pt/en/portugal/trade+balance+of+major+forestry+products-3693	2024-06-27
https://www.pordata.pt/en/portugal/travel+and+tourism+account+as+a+percentage+of+gdp-2632	2026-07-14
https://www.pordata.pt/en/portugal/travel+and+tourism+account+balance+by+some+trading+partner+countries-2652	2026-02-20
https://www.pordata.pt/en/portugal/travel+and+tourism+account+exports+by+some+trading+partner+countries-2650	2026-02-19
https://www.pordata.pt/en/portugal/travel+and+tourism+account+imports+by+some+trading+partner+countries-2651	2026-02-20
https://www.pordata.pt/en/portugal/travel+and+tourism+account-2583	2026-02-19
https://www.pordata.pt/en/portugal/tuberculosis+cases+per+100+thousand+inhabitants-608	2026-08-05
https://www.pordata.pt/en/portugal/tuberculosis+new+cases+and+repeat+treatments-157	2026-03-25
https://www.pordata.pt/en/portugal/turnover+in+small+and+medium+sized+enterprises+total+and+by+size-2932	2025-12-22
https://www.pordata.pt/en/portugal/turnover+of+air+transport+enterprises+total+and+by+area-3196	2025-11-27
https://www.pordata.pt/en/portugal/underground+circulation++++mainland-3088	2025-11-26
https://www.pordata.pt/en/portugal/underground+transport+vehicles+++mainland-3087	2025-11-26
https://www.pordata.pt/en/portugal/unemployed+males+total+and+by+type+of+unemployment-359	2026-02-04
https://www.pordata.pt/en/portugal/unemployed+persons+seeking+a+new+job+total+and+by+sex+-438	2026-02-04
https://www.pordata.pt/en/portugal/unemployment+by+age+group-40	2026-02-05
https://www.pordata.pt/en/portugal/unemployment+rate+total+and+by+sex+(percentage)-550	2026-03-13
https://www.pordata.pt/en/portugal/unemployment+registered+at+the+public+employment+office+(yearly+average)+total+and+by+age+group+++mainland+portugal-60	2026-03-05
https://www.pordata.pt/en/portugal/unemployment+registered+at+the+public+employment+office+(yearly+average)+total+and+by+highest+level+of+education+completed+++mainland+portugal-61	2026-03-05
https://www.pordata.pt/en/portugal/unemployment+registered+at+the+public+employment+office+(yearly+average)+total+and+by+length+of+registration-59	2026-03-05
https://www.pordata.pt/en/portugal/unemployment+registered+at+the+public+employment+office+(yearly+average)+total+and+by+sex-58	2026-03-05
https://www.pordata.pt/en/portugal/unemployment+registered+at+the+public+employment+office+(yearly+average)+total+and+by+unemployment+type-57	2026-03-05
https://www.pordata.pt/en/portugal/unemployment+registered+at+the+public+employment+office+seeking+a+new+job+(yearly+average)+total+and+by+large+sectors+of+economic+activity+%e2%80%93+mainland+portugal-320	2026-03-05
https://www.pordata.pt/en/portugal/unemployment+registered+at+the+public+employment+office-56	2026-03-05
https://www.pordata.pt/en/portugal/unemployment+total+and+by+age+group-3246	2026-02-24
https://www.pordata.pt/en/portugal/unemployment+total+and+by+duration+of+job+seeking-360	2026-02-05
https://www.pordata.pt/en/portugal/unemployment+total+and+by+highest+level+of+education+completed+-53	2026-02-06
https://www.pordata.pt/en/portugal/unemployment+total+and+by+sex-38	2026-02-05
https://www.pordata.pt/en/portugal/unemployment+total+and+by+type+of+unemployment+-358	2026-02-04
https://www.pordata.pt/en/portugal/unemployment+total+and+for+25+months+or+more-2809	2026-02-05
https://www.pordata.pt/en/portugal/unloaded+goods+by+sea+of+foreign+origin+total+and+by+country+of+origin-3175	2025-11-24
https://www.pordata.pt/en/portugal/urban+waste+by+collection+method+undifferentiated+and+selective-1104	2025-11-17
https://www.pordata.pt/en/portugal/urban+waste+collection+per+inhabitant+total+and+selectively-1229	2026-08-05
https://www.pordata.pt/en/portugal/urban+waste+management+hierarchy+index-3099	2025-12-19
https://www.pordata.pt/en/portugal/urban+waste+total+and+by+destination+type-1105	2025-12-19
https://www.pordata.pt/en/portugal/utilized+agricultural+area+++irrigable+and+watered+(percentage)-3342	2025-10-09
https://www.pordata.pt/en/portugal/utilized+agricultural+area+total+and+per+type+of+composition-3346	2025-10-09
https://www.pordata.pt/en/portugal/valid+votes+in+the+elections+for+the+city+hall+total+and+by+political+party+or+coalition-2192	2025-12-18
https://www.pordata.pt/en/portugal/valid+votes+in+the+elections+for+the+european+parliament+total+and+by+political+party+or+coalition-2203	2024-06-26
https://www.pordata.pt/en/portugal/valid+votes+in+the+elections+for+the+legislative+assembly+of+the+autonomous+region+of+madeira+total+and+by+political+party+or+coalition-2244	2025-11-26
https://www.pordata.pt/en/portugal/valid+votes+in+the+elections+for+the+legislative+assembly+of+the+autonomous+region+of+the+azores+total+and+by+political+party+or+coalition-2248	2024-02-05
https://www.pordata.pt/en/portugal/valid+votes+in+the+elections+for+the+parliament+total+and+by+political+party+or+coalition-2187	2025-11-26
https://www.pordata.pt/en/portugal/valid+votes+in+the+elections+for+the+presidency+of+the+republic+total+and+by+presidential+candidate-2178	2026-02-18
https://www.pordata.pt/en/portugal/valid+votes+of+residents+abroad+in+the+elections+for+the+european+parliament+total+and+by+political+party+or+coalition-2205	2024-06-26
https://www.pordata.pt/en/portugal/valid+votes+of+residents+abroad+in+the+elections+for+the+parliament+total+and+by+political+party+or+coalition-2189	2025-11-26
https://www.pordata.pt/en/portugal/valid+votes+of+residents+abroad+in+the+elections+for+the+presidency+of+the+republic+total+and+by+presidential+candidate-2180	2026-02-18
https://www.pordata.pt/en/portugal/valid+votes+of+residents+in+portugal+in+the+elections+for+the+european+parliament+total+and+by+political+party+or+coalition-2204	2024-06-26
https://www.pordata.pt/en/portugal/valid+votes+of+residents+in+portugal+in+the+elections+for+the+parliament+total+and+by+political+party+or+coalition-2188	2025-11-26
https://www.pordata.pt/en/portugal/valid+votes+of+residents+in+portugal+in+the+elections+for+the+presidency+of+the+republic+total+and+by+presidential+candidate-2179	2026-02-18
https://www.pordata.pt/en/portugal/value+of+the+agricultural+production+total+and+by+type-3376	2026-04-07
https://www.pordata.pt/en/portugal/value+of+the+crop+output+total+and+by+goods-3375	2026-04-07
https://www.pordata.pt/en/portugal/vehicles+registered+per+100+thousand+inhabitants-3235	2026-08-05
https://www.pordata.pt/en/portugal/vehicles+registered+total+and+by+type+of+vehicle-3103	2025-11-26
https://www.pordata.pt/en/portugal/votes+in+the+elections+for+the+city+hall+total++valid++blank+and+null-2191	2025-12-18
https://www.pordata.pt/en/portugal/votes+in+the+elections+for+the+european+parliament+total++valid++blank+and+null-2200	2024-06-26
https://www.pordata.pt/en/portugal/votes+in+the+elections+for+the+legislative+assembly+of+the+autonomous+region+of+madeira+total++valid++blank+and+null-2243	2025-11-26
https://www.pordata.pt/en/portugal/votes+in+the+elections+for+the+legislative+assembly+of+the+autonomous+region+of+the+azores+total++valid++blank+and+null-2247	2024-02-05
https://www.pordata.pt/en/portugal/votes+in+the+elections+for+the+parliament+total++valid++blank+and+null-2184	2025-11-25
https://www.pordata.pt/en/portugal/votes+in+the+elections+for+the+presidency+of+the+republic+total++valid++blank+and+null-2175	2026-02-18
https://www.pordata.pt/en/portugal/votes+of+residents+abroad+in+the+elections+for+the+european+parliament+total++valid++blank+and+null-2202	2024-06-26
https://www.pordata.pt/en/portugal/votes+of+residents+abroad+in+the+elections+for+the+parliament+total++valid++blank+and+null-2186	2025-11-26
https://www.pordata.pt/en/portugal/votes+of+residents+abroad+in+the+elections+for+the+presidency+of+the+republic+total++valid++blank+and+null-2177	2026-02-18
https://www.pordata.pt/en/portugal/votes+of+residents+in+portugal+in+the+elections+for+the+european+parliament+total++valid++blank+and+null-2201	2024-06-26
https://www.pordata.pt/en/portugal/votes+of+residents+in+portugal+in+the+elections+for+the+parliament+total++valid++blank+and+null-2185	2025-11-26
https://www.pordata.pt/en/portugal/votes+of+residents+in+portugal+in+the+elections+for+the+presidency+of+the+republic+total++valid++blank+and+null-2176	2026-02-18
https://www.pordata.pt/en/portugal/water+quality+for+human+consumption-1122	2025-10-02
https://www.pordata.pt/en/portugal/water+supply+water+abstraction++water+treated+and+water+supplied+consumed+(1991+2006)-1088	2018-03-21
https://www.pordata.pt/en/portugal/water+supply+water+abstraction++water+treated+and+water+supplied+consumed+++mainland-3459	2026-03-02
https://www.pordata.pt/en/portugal/well+being+index-2578	2026-01-02
https://www.pordata.pt/en/portugal/wine+production+by+colour-3364	2026-04-14
https://www.pordata.pt/en/portugal/withdrawals++balance+requests+and+payment+of+services+in+atms-2946	2026-06-22
https://www.pordata.pt/en/portugal/workers+in+the+corporate+public+sector-2996	2025-10-30
https://www.pordata.pt/en/portugal/youth+hostels+number+and+lodging+capacity-2566	2026-07-10
https://www.pordata.pt/en/press	2026-03-02
https://www.pordata.pt/en/site+map	
https://www.pordata.pt/en/source+and+entities	2026-06-24
https://www.pordata.pt/en/subtheme/europe/accidents-103	
https://www.pordata.pt/en/subtheme/europe/affordable+and+clean+energy-455	
https://www.pordata.pt/en/subtheme/europe/agricultural+holdings+and+area-442	
https://www.pordata.pt/en/subtheme/europe/air-356	
https://www.pordata.pt/en/subtheme/europe/balance+of+payments-154	
https://www.pordata.pt/en/subtheme/europe/births+and+fertility-95	
https://www.pordata.pt/en/subtheme/europe/clean+water+and+sanitation-454	
https://www.pordata.pt/en/subtheme/europe/climate+action-461	
https://www.pordata.pt/en/subtheme/europe/climate+and+air+quality-130	
https://www.pordata.pt/en/subtheme/europe/crimes-414	
https://www.pordata.pt/en/subtheme/europe/decent+work+and+economic+growth-456	
https://www.pordata.pt/en/subtheme/europe/demography+of+enterprises-381	
https://www.pordata.pt/en/subtheme/europe/earnings-121	
https://www.pordata.pt/en/subtheme/europe/economic+accounts+for+agriculture-470	
https://www.pordata.pt/en/subtheme/europe/educational+attainment-138	
https://www.pordata.pt/en/subtheme/europe/employed+persons-114	
https://www.pordata.pt/en/subtheme/europe/employment+in+tourist+accommodations-271	
https://www.pordata.pt/en/subtheme/europe/employment-469	
https://www.pordata.pt/en/subtheme/europe/energy+economics-412	
https://www.pordata.pt/en/subtheme/europe/energy-149	
https://www.pordata.pt/en/subtheme/europe/enterprises-384	
https://www.pordata.pt/en/subtheme/europe/environmental+taxes-148	
https://www.pordata.pt/en/subtheme/europe/expenditure-106	
https://www.pordata.pt/en/subtheme/europe/expenditure-112	
https://www.pordata.pt/en/subtheme/europe/expenditure-122	
https://www.pordata.pt/en/subtheme/europe/expenditure-139	
https://www.pordata.pt/en/subtheme/europe/fishing-471	
https://www.pordata.pt/en/subtheme/europe/forestry-473	
https://www.pordata.pt/en/subtheme/europe/gender+equality-453	
https://www.pordata.pt/en/subtheme/europe/general+government-153	
https://www.pordata.pt/en/subtheme/europe/good+health+and+well+being-451	
https://www.pordata.pt/en/subtheme/europe/higher+education+students-108	
https://www.pordata.pt/en/subtheme/europe/households-158	
https://www.pordata.pt/en/subtheme/europe/human+resources-100	
https://www.pordata.pt/en/subtheme/europe/human+resources-125	
https://www.pordata.pt/en/subtheme/europe/human+resources-417	
https://www.pordata.pt/en/subtheme/europe/inactive+population-116	
https://www.pordata.pt/en/subtheme/europe/income+and+consumption-353	
https://www.pordata.pt/en/subtheme/europe/industry++innovation+and+infrastructure-457	
https://www.pordata.pt/en/subtheme/europe/information+society+and+telecommunications-150	
https://www.pordata.pt/en/subtheme/europe/international+migration-98	
https://www.pordata.pt/en/subtheme/europe/international+trade-352	
https://www.pordata.pt/en/subtheme/europe/investment+and+savings-155	
https://www.pordata.pt/en/subtheme/europe/labour+force-113	
https://www.pordata.pt/en/subtheme/europe/life+below+water-462	
https://www.pordata.pt/en/subtheme/europe/life+expectancy+and+deaths-96	
https://www.pordata.pt/en/subtheme/europe/life+on+land-463	
https://www.pordata.pt/en/subtheme/europe/living+conditions-147	
https://www.pordata.pt/en/subtheme/europe/maritime-358	
https://www.pordata.pt/en/subtheme/europe/marriages+and+divorces-97	
https://www.pordata.pt/en/subtheme/europe/no+poverty-449	
https://www.pordata.pt/en/subtheme/europe/non+higher+education+students-109	
https://www.pordata.pt/en/subtheme/europe/occupation+of+tourist+accommodations-268	
https://www.pordata.pt/en/subtheme/europe/partnership+for+the+goals-465	
https://www.pordata.pt/en/subtheme/europe/patents-128	
https://www.pordata.pt/en/subtheme/europe/peace++justice+and+strong+institutions-464	
https://www.pordata.pt/en/subtheme/europe/pension+beneficiaries-266	
https://www.pordata.pt/en/subtheme/europe/personnel-408	
https://www.pordata.pt/en/subtheme/europe/population+change-99	
https://www.pordata.pt/en/subtheme/europe/prices+and+deflators-140	
https://www.pordata.pt/en/subtheme/europe/prisons-416	
https://www.pordata.pt/en/subtheme/europe/proceedings-415	
https://www.pordata.pt/en/subtheme/europe/product+and+productivity-156	
https://www.pordata.pt/en/subtheme/europe/production+and+investment+of+enterprises-382	
https://www.pordata.pt/en/subtheme/europe/quality+education-452	
https://www.pordata.pt/en/subtheme/europe/r+d+and+innovation-151	
https://www.pordata.pt/en/subtheme/europe/r+d+expenditure-127	
https://www.pordata.pt/en/subtheme/europe/rail-403	
https://www.pordata.pt/en/subtheme/europe/reduced+inequalities-458	
https://www.pordata.pt/en/subtheme/europe/resident+population-94	
https://www.pordata.pt/en/subtheme/europe/responsible+consumption+and+production-460	
https://www.pordata.pt/en/subtheme/europe/revenues-111	
https://www.pordata.pt/en/subtheme/europe/road-402	
https://www.pordata.pt/en/subtheme/europe/services+and+use-101	
https://www.pordata.pt/en/subtheme/europe/small++and+medium+sized+enterprises+(sme)-411	
https://www.pordata.pt/en/subtheme/europe/students-107	
https://www.pordata.pt/en/subtheme/europe/sustainable+cities+and+communities-459	
https://www.pordata.pt/en/subtheme/europe/teaching+staff-137	
https://www.pordata.pt/en/subtheme/europe/territory++biodiversity+and+environmental+protection-129	
https://www.pordata.pt/en/subtheme/europe/tourism+of+resident+population-270	
https://www.pordata.pt/en/subtheme/europe/tourist+accommodations-267	
https://www.pordata.pt/en/subtheme/europe/unemployed+persons-115	
https://www.pordata.pt/en/subtheme/europe/wages-118	
https://www.pordata.pt/en/subtheme/europe/waste+and+circular+economy-131	
https://www.pordata.pt/en/subtheme/europe/water+and+sanitation-132	
https://www.pordata.pt/en/subtheme/europe/year+graduation-110	
https://www.pordata.pt/en/subtheme/europe/zero+hunger-450	
https://www.pordata.pt/en/subtheme/municipalities/accidents-216	
https://www.pordata.pt/en/subtheme/municipalities/accommodation-208	
https://www.pordata.pt/en/subtheme/municipalities/banking++credit+and+cash+machines-237	
https://www.pordata.pt/en/subtheme/municipalities/births+and+fertility-212	
https://www.pordata.pt/en/subtheme/municipalities/buildings-210	
https://www.pordata.pt/en/subtheme/municipalities/cinema-199	
https://www.pordata.pt/en/subtheme/municipalities/computers+and+internet-227	
https://www.pordata.pt/en/subtheme/municipalities/crimes-246	
https://www.pordata.pt/en/subtheme/municipalities/crop+area+and+production-436	
https://www.pordata.pt/en/subtheme/municipalities/economic+accounts+for+agriculture-437	
https://www.pordata.pt/en/subtheme/municipalities/educational+attainment-207	
https://www.pordata.pt/en/subtheme/municipalities/electoral+registration-260	
https://www.pordata.pt/en/subtheme/municipalities/employed+persons-222	
https://www.pordata.pt/en/subtheme/municipalities/employment-230	
https://www.pordata.pt/en/subtheme/municipalities/employment-438	
https://www.pordata.pt/en/subtheme/municipalities/energy-195	
https://www.pordata.pt/en/subtheme/municipalities/environmental+protection-196	
https://www.pordata.pt/en/subtheme/municipalities/european+parliament-259	
https://www.pordata.pt/en/subtheme/municipalities/expenditure-194	
https://www.pordata.pt/en/subtheme/municipalities/expenditure-200	
https://www.pordata.pt/en/subtheme/municipalities/fishing-440	
https://www.pordata.pt/en/subtheme/municipalities/forestry-475	
https://www.pordata.pt/en/subtheme/municipalities/gdp+and+international+trade-432	
https://www.pordata.pt/en/subtheme/municipalities/households-205	
https://www.pordata.pt/en/subtheme/municipalities/human+resources-217	
https://www.pordata.pt/en/subtheme/municipalities/inactive+persons-223	
https://www.pordata.pt/en/subtheme/municipalities/income+and+purchasing+power-209	
https://www.pordata.pt/en/subtheme/municipalities/labour+force-220	
https://www.pordata.pt/en/subtheme/municipalities/life+expectancy+and+deaths-213	
https://www.pordata.pt/en/subtheme/municipalities/live+performances-201	
https://www.pordata.pt/en/subtheme/municipalities/local+authorities-257	
https://www.pordata.pt/en/subtheme/municipalities/marriages+and+divorces-211	
https://www.pordata.pt/en/subtheme/municipalities/migration-206	
https://www.pordata.pt/en/subtheme/municipalities/museums+and+galleries-202	
https://www.pordata.pt/en/subtheme/municipalities/national+health+service+(nhs)-219	
https://www.pordata.pt/en/subtheme/municipalities/non+financial+business+demography-429	
https://www.pordata.pt/en/subtheme/municipalities/non+financial+enterprises-430	
https://www.pordata.pt/en/subtheme/municipalities/non+higher+education+students-225	
https://www.pordata.pt/en/subtheme/municipalities/notary+services+and+registrations-245	
https://www.pordata.pt/en/subtheme/municipalities/occupation+of+tourist+accommodations-361	
https://www.pordata.pt/en/subtheme/municipalities/parliament-256	
https://www.pordata.pt/en/subtheme/municipalities/periodicals-203	
https://www.pordata.pt/en/subtheme/municipalities/population+change-238	
https://www.pordata.pt/en/subtheme/municipalities/president+of+the+republic-255	
https://www.pordata.pt/en/subtheme/municipalities/public+administration+retirement+fund-239	
https://www.pordata.pt/en/subtheme/municipalities/regional+legislative+assemblies-258	
https://www.pordata.pt/en/subtheme/municipalities/resident+population-214	
https://www.pordata.pt/en/subtheme/municipalities/schools-229	
https://www.pordata.pt/en/subtheme/municipalities/science-419	
https://www.pordata.pt/en/subtheme/municipalities/services+and+use-218	
https://www.pordata.pt/en/subtheme/municipalities/social+security+++beneficiaries-240	
https://www.pordata.pt/en/subtheme/municipalities/social+security+++contributors-242	
https://www.pordata.pt/en/subtheme/municipalities/social+security+++pensioners-241	
https://www.pordata.pt/en/subtheme/municipalities/students+enrolled+in+higher+education-226	
https://www.pordata.pt/en/subtheme/municipalities/teaching+staff-228	
https://www.pordata.pt/en/subtheme/municipalities/telecommunications-232	
https://www.pordata.pt/en/subtheme/municipalities/territory+and+spatial+planning-198	
https://www.pordata.pt/en/subtheme/municipalities/tourism+of+resident+population-427	
https://www.pordata.pt/en/subtheme/municipalities/tourist+accommodations-360	
https://www.pordata.pt/en/subtheme/municipalities/unemployed+persons-221	
https://www.pordata.pt/en/subtheme/municipalities/wages-231	
https://www.pordata.pt/en/subtheme/municipalities/waste-197	
https://www.pordata.pt/en/subtheme/municipalities/water+and+sanitation-193	
https://www.pordata.pt/en/subtheme/municipalities/year+graduation-235	
https://www.pordata.pt/en/subtheme/portugal/accidents-40	
https://www.pordata.pt/en/subtheme/portugal/accommodation+and+buildings-53	
https://www.pordata.pt/en/subtheme/portugal/adse+++public+administration+social+security+fund-26	
https://www.pordata.pt/en/subtheme/portugal/adse+++public+administration+social+security+fund-72	
https://www.pordata.pt/en/subtheme/portugal/agri+environment+indicators-420	
https://www.pordata.pt/en/subtheme/portugal/agricultural+holdings+and+area-421	
https://www.pordata.pt/en/subtheme/portugal/air-410	
https://www.pordata.pt/en/subtheme/portugal/balance+of+payments-264	
https://www.pordata.pt/en/subtheme/portugal/banking+and+credit-263	
https://www.pordata.pt/en/subtheme/portugal/births+and+fertility-31	
https://www.pordata.pt/en/subtheme/portugal/business+demography-375	
https://www.pordata.pt/en/subtheme/portugal/cinema-15	
https://www.pordata.pt/en/subtheme/portugal/crimes-57	
https://www.pordata.pt/en/subtheme/portugal/crop+area+and+production-422	
https://www.pordata.pt/en/subtheme/portugal/debt+and+deficit+surplus-366	
https://www.pordata.pt/en/subtheme/portugal/earnings-48	
https://www.pordata.pt/en/subtheme/portugal/economic+accounts-423	
https://www.pordata.pt/en/subtheme/portugal/educational+attainment-45	
https://www.pordata.pt/en/subtheme/portugal/electoral+registration-190	
https://www.pordata.pt/en/subtheme/portugal/employed+persons-8	
https://www.pordata.pt/en/subtheme/portugal/employment-10	
https://www.pordata.pt/en/subtheme/portugal/employment-424	
https://www.pordata.pt/en/subtheme/portugal/energy-90	
https://www.pordata.pt/en/subtheme/portugal/enterprises-374	
https://www.pordata.pt/en/subtheme/portugal/environmental+pollution+and+climate-86	
https://www.pordata.pt/en/subtheme/portugal/european+parliament-189	
https://www.pordata.pt/en/subtheme/portugal/expenditure+and+revenue-347	
https://www.pordata.pt/en/subtheme/portugal/expenditure-19	
https://www.pordata.pt/en/subtheme/portugal/expenditure-368	
https://www.pordata.pt/en/subtheme/portugal/expenditure-37	
https://www.pordata.pt/en/subtheme/portugal/expenditure-46	
https://www.pordata.pt/en/subtheme/portugal/expenditure-50	
https://www.pordata.pt/en/subtheme/portugal/expenditure-88	
https://www.pordata.pt/en/subtheme/portugal/fishing-426	
https://www.pordata.pt/en/subtheme/portugal/forestry-474	
https://www.pordata.pt/en/subtheme/portugal/households-29	
https://www.pordata.pt/en/subtheme/portugal/human+resources-36	
https://www.pordata.pt/en/subtheme/portugal/human+resources-59	
https://www.pordata.pt/en/subtheme/portugal/human+resources-81	
https://www.pordata.pt/en/subtheme/portugal/inactive+persons-77	
https://www.pordata.pt/en/subtheme/portugal/income+and+consumption-265	
https://www.pordata.pt/en/subtheme/portugal/information+society+and+telecommunications-92	
https://www.pordata.pt/en/subtheme/portugal/international+trade-253	
https://www.pordata.pt/en/subtheme/portugal/investment+and+savings-252	
https://www.pordata.pt/en/subtheme/portugal/judicial+network-58	
https://www.pordata.pt/en/subtheme/portugal/labour+force-7	
https://www.pordata.pt/en/subtheme/portugal/libraries+and+books-18	
https://www.pordata.pt/en/subtheme/portugal/life+expectancy+and+deaths-32	
https://www.pordata.pt/en/subtheme/portugal/live+performances-13	
https://www.pordata.pt/en/subtheme/portugal/living+conditions-54	
https://www.pordata.pt/en/subtheme/portugal/local+authorities-187	
https://www.pordata.pt/en/subtheme/portugal/maritime-409	
https://www.pordata.pt/en/subtheme/portugal/marriages+and+divorces-33	
https://www.pordata.pt/en/subtheme/portugal/migration-34	
https://www.pordata.pt/en/subtheme/portugal/minors+and+adoption-61	
https://www.pordata.pt/en/subtheme/portugal/morbidity-38	
https://www.pordata.pt/en/subtheme/portugal/museums+and+galleries-14	
https://www.pordata.pt/en/subtheme/portugal/national+health+service+(nhs)-39	
https://www.pordata.pt/en/subtheme/portugal/non+higher+education+students-75	
https://www.pordata.pt/en/subtheme/portugal/notary+services+and+registrations-62	
https://www.pordata.pt/en/subtheme/portugal/occupation+of+tourist+accommodations-346	
https://www.pordata.pt/en/subtheme/portugal/parliament-186	
https://www.pordata.pt/en/subtheme/portugal/patents++design-84	
https://www.pordata.pt/en/subtheme/portugal/periodicals-16	
https://www.pordata.pt/en/subtheme/portugal/personnel-376	
https://www.pordata.pt/en/subtheme/portugal/population+change-30	
https://www.pordata.pt/en/subtheme/portugal/president+of+the+republic-185	
https://www.pordata.pt/en/subtheme/portugal/prices+and+deflators-262	
https://www.pordata.pt/en/subtheme/portugal/prisons-60	
https://www.pordata.pt/en/subtheme/portugal/proceedings-56	
https://www.pordata.pt/en/subtheme/portugal/product+and+productivity-261	
https://www.pordata.pt/en/subtheme/portugal/production++investment+and+debt-377	
https://www.pordata.pt/en/subtheme/portugal/production+and+value+creation-248	
https://www.pordata.pt/en/subtheme/portugal/public+administration+retirement+fund-25	
https://www.pordata.pt/en/subtheme/portugal/public+enterprises+sector-391	
https://www.pordata.pt/en/subtheme/portugal/r+d+and+innovation-5	
https://www.pordata.pt/en/subtheme/portugal/r+d+expenditure-82	
https://www.pordata.pt/en/subtheme/portugal/rail-406	
https://www.pordata.pt/en/subtheme/portugal/regional+legislative+assemblies-188	
https://www.pordata.pt/en/subtheme/portugal/resident+population-28	
https://www.pordata.pt/en/subtheme/portugal/results+of+non+higher+education+students-273	
https://www.pordata.pt/en/subtheme/portugal/revenue-367	
https://www.pordata.pt/en/subtheme/portugal/road-405	
https://www.pordata.pt/en/subtheme/portugal/scholarships-44	
https://www.pordata.pt/en/subtheme/portugal/schools-47	
https://www.pordata.pt/en/subtheme/portugal/scientific+publications-83	
https://www.pordata.pt/en/subtheme/portugal/services+and+use-35	
https://www.pordata.pt/en/subtheme/portugal/small++and+medium+sized+enterprises+(sme)-378	
https://www.pordata.pt/en/subtheme/portugal/social+security+++beneficiaries-21	
https://www.pordata.pt/en/subtheme/portugal/social+security+++expenditure-23	
https://www.pordata.pt/en/subtheme/portugal/social+security+++pensions-22	
https://www.pordata.pt/en/subtheme/portugal/social+security+++revenues+and+contributors-24	
https://www.pordata.pt/en/subtheme/portugal/sports-192	
https://www.pordata.pt/en/subtheme/portugal/strikes+and+labour+conflicts-12	
https://www.pordata.pt/en/subtheme/portugal/students+enrolled+in+higher+education-74	
https://www.pordata.pt/en/subtheme/portugal/students-79	
https://www.pordata.pt/en/subtheme/portugal/taxes+++corporate+tax+declared-6	
https://www.pordata.pt/en/subtheme/portugal/teaching+staff-43	
https://www.pordata.pt/en/subtheme/portugal/territory++biodiversity+and+environmental+protection-91	
https://www.pordata.pt/en/subtheme/portugal/tourism+of+resident+population-344	
https://www.pordata.pt/en/subtheme/portugal/tourist+accommodations-345	
https://www.pordata.pt/en/subtheme/portugal/underground-404	
https://www.pordata.pt/en/subtheme/portugal/unemployed+persons-9	
https://www.pordata.pt/en/subtheme/portugal/wages-11	
https://www.pordata.pt/en/subtheme/portugal/wages-425	
https://www.pordata.pt/en/subtheme/portugal/waste-89	
https://www.pordata.pt/en/subtheme/portugal/water+and+sanitation-87	
https://www.pordata.pt/en/subtheme/portugal/workforce+and+salaries-66	
https://www.pordata.pt/en/subtheme/portugal/year+graduation-42	
https://www.pordata.pt/en/theme/europe/agriculture++forestry+and+fishing-91	
https://www.pordata.pt/en/theme/europe/economics-32	
https://www.pordata.pt/en/theme/europe/education-27	
https://www.pordata.pt/en/theme/europe/employment+and+labour+market-29	
https://www.pordata.pt/en/theme/europe/enterprises+and+personnel-30	
https://www.pordata.pt/en/theme/europe/environment++energy+and+territory-34	
https://www.pordata.pt/en/theme/europe/health-26	
https://www.pordata.pt/en/theme/europe/justice+and+security-88	
https://www.pordata.pt/en/theme/europe/living+conditions++family+income+and+expenditure-31	
https://www.pordata.pt/en/theme/europe/population-25	
https://www.pordata.pt/en/theme/europe/science++technology+and+information+society-33	
https://www.pordata.pt/en/theme/europe/social+protection-28	
https://www.pordata.pt/en/theme/europe/sustainable+development+goals-92	
https://www.pordata.pt/en/theme/europe/tourism-60	
https://www.pordata.pt/en/theme/europe/transport-83	
https://www.pordata.pt/en/theme/municipalities/agriculture++forestry+and+fishing-90	
https://www.pordata.pt/en/theme/municipalities/culture+-47	
https://www.pordata.pt/en/theme/municipalities/education-49	
https://www.pordata.pt/en/theme/municipalities/electoral+participation-59	
https://www.pordata.pt/en/theme/municipalities/employment+and+labour+market-53	
https://www.pordata.pt/en/theme/municipalities/enterprises++personnel++and+product-55	
https://www.pordata.pt/en/theme/municipalities/environment++energy+and+territory-46	
https://www.pordata.pt/en/theme/municipalities/health-52	
https://www.pordata.pt/en/theme/municipalities/housing++comfort+and+living+conditions-50	
https://www.pordata.pt/en/theme/municipalities/justice+and+security-56	
https://www.pordata.pt/en/theme/municipalities/population-48	
https://www.pordata.pt/en/theme/municipalities/science++technology+and+information+society-54	
https://www.pordata.pt/en/theme/municipalities/social+protection-57	
https://www.pordata.pt/en/theme/municipalities/tourism-84	
https://www.pordata.pt/en/theme/portugal/agriculture++forestry+and+fishing-89	
https://www.pordata.pt/en/theme/portugal/culture+and+sports-14	
https://www.pordata.pt/en/theme/portugal/economic+activities-45	
https://www.pordata.pt/en/theme/portugal/economics-11	
https://www.pordata.pt/en/theme/portugal/education-17	
https://www.pordata.pt/en/theme/portugal/electoral+participation-44	
https://www.pordata.pt/en/theme/portugal/employment+and+labour+market-3	
https://www.pordata.pt/en/theme/portugal/enterprises+and+personnel-4	
https://www.pordata.pt/en/theme/portugal/environment++energy+and+territory-23	
https://www.pordata.pt/en/theme/portugal/government+accounts-5	
https://www.pordata.pt/en/theme/portugal/health-12	
https://www.pordata.pt/en/theme/portugal/housing++comfort+and+living+conditions-9	
https://www.pordata.pt/en/theme/portugal/income+and+household+expenditure-8	
https://www.pordata.pt/en/theme/portugal/justice+and+security-19	
https://www.pordata.pt/en/theme/portugal/population-1	
https://www.pordata.pt/en/theme/portugal/science++technology+and+information+society-24	
https://www.pordata.pt/en/theme/portugal/social+protection-10	
https://www.pordata.pt/en/theme/portugal/tourism-82	
https://www.pordata.pt/en/theme/portugal/transport-87	
https://www.pordata.pt/en/what+are+nuts	2024-02-12
https://www.pordata.pt/europa	2026-08-21
https://www.pordata.pt/europa/abastecimento+publico+de+agua-1415	2026-01-06
https://www.pordata.pt/europa/abortos+interrupcoes+voluntarias+de+gravidez-3393	2026-03-24
https://www.pordata.pt/europa/absolvidos-3308	2026-04-29
https://www.pordata.pt/europa/acidentes+de+trabalho+graves++por+100+mil+empregados+total+e+por+alguns+setores+de+atividade+economica-1712	2026-07-09
https://www.pordata.pt/europa/acidentes+de+trabalho+graves+e+mortais-1355	2026-07-09
https://www.pordata.pt/europa/acidentes+de+trabalho+graves+total+e+por+alguns+setores+de+atividade+economica-1304	2026-07-09
https://www.pordata.pt/europa/acidentes+de+trabalho+mortais++por+100+mil+empregados+total+e+por+alguns+setores+de+atividade+economica-1713	2026-07-09
https://www.pordata.pt/europa/acidentes+de+trabalho+mortais+por+100+mil+empregados+total+e+por+sexo-3572	2026-07-09
https://www.pordata.pt/europa/acidentes+de+trabalho+mortais+total+e+por+alguns+setores+de+atividade+economica-1314	2026-07-09
https://www.pordata.pt/europa/acidentes+de+trabalho+mortais+total+e+por+sexo-1325	2026-07-09
https://www.pordata.pt/europa/acidentes+de+viacao-3043	2026-05-19
https://www.pordata.pt/europa/acidentes+ferroviarios+total+e+por+tipo+de+acidente-2724	2026-01-12
https://www.pordata.pt/europa/administracoes+publicas+despesa+em+tribunais+per+capita-3590	2026-03-24
https://www.pordata.pt/europa/administracoes+publicas+despesas++receitas+e+defice+excedente+publico+(euro)-1547	2026-04-23
https://www.pordata.pt/europa/administracoes+publicas+despesas++receitas+e+defice+excedente+publico++em+percentagem+do+pib-1762	2026-04-23
https://www.pordata.pt/europa/administracoes+publicas+despesas+por+categoria+(euro)-1968	2026-04-23
https://www.pordata.pt/europa/administracoes+publicas+despesas+por+categoria+(percentagem)-1980	2026-04-23
https://www.pordata.pt/europa/administracoes+publicas+divida+bruta+em+percentagem+do+pib-1763	2026-04-23
https://www.pordata.pt/europa/administracoes+publicas+impostos+sobre+o+rendimento+(euro)-1967	2026-01-21
https://www.pordata.pt/europa/administracoes+publicas+receitas+por+categoria+(euro)-1964	2026-04-23
https://www.pordata.pt/europa/administracoes+publicas+receitas+por+categoria+(percentagem)-1977	2026-04-23
https://www.pordata.pt/europa/adultos+a+viverem+sozinhos+com+criancas+ou+filhos++por+sexo+(percentagem)-1628	2026-04-17
https://www.pordata.pt/europa/adultos+a+viverem+sozinhos+com+criancas+ou+filhos+total+e+por+sexo-1626	2026-04-17
https://www.pordata.pt/europa/aeroportos+comerciais+total+e+por+tipo-2698	2026-07-01
https://www.pordata.pt/europa/agregados+domesticos+com+cobertura+de+internet+de+alta+velocidade-3656	2026-06-18
https://www.pordata.pt/europa/agregados+domesticos+privados+com+computador++com+ligacao+a+internet+em+casa+e+com+ligacao+a+internet+atraves+de+banda+larga+(percentagem)-1494	2026-01-09
https://www.pordata.pt/europa/agregados+domesticos+privados+por+tipo+de+composicao+do+agregado+(percentagem)-1629	2026-04-17
https://www.pordata.pt/europa/agregados+domesticos+privados+total+e+por+numero+de+criancas-1615	2026-04-17
https://www.pordata.pt/europa/agregados+domesticos+privados+total+e+por+tipo+de+composicao+do+agregado-1614	2026-04-17
https://www.pordata.pt/europa/agregados+domesticos+unipessoais+de+individuos+com+65+e+mais+anos+em+percentagem+do+total+de+agregados-1627	2026-04-17
https://www.pordata.pt/europa/agregados+domesticos+unipessoais+total+e+com+65+e+mais+anos-1616	2026-04-17
https://www.pordata.pt/europa/aguas+marinhas+afetadas+pela+eutrofizacao-3642	2026-03-12
https://www.pordata.pt/europa/ajuda+financeira+aos+alunos+em+percentagem+da+despesa+publica+em+educacao+total+e+por+nivel+de+ensino+(1999+2011)-1352	2025-12-29
https://www.pordata.pt/europa/ajuda+publica+ao+desenvolvimento+em+percentagem+do+rendimento+nacional+bruto-3596	2026-03-13
https://www.pordata.pt/europa/alojamentos+turisticos+coletivos+total+e+por+tipo-2436	2026-07-03
https://www.pordata.pt/europa/alunos+do+sexo+feminino+matriculados+no+ensino+superior+(isced+5+8)+total+e+por+area+de+educacao-1303	2026-03-19
https://www.pordata.pt/europa/alunos+do+sexo+feminino+matriculados+total+e+por+nivel+de+ensino-1294	2026-03-17
https://www.pordata.pt/europa/alunos+do+sexo+masculino+matriculados+no+ensino+superior+(isced+5+8)+total+e+por+area+de+educacao-1301	2026-03-19
https://www.pordata.pt/europa/alunos+do+sexo+masculino+matriculados+total+e+por+nivel+de+ensino-1293	2026-03-17
https://www.pordata.pt/europa/alunos+matriculados+em+percentagem+da+populacao+residente+total+e+por+nivel+de+ensino-1658	2026-07-10
https://www.pordata.pt/europa/alunos+matriculados+no+ensino+basico+1.%c2%ba+e+2.%c2%ba+ciclos+(isced+1)+total+e+por+subsistema+de+ensino-1327	2026-03-17
https://www.pordata.pt/europa/alunos+matriculados+no+ensino+basico+3.%c2%ba+ciclo+(isced+2)+total+e+por+subsistema+de+ensino-1328	2026-03-17
https://www.pordata.pt/europa/alunos+matriculados+no+ensino+pre+escolar+(isced+02)+total+e+por+subsistema+de+ensino-1330	2026-03-17
https://www.pordata.pt/europa/alunos+matriculados+no+ensino+secundario+(isced+3)+total+e+por+subsistema+de+ensino-1329	2026-03-17
https://www.pordata.pt/europa/alunos+matriculados+no+ensino+superior+(isced+5+8)+total+e+por+area+de+educacao-1299	2026-03-19
https://www.pordata.pt/europa/alunos+matriculados+no+ensino+superior+(isced+5+8)+total+e+por+sexo-1296	2026-03-17
https://www.pordata.pt/europa/alunos+matriculados+no+ensino+superior+(isced+5+8)+total+e+por+subsistema+de+ensino+(percentagem)-1877	2026-03-17
https://www.pordata.pt/europa/alunos+matriculados+no+ensino+superior+(isced+5+8)+total+e+por+subsistema+de+ensino-1326	2026-03-17
https://www.pordata.pt/europa/alunos+matriculados+total+e+por+nivel+de+ensino-1291	2026-03-17
https://www.pordata.pt/europa/anos+de+escolaridade+esperados+(isced+02+8)+(1998+2012)-1356	2020-01-31
https://www.pordata.pt/europa/anos+de+vida+saudavel+a+nascenca+total+e+por+sexo-3654	2026-06-17
https://www.pordata.pt/europa/anos+de+vida+saudavel+aos+65+anos+por+sexo-1590	2026-06-17
https://www.pordata.pt/europa/apoio+do+governo+a+investigacao+e+desenvolvimento+(i+d)+na+agricultura+per+capita-3602	2026-08-07
https://www.pordata.pt/europa/apoio+do+governo+a+investigacao+e+desenvolvimento+(i+d)+na+agricultura-3536	2026-08-07
https://www.pordata.pt/europa/aquisicoes+de+nacionalidade+por+100+mil+habitantes-3358	2026-07-10
https://www.pordata.pt/europa/aquisicoes+de+nacionalidade-1290	2026-03-24
https://www.pordata.pt/europa/area+ardida+por+incendio-1888	2026-05-20
https://www.pordata.pt/europa/area+em+agricultura+biologica+(percentagem)-3537	2026-01-09
https://www.pordata.pt/europa/area+florestal+na+superficie+total+do+pais+(percentagem)-3626	2026-01-09
https://www.pordata.pt/europa/areas+balneares+com+qualidade+de+agua+excelente-3632	2026-01-12
https://www.pordata.pt/europa/arguidos+total+e+por+nacionalidade-3300	2026-04-29
https://www.pordata.pt/europa/arguidos+total+e+por+sexo-3298	2026-04-29
https://www.pordata.pt/europa/assinaturas+do+acesso+a+internet+(1997+2019)-1506	2026-01-15
https://www.pordata.pt/europa/assinaturas+do+acesso+a+internet+por+mil+habitantes-1714	2026-07-10
https://www.pordata.pt/europa/assinaturas+do+servico+de+telemovel+(1989+2016)-1505	2026-01-15
https://www.pordata.pt/europa/assinaturas+do+servico+de+telemovel+por+mil+habitantes-1953	2026-07-10
https://www.pordata.pt/europa/balanca+comercial+em+percentagem+do+pib-1766	2026-01-12
https://www.pordata.pt/europa/balanca+comercial+exportacao+(euro)-1554	2026-04-10
https://www.pordata.pt/europa/balanca+comercial+importacao+(euro)-1555	2026-04-10
https://www.pordata.pt/europa/balanca+comercial+saldo+(euro)-1553	2026-04-10
https://www.pordata.pt/europa/balanca+corrente+exportacoes+(euro)-2746	2026-04-10
https://www.pordata.pt/europa/balanca+corrente+importacoes+(euro)-2742	2026-04-10
https://www.pordata.pt/europa/balanca+corrente+saldos+(euro)-1551	2026-04-10
https://www.pordata.pt/europa/balanca+corrente+saldos+em+percentagem+do+pib-2665	2026-01-05
https://www.pordata.pt/europa/balanca+de+capital+(euro)-2666	2026-04-10
https://www.pordata.pt/europa/balanca+de+capital+em+percentagem+do+pib-2747	2026-01-08
https://www.pordata.pt/europa/balanca+de+pagamentos+tecnologica+em+percentagem+do+pib+(1993+2015)-2696	2023-01-05
https://www.pordata.pt/europa/balanca+financeira+investimento+de+carteira+(euro)-2744	2026-04-13
https://www.pordata.pt/europa/balanca+financeira+investimento+direto+(euro)-2743	2026-04-10
https://www.pordata.pt/europa/camas+disponiveis+em+hospitais-1334	2026-07-13
https://www.pordata.pt/europa/camas+em+hospitais+por+100+mil+habitantes-1700	2026-07-13
https://www.pordata.pt/europa/camas+nos+alojamentos+turisticos+coletivos+total+e+por+tipo+de+alojamento-2438	2026-07-03
https://www.pordata.pt/europa/casamentos-1264	2026-03-19
https://www.pordata.pt/europa/condenados+por+100+mil+habitantes-3354	2026-07-10
https://www.pordata.pt/europa/condenados+total+e+por+nacionalidade-3301	2026-04-29
https://www.pordata.pt/europa/condenados+total+e+por+sexo-3299	2026-04-29
https://www.pordata.pt/europa/consumo+das+familias+no+territorio+economico+total+e+por+durabilidade+(euro)-2967	2026-03-03
https://www.pordata.pt/europa/consumo+de+antibioticos-3545	2026-03-06
https://www.pordata.pt/europa/consumo+de+energia+eletrica+total+e+por+tipo+de+setor+consumidor-1473	2026-01-12
https://www.pordata.pt/europa/consumo+de+energia+final+das+familias+per+capita-3551	2026-01-09
https://www.pordata.pt/europa/consumo+de+energia+final+por+tipo+de+produto+energetico-1476	2026-01-09
https://www.pordata.pt/europa/consumo+de+energia+final+total+e+por+tipo+de+setor+consumidor-1397	2026-01-12
https://www.pordata.pt/europa/consumo+de+energia+primaria+e+de+energia+final-3546	2026-01-09
https://www.pordata.pt/europa/consumo+final+efetivo+das+familias+por+tipo+de+bens+e+servicos+(ppc)-1520	2026-01-26
https://www.pordata.pt/europa/consumo+final+total++publico+e+privado+(euro)-1535	2026-03-03
https://www.pordata.pt/europa/consumo+final+total++publico+e+privado+(ppc)-1537	2026-03-30
https://www.pordata.pt/europa/consumo+final+total++publico+e+privado+em+percentagem+do+pib-1768	2026-03-23
https://www.pordata.pt/europa/consumo+interno+bruto+de+energia-1396	2026-01-09
https://www.pordata.pt/europa/consumo+interno+de+materiais+total+e+por+tipo+de+material-3330	2026-07-02
https://www.pordata.pt/europa/consumo+privado+total++familias+e+instituicoes+sem+fim+lucrativo+ao+servico+das+familias+(euro)-1538	2026-03-03
https://www.pordata.pt/europa/consumo+privado+total++familias+e+instituicoes+sem+fim+lucrativo+ao+servico+das+familias+(ppc)-1539	2026-03-30
https://www.pordata.pt/europa/contribuicao+das+energias+renovaveis+na+producao+primaria+de+energia+(percentagem)-1729	2026-05-21
https://www.pordata.pt/europa/contribuicao+das+energias+renovaveis+no+consumo+de+energia+final+(percentagem)-3600	2026-07-13
https://www.pordata.pt/europa/contribuicao+dos+impostos+ambientais+nas+receitas+fiscais+totais+(percentagem)-3627	2026-02-11
https://www.pordata.pt/europa/contribuicao+para+o+compromisso+de++100+mil+milhoes+em+despesas+relacionadas+com+o+clima-3621	2026-02-16
https://www.pordata.pt/europa/contributo+dos+saldos+natural+e+migratorio+para+a+variacao+populacional+anual+(percentagem)-1568	2026-01-20
https://www.pordata.pt/europa/crimes+por+categoria-3285	2026-04-29
https://www.pordata.pt/europa/custos+com+encargos+sociais+dos+trabalhadores+por+conta+de+outrem+nas+empresas+por+alguns+setores+de+atividade+economica-3164	2025-12-02
https://www.pordata.pt/europa/custos+com+ordenados+e+salarios+dos+trabalhadores+por+conta+de+outrem+nas+empresas+por+alguns+setores+de+atividade+economica-3163	2025-12-02
https://www.pordata.pt/europa/custos+com+os+trabalhadores+por+conta+de+outrem+ao+servico+nas+empresas+por+alguns+setores+de+atividade+economica-3162	2026-01-09
https://www.pordata.pt/europa/custos+com+salarios+e+ordenados+em+percentagem+do+total+dos+custos+com+o+pessoal+nas+empresas+por+alguns+setores+de+atividade+economica-3165	2022-10-28
https://www.pordata.pt/europa/custos+medios+com+o+pessoal+por+trabalhador+por+alguns+setores+de+atividade+economica-3166	2022-10-28
https://www.pordata.pt/europa/densidade+populacional-1802	2026-03-19
https://www.pordata.pt/europa/dentistas+por+100+mil+habitantes-1698	2026-07-10
https://www.pordata.pt/europa/dependencia+das+importacoes+de+energia-3601	2026-01-09
https://www.pordata.pt/europa/desigualdade+na+distribuicao+do+rendimento+(s80+s20)-1540	2026-03-26
https://www.pordata.pt/europa/desigualdades+entre+taxas+de+desemprego++dos+15+aos+74+anos+por+nivel+de+escolaridade-2119	2026-04-20
https://www.pordata.pt/europa/despesa+em+cuidados+de+saude+em+percentagem+do+pib-1962	2026-03-03
https://www.pordata.pt/europa/despesa+em+cuidados+de+saude+por+habitante+(euro)-1963	2026-07-10
https://www.pordata.pt/europa/despesa+em+cuidados+de+saude+total+e+por+tipo+de+agente+financiador+(euro)-2580	2026-01-20
https://www.pordata.pt/europa/despesa+em+cuidados+de+saude+total+e+por+tipo+de+prestador+(euro)-1288	2026-03-06
https://www.pordata.pt/europa/despesa+media+em+viagens+turisticas+por+turista+(euro+ecu)-2531	2026-01-20
https://www.pordata.pt/europa/despesa+media+por+viagem+turistica+total+e+por+destino+da+viagem+(euro+ecu)-2538	2026-01-20
https://www.pordata.pt/europa/despesa+publica+em+educacao+total+e+por+nivel+de+ensino+(ppc)-1351	2026-07-01
https://www.pordata.pt/europa/despesas+da+protecao+social+em+percentagem+do+pib-1578	2026-03-03
https://www.pordata.pt/europa/despesas+da+protecao+social+total+e+por+funcao+(euro)-1411	2026-01-20
https://www.pordata.pt/europa/despesas+da+protecao+social+total+e+por+funcao++a+precos+constantes-1407	2026-01-20
https://www.pordata.pt/europa/despesas+da+protecao+social+total+e+por+funcao++por+habitante+(euro)-1581	2026-07-10
https://www.pordata.pt/europa/despesas+da+protecao+social+total+e+por+tipo+(euro)-1586	2026-01-12
https://www.pordata.pt/europa/despesas+da+protecao+social+total+e+por+tipo++a+precos+constantes-1402	2026-01-20
https://www.pordata.pt/europa/despesas+da+protecao+social+total+e+por+tipo++por+habitante+(euro)-1580	2026-07-10
https://www.pordata.pt/europa/despesas+de+consumo+final+das+familias+por+tipo+de+bens+e+servicos+(percentagem)-1728	2026-03-23
https://www.pordata.pt/europa/despesas+de+consumo+final+das+familias+total+e++por+tipo+de+bens+e+servicos+(euro)-1519	2026-03-23
https://www.pordata.pt/europa/despesas+em+atividades+de+investigacao+e+desenvolvimento+(i+d)+do+setor+empresas+em+percentagem+do+pib-1740	2026-03-03
https://www.pordata.pt/europa/despesas+em+atividades+de+investigacao+e+desenvolvimento+(i+d)+em+percentagem+do+pib+por+setor+de+execucao-1674	2026-03-03
https://www.pordata.pt/europa/despesas+em+atividades+de+investigacao+e+desenvolvimento+(i+d)+total+e+do+setor+empresas+(euro)-1696	2026-01-21
https://www.pordata.pt/europa/despesas+em+atividades+de+investigacao+e+desenvolvimento+(i+d)+total+e+por+area+cientifica+(euro)-1420	2026-01-21
https://www.pordata.pt/europa/despesas+em+atividades+de+investigacao+e+desenvolvimento+(i+d)+total+e+por+setor+de+execucao+(euro)-1418	2026-01-21
https://www.pordata.pt/europa/despesas+em+atividades+de+investigacao+e+desenvolvimento+(i+d)+total+e+por+setor+de+execucao+(percentagem)-1690	2026-01-21
https://www.pordata.pt/europa/despesas+em+viagens+turisticas+de+residentes+total+e+por+destino+da+viagem+(euro+ecu)-2474	2026-01-20
https://www.pordata.pt/europa/despesas+medias+de+consumo+final+efetivo+das+familias+por+tipo+de+bens+e+servicos+(ppc)-1521	2026-01-26
https://www.pordata.pt/europa/dimensao+media+das+empresas+por+alguns+setores+de+atividade+economica-2976	2026-01-15
https://www.pordata.pt/europa/dimensao+media+das+empresas+total-3158	2026-01-21
https://www.pordata.pt/europa/dimensao+media+das+exploracoes+agricolas-3659	2023-02-02
https://www.pordata.pt/europa/dimensao+media+das+grandes+empresas+por+alguns+setores+de+atividade+economica-3204	2026-01-15
https://www.pordata.pt/europa/dimensao+media+das+pequenas+e+medias+empresas+por+alguns+setores+de+atividade+economica-3216	2026-01-15
https://www.pordata.pt/europa/dimensao+media+dos+agregados+domesticos+privados-1613	2026-04-20
https://www.pordata.pt/europa/diplomados+do+sexo+feminino+no+ensino+superior+(isced+5+8)+total+e+por+area+de+educacao-1324	2026-05-19
https://www.pordata.pt/europa/diplomados+do+sexo+masculino+no+ensino+superior+(isced+5+8)+total+e+por+area+de+educacao-1323	2026-05-19
https://www.pordata.pt/europa/diplomados+no+ensino+superior+(isced+5+8)+total+e+por+area+de+educacao-1322	2026-05-19
https://www.pordata.pt/europa/diplomados+no+ensino+superior+(isced+5+8)+total+e+por+sexo-1319	2026-05-08
https://www.pordata.pt/europa/dirigentes+de+exploracoes+agricolas+total+e+por+grupo+etario-3647	2023-05-19
https://www.pordata.pt/europa/dirigentes+de+exploracoes+agricolas+total+e+por+sexo-3648	2023-05-19
https://www.pordata.pt/europa/disparidade+entre+homens+e+mulheres+no+emprego-3561	2026-03-13
https://www.pordata.pt/europa/disparidade+salarial+entre+homens+e+mulheres-3560	2026-02-24
https://www.pordata.pt/europa/divida+externa+liquida+em+percentagem+do+pib-3007	2026-03-20
https://www.pordata.pt/europa/divida+externa+liquida-3006	2026-01-08
https://www.pordata.pt/europa/divida+publica+divida+das+administracoes+publicas+(euro)-1548	2026-04-23
https://www.pordata.pt/europa/divorcios-1270	2026-03-19
https://www.pordata.pt/europa/docentes+com+funcoes+letivas+do+ensino+basico+1.%c2%ba+e+2.%c2%ba+ciclos+(isced+1)+total+e+por+sexo-1331	2026-03-05
https://www.pordata.pt/europa/docentes+com+funcoes+letivas+do+ensino+basico+3.%c2%ba+ciclo+(isced+2)+total+e+por+sexo-1332	2026-03-05
https://www.pordata.pt/europa/docentes+com+funcoes+letivas+do+ensino+pre+escolar+(isced+02)+total+e+por+sexo-1342	2026-03-05
https://www.pordata.pt/europa/docentes+com+funcoes+letivas+do+ensino+secundario+(isced+3)+total+e+por+sexo-1335	2026-03-05
https://www.pordata.pt/europa/docentes+do+ensino+superior+(isced+5+8)+total+e+por+sexo-1344	2026-03-05
https://www.pordata.pt/europa/docentes+do+sexo+feminino+em+percentagem+dos+docentes+por+nivel+de+ensino-1736	2026-03-05
https://www.pordata.pt/europa/dormidas+de+turistas+em+alojamentos+turisticos+coletivos+total+e+por+tipo+de+alojamento-2442	2026-01-21
https://www.pordata.pt/europa/dormidas+de+turistas+em+alojamentos+turisticos+coletivos+total+e+por+tipo+de+turista+(percentagem)-2533	2026-01-21
https://www.pordata.pt/europa/dormidas+de+turistas+em+alojamentos+turisticos+coletivos+total+e+por+tipo+de+turista-2443	2026-01-21
https://www.pordata.pt/europa/dormidas+de+turistas+por+100+camas+disponiveis+em+alojamentos+turisticos+coletivos-2483	2026-07-03
https://www.pordata.pt/europa/dotacoes+orcamentais+publicas+para+investigacao+e+desenvolvimento+(i+d)+em+percentagem+do+pib-1660	2026-08-10
https://www.pordata.pt/europa/doutoramentos+(isced+8)+por+100+mil+habitantes-2409	2026-07-10
https://www.pordata.pt/europa/doutoramentos+(isced+8)+total+e+por+area+de+educacao-1320	2026-05-19
https://www.pordata.pt/europa/doutoramentos+(isced+8)+total+e+por+sexo-1315	2026-05-08
https://www.pordata.pt/europa/embarcacoes+de+pesca-3651	2026-04-16
https://www.pordata.pt/europa/emissao+media+de+co2+por+km+dos+automoveis+novos+de+passageiros-3611	2026-01-19
https://www.pordata.pt/europa/emissoes+de+amoniaco+pela+agricultura-3539	2025-10-30
https://www.pordata.pt/europa/emissoes+de+gases+com+efeito+de+estufa+++metas+europa+2020-3476	2026-01-06
https://www.pordata.pt/europa/emissoes+de+gases+com+efeito+de+estufa+per+capita-3360	2026-07-10
https://www.pordata.pt/europa/emissoes+de+gases+com+efeito+de+estufa+total+e+por+alguns+setores+de+emissoes+de+gases-1481	2026-06-08
https://www.pordata.pt/europa/emissoes+liquidas+de+gases+de+efeito+estufa+do+setor+do+uso+do+solo++alteracoes+de+uso+do+solo+e+florestas+(lulucf)-3746	2026-05-20
https://www.pordata.pt/europa/emissoes+liquidas+de+gases+de+efeito+estufa-3616	2026-01-20
https://www.pordata.pt/europa/emprego+na+agricultura+por+100+mil+habitantes-3704	2026-07-10
https://www.pordata.pt/europa/emprego+no+setor+da+agricultura-3646	2026-01-21
https://www.pordata.pt/europa/emprego+no+setor+da+silvicultura-3665	2025-10-28
https://www.pordata.pt/europa/emprego+no+setor+das+pescas+e+aquicultura-3661	2025-10-28
https://www.pordata.pt/europa/empresas+com+10+e+mais+pessoas+ao+servico+com+ligacao+a+internet+percentagem+do+total+de+empresas+por+alguns+setores+de+atividade+economica-1498	2026-01-15
https://www.pordata.pt/europa/empresas+com+10+e+mais+pessoas+ao+servico+com+ligacao+a+internet+percentagem+do+total+de+empresas+por+escalao+de+pessoal+ao+servico-1496	2026-01-15
https://www.pordata.pt/europa/empresas+com+10+e+mais+pessoas+ao+servico+com+website+ou+homepage+em+percentagem+do+total+de+empresas+por+alguns+setores+de+atividade+economica-1500	2026-01-15
https://www.pordata.pt/europa/empresas+com+10+e+mais+pessoas+ao+servico+com+website+ou+homepage+em+percentagem+do+total+de+empresas+por+escalao+de+pessoal+ao+servico-1495	2026-01-15
https://www.pordata.pt/europa/empresas+com+10+e+mais+pessoas+ao+servico+que+utilizam+computador+em+percentagem+do+total+de+empresas+por+alguns+setores+de+atividade+economica+(2003+2015)-1499	2026-01-15
https://www.pordata.pt/europa/empresas+com+10+e+mais+pessoas+ao+servico+que+utilizam+computador+em+percentagem+do+total+de+empresas+por+escalao+de+pessoal+ao+servico+(2003+2015)-1497	2026-01-06
https://www.pordata.pt/europa/empresas+medias+em+percentagem+do+total+de+empresas+por+alguns+setores+de+atividade+economica-3211	2026-01-15
https://www.pordata.pt/europa/empresas+medias+por+alguns+setores+de+atividade+economica-3208	2026-01-15
https://www.pordata.pt/europa/empresas+por+alguns+setores+de+atividade+economica-2970	2026-01-15
https://www.pordata.pt/europa/empresas+sobreviventes+a+1+ano+de+vida+total+e+por+alguns+setores+de+atividade+economica-2980	2026-01-21
https://www.pordata.pt/europa/empresas+total-2969	2026-01-21
https://www.pordata.pt/europa/enfermeiros+e+pessoal+auxiliar+de+cuidados+de+saude-1287	2026-07-13
https://www.pordata.pt/europa/entradas+de+turistas+em+alojamentos+turisticos+coletivos+total+e+por+tipo+de+alojamento-2444	2026-01-21
https://www.pordata.pt/europa/entradas+de+turistas+em+alojamentos+turisticos+coletivos+total+e+por+tipo+de+turista-2445	2026-01-21
https://www.pordata.pt/europa/erosao+hidrica+dos+solos+estimada+++taxa+de+area+afetada+por+erosao+severa-3634	2026-03-20
https://www.pordata.pt/europa/esperanca+de+vida+a+nascenca+total+e+por+sexo-1260	2025-12-24
https://www.pordata.pt/europa/esperanca+de+vida+aos+65+anos+por+sexo-1262	2025-12-24
https://www.pordata.pt/europa/exploracoes+agricolas+total+e+por+dimensao-3493	2023-02-02
https://www.pordata.pt/europa/exportacoes+de+bens+total++ue27+e+extra+ue27+(euro)-3518	2026-04-14
https://www.pordata.pt/europa/exportacoes+de+servicos+total++ue27+e+extra+ue27+(euro)-3521	2026-04-14
https://www.pordata.pt/europa/exportacoes+total+e+por+tipo+de+produto+energetico-1385	2026-01-09
https://www.pordata.pt/europa/extensao+das+autoestradas-3068	2026-01-05
https://www.pordata.pt/europa/extensao+das+linhas+ferroviarias+exploradas-3069	2026-01-12
https://www.pordata.pt/europa/financiamento+da+uniao+europeia+aos+paises+em+desenvolvimento-3597	2026-02-20
https://www.pordata.pt/europa/financiamento+publico+em+educacao+por+nivel+de+administracao+central++regional+e+local+(percentagem)+(1999+2011)-1353	2020-03-09
https://www.pordata.pt/europa/fisioterapeutas+(1999+2018)-1936	2026-01-12
https://www.pordata.pt/europa/fisioterapeutas+por+100+mil+habitantes-1925	2026-07-10
https://www.pordata.pt/europa/fluxos+migratorios+internacionais-1622	2026-02-23
https://www.pordata.pt/europa/formacao+bruta+de+capital+fixo+da+agricultura-3649	2026-01-09
https://www.pordata.pt/europa/frota+de+aeronaves+comerciais+para+transporte+de+passageiros+total+e+por+capacidade+da+aeronave-2700	2026-05-07
https://www.pordata.pt/europa/frota+de+aeronaves+comerciais+total+e+por+configuracao+da+aeronave-2699	2026-05-07
https://www.pordata.pt/europa/frota+de+aeronaves+comerciais+total+e+por+idade+da+aeronave-2701	2026-05-07
https://www.pordata.pt/europa/grandes+empresas+em+percentagem+do+total+de+empresas+por+alguns+setores+de+atividade+economica-2975	2026-01-15
https://www.pordata.pt/europa/grandes+empresas+por+alguns+setores+de+atividade+economica-2974	2026-01-15
https://www.pordata.pt/europa/idade+media+da+mae+ao+nascimento+de+um+filho-2408	2026-02-23
https://www.pordata.pt/europa/idade+media+da+mae+ao+nascimento+do+primeiro+filho-3468	2026-02-23
https://www.pordata.pt/europa/impacto+da+seca+nos+ecossistemas-3633	2026-01-14
https://www.pordata.pt/europa/importacoes+da+uniao+europeia+de+paises+em+desenvolvimento-3591	2026-02-18
https://www.pordata.pt/europa/importacoes+de+bens+total++ue27+e+extra+ue27+(euro)-3517	2026-04-14
https://www.pordata.pt/europa/importacoes+de+servicos+total++ue27+e+extra+ue27+(euro)-3520	2026-04-14
https://www.pordata.pt/europa/importacoes+total+e+por+tipo+de+produto+energetico-1377	2026-05-14
https://www.pordata.pt/europa/impostos+ambientais+em+percentagem+do+pib-3640	2026-03-03
https://www.pordata.pt/europa/impostos+ambientais+total+e+por+categoria+de+imposto-3639	2026-02-11
https://www.pordata.pt/europa/incendios+florestais+e+area+ardida-1374	2026-05-20
https://www.pordata.pt/europa/indice+de+dependencia+de+idosos-1929	2026-01-27
https://www.pordata.pt/europa/indice+de+dependencia+de+jovens-1928	2026-01-27
https://www.pordata.pt/europa/indice+de+dependencia+total-1927	2026-01-27
https://www.pordata.pt/europa/indice+de+envelhecimento-1609	2026-01-27
https://www.pordata.pt/europa/indice+de+exploracao+da+agua+(wei++)-3543	2026-01-15
https://www.pordata.pt/europa/indice+de+gini+(percentagem)-1541	2026-03-26
https://www.pordata.pt/europa/indice+de+impermeabilizacao+do+solo+(percentagem)-3605	2026-05-06
https://www.pordata.pt/europa/indice+de+longevidade-1930	2026-01-27
https://www.pordata.pt/europa/indice+de+percecao+de+corrupcao-3595	2026-03-05
https://www.pordata.pt/europa/indice+sintetico+de+fecundidade-1251	2026-02-23
https://www.pordata.pt/europa/individuos+que+acederam+a+internet++em+media++pelos+menos+uma+vez+por+semana++em+percentagem+do+total+de+individuos+por+condicao+perante+o+trabalho-1487	2026-01-09
https://www.pordata.pt/europa/individuos+que+acederam+a+internet++em+media++pelos+menos+uma+vez+por+semana++em+percentagem+do+total+de+individuos+por+grupo+etario-1486	2026-01-09
https://www.pordata.pt/europa/individuos+que+acederam+a+internet++em+media++pelos+menos+uma+vez+por+semana++em+percentagem+do+total+de+individuos+por+nivel+de+escolaridade+mais+elevado+completo-1488	2026-01-15
https://www.pordata.pt/europa/individuos+que+acederam+a+internet++em+media++pelos+menos+uma+vez+por+semana++em+percentagem+do+total+de+individuos+por+sexo-1489	2026-01-09
https://www.pordata.pt/europa/individuos+que+utilizaram+computador+nos+ultimos+3+meses+em+percentagem+do+total+de+individuos+por+condicao+perante+o+trabalho+(2002+2017)-1492	2026-01-05
https://www.pordata.pt/europa/individuos+que+utilizaram+computador+nos+ultimos+3+meses+em+percentagem+do+total+de+individuos+por+grupo+etario+(2002+2017)-1493	2026-01-05
https://www.pordata.pt/europa/individuos+que+utilizaram+computador+nos+ultimos+3+meses+em+percentagem+do+total+de+individuos+por+nivel+de+escolaridade+completo+mais+elevado+(2002+2017)-1491	2026-01-05
https://www.pordata.pt/europa/individuos+que+utilizaram+computador+nos+ultimos+3+meses+em+percentagem+do+total+de+individuos+por+sexo+(2002+2017)-1490	2026-01-05
https://www.pordata.pt/europa/insucesso+na+leitura++matematica+e+ciencias-3558	2026-01-06
https://www.pordata.pt/europa/intensidade+carbonica+da+economia-3131	2026-06-08
https://www.pordata.pt/europa/intensidade+das+emissoes+atmosfericas+da+industria-3641	2026-01-14
https://www.pordata.pt/europa/intensidade+eletrica+da+economia+por+tipo+de+setor+consumidor-3269	2026-03-03
https://www.pordata.pt/europa/intensidade+eletrica+da+economia-3268	2026-03-03
https://www.pordata.pt/europa/intensidade+energetica+da+economia+por+tipo+de+setor+consumidor-3267	2026-03-03
https://www.pordata.pt/europa/intensidade+energetica+da+economia-3271	2026-03-03
https://www.pordata.pt/europa/intensidade+energetica+de+producao+de+renovaveis+da+economia-3283	2026-03-03
https://www.pordata.pt/europa/investigadores+(eti)++em+atividades+de+investigacao+e+desenvolvimento+(i+d)++nas+empresas+total+e+por+area+cientifica-3226	2026-01-21
https://www.pordata.pt/europa/investigadores+(eti)+em+atividades+de+investigacao+e+desenvolvimento+(i+d)+total+e+do+setor+empresas-3225	2026-01-21
https://www.pordata.pt/europa/investigadores+(eti)+em+atividades+de+investigacao+e+desenvolvimento+(i+d)+total+e+por+area+cientifica-1427	2026-01-21
https://www.pordata.pt/europa/investigadores+(eti)+em+atividades+de+investigacao+e+desenvolvimento+(i+d)+total+e+por+setor+de+execucao-1424	2026-01-21
https://www.pordata.pt/europa/investimento+das+empresas+por+alguns+setores+de+atividade+economica-3181	2026-01-14
https://www.pordata.pt/europa/investimento+formacao+bruta+de+capital+fixo+(euro)-1542	2026-03-03
https://www.pordata.pt/europa/investimento+formacao+bruta+de+capital+fixo+em+percentagem+do+pib-3568	2026-01-14
https://www.pordata.pt/europa/investimento+formacao+bruta+de+capital+fixo+por+setor+institucional+(euro)-2678	2026-01-21
https://www.pordata.pt/europa/investimento+medio+por+empresa+por+alguns+setores+de+atividade+economica-3186	2026-01-20
https://www.pordata.pt/europa/limiar+de+risco+de+pobreza+(euro)-2026	2026-03-16
https://www.pordata.pt/europa/limiar+de+risco+de+pobreza+(ppc)-2027	2026-03-16
https://www.pordata.pt/europa/limite+de+taxa+de+alcool+no+sangue-3067	2025-10-30
https://www.pordata.pt/europa/limites+de+velocidade+dentro+das+localidades+e+autoestradas-3066	2025-12-18
https://www.pordata.pt/europa/magistrados+judiciais+por+100+mil+habitantes-3355	2026-07-10
https://www.pordata.pt/europa/magistrados+judiciais+total+e+por+sexo-3302	2026-04-29
https://www.pordata.pt/europa/medicos+por+100+mil+habitantes-1926	2026-07-15
https://www.pordata.pt/europa/medicos+por+algumas+especialidades-1277	2026-07-24
https://www.pordata.pt/europa/medicos+total+e+por+sexo-1913	2026-07-15
https://www.pordata.pt/europa/mercadorias+transportadas+por+ferrovia+e+navegacao+interior+(percentagem)-3578	2026-03-05
https://www.pordata.pt/europa/mercadorias+transportadas+por+ferrovia+total++transporte+domestico+e+transporte+internacional-2721	2026-06-08
https://www.pordata.pt/europa/mercadorias+transportadas+por+via+aerea+entrada+e+saida-2713	2025-10-30
https://www.pordata.pt/europa/mercadorias+transportadas+por+via+aerea+internacional+total++ue27+e+extra+ue27-3031	2025-10-30
https://www.pordata.pt/europa/mercadorias+transportadas+por+via+aerea+total++voos+domesticos+e+voos+internacionais-2712	2025-10-30
https://www.pordata.pt/europa/mercadorias+transportadas+por+via+maritima+descarregadas+e+carregadas-2715	2026-01-21
https://www.pordata.pt/europa/mercadorias+transportadas+por+via+maritima+internacional+nos+portos+principais+total++ue27+e+extra+ue27-3050	2026-01-28
https://www.pordata.pt/europa/mercadorias+transportadas+por+via+maritima+nos+portos+principais+total++domestico+e+internacional-3049	2026-01-28
https://www.pordata.pt/europa/microempresas+em+percentagem+do+total+de+empresas+por+alguns+setores+de+atividade+economica-3209	2026-01-15
https://www.pordata.pt/europa/microempresas+por+alguns+setores+de+atividade+economica-3206	2026-01-15
https://www.pordata.pt/europa/mortalidade+materna-1824	2026-01-15
https://www.pordata.pt/europa/mortes+de+empresas+total+e+por+alguns+setores+de+atividade+economica-2979	2026-01-21
https://www.pordata.pt/europa/mortes+prematuras+causadas+por+exposicao+a+particulas+finas+(pm2+5)+por+100+mil+residentes-3815	2026-01-14
https://www.pordata.pt/europa/mulheres+em+cargos+de+direcao+das+empresas+(percentagem)-3564	2026-03-27
https://www.pordata.pt/europa/mulheres+no+pessoal+total+e+investigadores+(eti)+em+atividades+de+investigacao+e+desenvolvimento+(i+d)+(percentagem)-1994	2026-01-21
https://www.pordata.pt/europa/mulheres+no+total+de+alunos+matriculados+(isced+5+8)+total+e+por+area+de+educacao+(percentagem)-1305	2026-03-19
https://www.pordata.pt/europa/mulheres+no+total+de+alunos+matriculados+(percentagem)+total+e+por+nivel+de+ensino-1659	2026-03-17
https://www.pordata.pt/europa/mulheres+no+total+de+doutoramentos+(isced+8)+(percentagem)-1662	2026-05-08
https://www.pordata.pt/europa/mulheres+nos+parlamentos+e+governos+nacionais+(percentagem)-3563	2026-02-18
https://www.pordata.pt/europa/mulheres+vitimas+de+violencia+fisica+e+sexual+(percentagem)-3559	2026-01-20
https://www.pordata.pt/europa/nados+vivos+fora+do+casamento+(percentagem)-1800	2026-07-02
https://www.pordata.pt/europa/nados+vivos+segundo+a+ordem+no+total+de+nados+vivos+(percentagem)-3027	2026-02-23
https://www.pordata.pt/europa/nados+vivos+total++no+casamento+e+fora+do+casamento-1247	2026-07-02
https://www.pordata.pt/europa/nascimentos+de+empresas+total+e+por+alguns+setores+de+atividade+economica-2978	2026-01-21
https://www.pordata.pt/europa/navios+de+mar+com+passagem+nos+portos+principais+total+e+por+alguns+tipos+de+embarcacao-3055	2025-11-27
https://www.pordata.pt/europa/nitrato+nas+aguas+subterraneas-3541	2026-01-20
https://www.pordata.pt/europa/numero+de+habitantes+por+medico-1705	2026-07-15
https://www.pordata.pt/europa/numero+de+individuos+em+idade+ativa+por+idoso-1818	2026-01-27
https://www.pordata.pt/europa/numero+de+nascimentos+de+empresas+por+numero+de+mortes+de+empresas+total+e+por+alguns+setores+de+atividade+economica-2981	2026-01-21
https://www.pordata.pt/europa/numero+de+veiculos+ligeiros+de+passageiros+por+mil+habitantes-3078	2026-08-04
https://www.pordata.pt/europa/numero+medio+de+alunos+por+docente+no+ensino+basico+1.%c2%ba+e+2.%c2%ba+ciclos+(isced+1)-1665	2026-03-17
https://www.pordata.pt/europa/numero+medio+de+alunos+por+docente+no+ensino+basico+3.%c2%ba+ciclo+(isced+2)-1666	2026-03-17
https://www.pordata.pt/europa/numero+medio+de+alunos+por+docente+no+ensino+pre+escolar+(isced+02)-1669	2026-03-17
https://www.pordata.pt/europa/numero+medio+de+alunos+por+docente+no+ensino+secundario+(isced+3)-1667	2026-03-17
https://www.pordata.pt/europa/numero+medio+de+alunos+por+docente+no+ensino+superior+(isced+5+8)-1668	2026-03-17
https://www.pordata.pt/europa/numero+medio+de+divisoes+por+pessoa+total+e+por+tipo+de+agregado+domestico-1536	2026-03-26
https://www.pordata.pt/europa/numero+medio+de+dormidas+por+entrada+nos+alojamentos+turisticos+coletivos+total+e+por+tipo+de+turista-2534	2026-01-21
https://www.pordata.pt/europa/numero+medio+de+passageiros+por+voo+comercial+total++voos+domesticos+e+voos+internacionais-3046	2026-01-19
https://www.pordata.pt/europa/numero+medio+de+viagens+turisticas+por+turista-2532	2025-10-16
https://www.pordata.pt/europa/numero+medio+de+vitimas+por+acidente+rodoviario-3079	2026-05-19
https://www.pordata.pt/europa/obitos+infantis+fetais+tardios+e+neonatais-1253	2025-12-24
https://www.pordata.pt/europa/obitos+por+algumas+causas+de+morte+em+percentagem+do+total+de+obitos-2484	2026-07-13
https://www.pordata.pt/europa/obitos+por+algumas+causas+de+morte-1612	2026-01-15
https://www.pordata.pt/europa/obitos+total+e+no+primeiro+ano+de+vida-1252	2026-07-13
https://www.pordata.pt/europa/ocupacao+efetiva+das+prisoes+(percentagem)-3318	2026-04-29
https://www.pordata.pt/europa/participacao+de+adultos+na+aprendizagem-3557	2026-04-19
https://www.pordata.pt/europa/participacao+no+ensino+pre+escolar+total+e+por+sexo+(percentagem)-3556	2026-03-17
https://www.pordata.pt/europa/passageiros+transportados+por+autocarros+e+comboios+(percentagem)-3577	2026-07-24
https://www.pordata.pt/europa/passageiros+transportados+por+ferrovia+total++transporte+domestico+e+transporte+internacional-2720	2025-10-30
https://www.pordata.pt/europa/passageiros+transportados+por+via+aerea+chegadas+e+partidas-2707	2026-01-06
https://www.pordata.pt/europa/passageiros+transportados+por+via+aerea+em+voos+internacionais+total++ue27+e+extra+ue27-2708	2025-10-30
https://www.pordata.pt/europa/passageiros+transportados+por+via+aerea+total++voos+domesticos+e+voos+internacionais-2706	2025-10-30
https://www.pordata.pt/europa/passageiros+transportados+por+via+maritima+desembarcados+e+embarcados-2714	2025-11-27
https://www.pordata.pt/europa/passageiros+transportados+por+via+maritima+nos+portos+principais+total++domestico+e+internacional-3053	2026-01-28
https://www.pordata.pt/europa/patentes+concedidas+pelo+gabinete+de+patentes+e+marcas+dos+eua+(uspto)+as+empresas+(1977+2009)-3228	2026-01-05
https://www.pordata.pt/europa/patentes+concedidas+pelo+gabinete+de+patentes+e+marcas+dos+eua+(uspto)+por+setor+institucional+(1977+2009)-1468	2026-01-06
https://www.pordata.pt/europa/patentes+concedidas+pelo+gabinete+de+patentes+e+marcas+dos+eua+(uspto)+total+e+por+seccoes+da+classificacao+internacional+de+patentes+(cip)+(1977+2010)-1443	2026-01-06
https://www.pordata.pt/europa/pedidos+de+asilo+por+milhao+de+habitantes-3584	2026-04-27
https://www.pordata.pt/europa/pedidos+de+patentes+a+organizacao+europeia+de+patentes+(epo)+(1977+2017)-1439	2026-01-06
https://www.pordata.pt/europa/pedidos+de+patentes+ao+instituto+europeu+de+patentes+(epo)+por+dominio+tecnologico+(1980+2013)-1430	2026-01-05
https://www.pordata.pt/europa/pedidos+submetidos+ao+instituto+europeu+de+patentes+(iep)+por+milhao+de+habitantes-3576	2026-03-25
https://www.pordata.pt/europa/pegada+material+per+capita-3745	2026-07-22
https://www.pordata.pt/europa/peixe+capturado-3652	2026-01-20
https://www.pordata.pt/europa/peixe+produzido+em+aquicultura-3653	2026-02-18
https://www.pordata.pt/europa/pensionistas+de+invalidez+total+e+por+sexo-2419	2026-07-22
https://www.pordata.pt/europa/pensionistas+de+sobrevivencia+total+e+por+sexo-2420	2026-07-22
https://www.pordata.pt/europa/pensionistas+de+velhice+no+total+da+populacao+residente+com+65+e+mais+anos+(percentagem)-2431	2026-07-22
https://www.pordata.pt/europa/pensionistas+de+velhice+total+e+por+sexo-2418	2026-07-22
https://www.pordata.pt/europa/pensionistas+em+percentagem+da+populacao+ativa-2435	2026-07-22
https://www.pordata.pt/europa/pensionistas+no+total+da+populacao+residente+com+15+e+mais+anos+(percentagem)-2425	2026-07-22
https://www.pordata.pt/europa/pensionistas+total+e+por+categoria-2424	2026-07-22
https://www.pordata.pt/europa/pensoes+despesa+total+e+por+categoria+(euro)-1414	2026-01-20
https://www.pordata.pt/europa/pensoes+despesa+total+e+por+categoria++por+habitante+(euro)-1701	2026-07-10
https://www.pordata.pt/europa/pensoes+despesa+total+e+por+categoria+por+habitante++a+precos+constantes-1413	2026-01-20
https://www.pordata.pt/europa/pensoes+despesa+total+em+percentagem+do+pib-1579	2026-03-03
https://www.pordata.pt/europa/pequenas+e+medias+empresas+por+alguns+setores+de+atividade+economica-2973	2026-01-15
https://www.pordata.pt/europa/pequenas+empresas+em+percentagem+do+total+de+empresas+por+alguns+setores+de+atividade+economica-3210	2026-01-15
https://www.pordata.pt/europa/pequenas+empresas+por+alguns+setores+de+atividade+economica-3207	2026-01-15
https://www.pordata.pt/europa/percecao+de+independencia+do+sistema+judicial-3593	2026-01-09
https://www.pordata.pt/europa/perdas+economicas+relacionadas+com+o+clima+per+capita-3620	2026-01-14
https://www.pordata.pt/europa/perdas+economicas+relacionadas+com+o+clima-3619	2026-01-14
https://www.pordata.pt/europa/pessoal+ao+servico+em+estabelecimentos+prisionais+para+adultos+total+e+por+sexo-3309	2026-04-29
https://www.pordata.pt/europa/pessoal+ao+servico+em+estabelecimentos+prisionais+para+menores+total+e+por+sexo-3310	2026-04-29
https://www.pordata.pt/europa/pessoal+ao+servico+nas+empresas+medias+por+alguns+setores+de+atividade+economica-3214	2026-01-12
https://www.pordata.pt/europa/pessoal+ao+servico+nas+empresas+por+alguns+setores+de+atividade+economica-3155	2026-01-14
https://www.pordata.pt/europa/pessoal+ao+servico+nas+empresas+total-3154	2026-01-21
https://www.pordata.pt/europa/pessoal+ao+servico+nas+grandes+empresas+por+alguns+setores+de+atividade+economica-3157	2026-01-14
https://www.pordata.pt/europa/pessoal+ao+servico+nas+microempresas+por+alguns+setores+de+atividade+economica-3212	2026-01-12
https://www.pordata.pt/europa/pessoal+ao+servico+nas+pequenas+e+medias+empresas+por+alguns+setores+de+atividade+economica-3215	2022-11-03
https://www.pordata.pt/europa/pessoal+ao+servico+nas+pequenas+empresas+por+alguns+setores+de+atividade+economica-3213	2025-12-02
https://www.pordata.pt/europa/pessoal+ao+servico+nas+policias+por+100+mil+habitantes-3356	2026-07-10
https://www.pordata.pt/europa/pessoal+ao+servico+nas+policias+total+e+por+sexo-3303	2026-04-29
https://www.pordata.pt/europa/pessoal+em+atividades+de+investigacao+e+desenvolvimento+(i+d)+em+percentagem+da+populacao+ativa++por+setor+de+execucao-3575	2026-01-21
https://www.pordata.pt/europa/pessoal+total+(eti)+em+atividades+de+investigacao+e+desenvolvimento+(i+d)+total+e+do+setor+empresas-3224	2026-01-21
https://www.pordata.pt/europa/pessoal+total+(eti)+em+atividades+de+investigacao+e+desenvolvimento+(i+d)+total+e+por+area+cientifica-1429	2026-01-21
https://www.pordata.pt/europa/pessoal+total+(eti)+em+atividades+de+investigacao+e+desenvolvimento+(i+d)+total+e+por+setor+de+execucao-1423	2026-01-21
https://www.pordata.pt/europa/pessoal+total+e+investigadores+(eti)+em+atividades+de+investigacao+e+desenvolvimento+(i+d)+total+e+do+sexo+feminino-1425	2026-01-21
https://www.pordata.pt/europa/pessoal+total+e+investigadores+em+atividades+de+investigacao+e+desenvolvimento+(i+d)+equivalente+a+tempo+integral+por+mil+ativos-1691	2026-04-19
https://www.pordata.pt/europa/pib+per+capita+(ppc)-3579	2026-08-03
https://www.pordata.pt/europa/pib+per+capita+(ue27+100)-3523	2026-08-03
https://www.pordata.pt/europa/pib+por+componentes+(euro)-2683	2026-03-03
https://www.pordata.pt/europa/pib+real+per+capita+(euro)-3567	2026-03-05
https://www.pordata.pt/europa/populacao++entre+os+25+e+os+34+anos++com+o+ensino+superior+(isced+5+8)+total+e+por+sexo+(percentagem)-3554	2026-04-19
https://www.pordata.pt/europa/populacao++entre+os+30+e+os+34+anos++com+o+ensino+superior+(isced+5+8)+(percentagem)-3401	2026-04-20
https://www.pordata.pt/europa/populacao+a+viver+em+agregados+com+intensidade+laboral+muito+reduzida+(percentagem)-3532	2026-03-26
https://www.pordata.pt/europa/populacao+ativa++dos+15+aos+64+anos+total+e+por+nivel+de+escolaridade+completo+mais+elevado-1592	2026-04-20
https://www.pordata.pt/europa/populacao+ativa+no+total+da+populacao+em+idade+ativa+(percentagem)-1755	2026-07-10
https://www.pordata.pt/europa/populacao+ativa+por+pensionista-2432	2026-07-22
https://www.pordata.pt/europa/populacao+ativa+total+e+por+grupo+etario-1838	2026-04-19
https://www.pordata.pt/europa/populacao+ativa+total+e+por+nacionalidade-1588	2026-04-20
https://www.pordata.pt/europa/populacao+ativa+total+e+por+sexo-1587	2026-04-17
https://www.pordata.pt/europa/populacao+ativa-1944	2026-04-19
https://www.pordata.pt/europa/populacao+com+boa+ou+muito+boa+percecao+do+seu+estado+de+saude+total+e+por+sexo+(percentagem)-3547	2026-03-27
https://www.pordata.pt/europa/populacao+com+necessidades+insatisfeitas+de+cuidados+medicos+total+e+por+sexo+(percentagem)-3548	2026-03-27
https://www.pordata.pt/europa/populacao+com+o+ensino+secundario+e+pos+secundario+(isced+3+4)+em+percentagem+da+populacao+entre+os+25+e+os+64+anos+total+e+por+grupo+etario-3237	2026-04-20
https://www.pordata.pt/europa/populacao+com+o+ensino+secundario+e+pos+secundario+(isced+3+4)+em+percentagem+da+populacao+entre+os+25+e+os+64+anos+total+e+por+sexo-3492	2026-04-19
https://www.pordata.pt/europa/populacao+com+o+ensino+superior+(isced+5+8)+em+percentagem+da+populacao+entre+os+25+e+os+64+anos+total+e+por+grupo+etario-3239	2026-04-20
https://www.pordata.pt/europa/populacao+com+o+ensino+superior+(isced+5+8)+em+percentagem+da+populacao+entre+os+25+e+os+64+anos+total+e+sexo-3490	2026-04-19
https://www.pordata.pt/europa/populacao+com+pelo+menos+competencias+digitais+basicas+total+e+por+sexo+(percentagem)-3655	2026-01-09
https://www.pordata.pt/europa/populacao+desempregada+por+duracao+do+desemprego+(percentagem)-1883	2026-04-20
https://www.pordata.pt/europa/populacao+desempregada+por+grupo+etario+(percentagem)-1884	2026-04-20
https://www.pordata.pt/europa/populacao+desempregada+por+sexo+(percentagem)-1776	2026-04-17
https://www.pordata.pt/europa/populacao+desempregada+total+e+por+duracao+do+desemprego-1752	2026-04-20
https://www.pordata.pt/europa/populacao+desempregada+total+e+por+grupo+etario-1796	2026-04-20
https://www.pordata.pt/europa/populacao+desempregada+total+e+por+profissao+anterior-1634	2026-04-20
https://www.pordata.pt/europa/populacao+desempregada+total+e+por+sexo-1630	2026-04-17
https://www.pordata.pt/europa/populacao+em+risco+de+pobreza+ou+exclusao+social+(evolucao+em+relacao+a+2008)+(2008+2020)-3427	2026-01-21
https://www.pordata.pt/europa/populacao+em+risco+de+pobreza+ou+exclusao+social+total+e+por+grupo+etario+(percentagem)-2331	2026-03-26
https://www.pordata.pt/europa/populacao+em+risco+de+pobreza+ou+exclusao+social+total+e+por+sexo+(percentagem)-2330	2026-03-26
https://www.pordata.pt/europa/populacao+em+risco+de+pobreza+ou+exclusao+social+total+e+por+sexo-3400	2026-03-26
https://www.pordata.pt/europa/populacao+empregada+a+tempo+completo+e+parcial+++homens-1604	2026-04-20
https://www.pordata.pt/europa/populacao+empregada+a+tempo+completo+e+parcial+++mulheres-1611	2026-04-20
https://www.pordata.pt/europa/populacao+empregada+em+alojamentos+turisticos+coletivos+total+e+a+tempo+completo-2465	2026-04-20
https://www.pordata.pt/europa/populacao+empregada+em+alojamentos+turisticos+coletivos+total+e+por+tipo+de+contrato-2467	2026-04-20
https://www.pordata.pt/europa/populacao+empregada+estrangeira-1598	2026-04-20
https://www.pordata.pt/europa/populacao+empregada+por+setor+de+atividade+economica+++homens+(nace+rev.1.1)+(1992+2008)-1744	2026-01-04
https://www.pordata.pt/europa/populacao+empregada+por+setor+de+atividade+economica+++homens+(nace+rev.2)-1742	2026-04-20
https://www.pordata.pt/europa/populacao+empregada+por+setor+de+atividade+economica+++mulheres+(nace+rev.1.1)+(1992+2008)-1745	2026-01-04
https://www.pordata.pt/europa/populacao+empregada+por+setor+de+atividade+economica+++mulheres+(nace+rev.2)-1743	2026-04-20
https://www.pordata.pt/europa/populacao+empregada+por+situacao+na+profissao+++homens-1738	2026-04-20
https://www.pordata.pt/europa/populacao+empregada+por+situacao+na+profissao+++mulheres-1739	2026-04-20
https://www.pordata.pt/europa/populacao+empregada+total+e+a+tempo+completo+e+parcial-1603	2026-04-20
https://www.pordata.pt/europa/populacao+empregada+total+e+por+grupo+etario-1851	2026-04-20
https://www.pordata.pt/europa/populacao+empregada+total+e+por+nivel+de+escolaridade+completo+mais+elevado-1601	2026-04-20
https://www.pordata.pt/europa/populacao+empregada+total+e+por+profissoes-3386	2026-04-20
https://www.pordata.pt/europa/populacao+empregada+total+e+por+setor+de+atividade+economica+(nace+rev.1.1)+(1992+2008)-1625	2025-12-29
https://www.pordata.pt/europa/populacao+empregada+total+e+por+setor+de+atividade+economica+(nace+rev.2)-1623	2026-04-20
https://www.pordata.pt/europa/populacao+empregada+total+e+por+sexo-1597	2026-04-17
https://www.pordata.pt/europa/populacao+empregada+total+e+por+situacao+na+profissao-1602	2026-04-20
https://www.pordata.pt/europa/populacao+estrangeira+em+percentagem+da+populacao+residente-1624	2026-01-21
https://www.pordata.pt/europa/populacao+fora+do+mercado+de+trabalho+devido+a+prestacao+de+cuidados+total+e+por+sexo+(percentagem)-3816	2026-04-19
https://www.pordata.pt/europa/populacao+inativa+com+15+e+mais+anos+total+e+por+grupo+etario-1942	2026-04-20
https://www.pordata.pt/europa/populacao+inativa+com+15+e+mais+anos+total+e+por+sexo-1594	2026-04-17
https://www.pordata.pt/europa/populacao+inativa+devido+a+responsabilidades+familiares+total+e+por+sexo+(percentagem)-3562	2026-04-20
https://www.pordata.pt/europa/populacao+inativa+estrangeira+com+15+e+mais+anos-1593	2026-04-17
https://www.pordata.pt/europa/populacao+incapaz+de+aquecer+convenientemente+a+habitacao+(percentagem)-3566	2026-03-27
https://www.pordata.pt/europa/populacao+por+tipo+de+alojamento+(percentagem)-1528	2026-03-26
https://www.pordata.pt/europa/populacao+por+tipo+de+ocupacao+do+alojamento+de+residencia+habitual+(percentagem)-3388	2026-03-26
https://www.pordata.pt/europa/populacao+que+completou+pelo+menos+o+ensino+secundario+(isced+3+ou+mais)+em+percentagem+da+populacao+entre+os+25+e+os+64+anos+total+e+por+sexo-1349	2026-04-17
https://www.pordata.pt/europa/populacao+que+reporta+ocorrencias+de+crime++violencia+e+vandalismo+na+sua+area+(percentagem)-3587	2026-01-20
https://www.pordata.pt/europa/populacao+que+vive+em+agregados+domesticos+e+que+refere+a+existencia+de+ruido+(percentagem)-3586	2024-05-27
https://www.pordata.pt/europa/populacao+que+vive+em+alojamentos+em+mas+condicoes+(percentagem)-3535	2026-01-20
https://www.pordata.pt/europa/populacao+que+vive+sem+banheira++duche+e+retrete+no+interior+do+alojamento+(percentagem)-3565	2026-01-15
https://www.pordata.pt/europa/populacao+residente++estimativas+a+1+de+janeiro+total+e+por+sexo-1570	2026-07-10
https://www.pordata.pt/europa/populacao+residente+do+sexo+feminino+total+e+por+grandes+grupos+etarios+(percentagem)-1867	2026-01-27
https://www.pordata.pt/europa/populacao+residente+do+sexo+feminino+total+e+por+grandes+grupos+etarios-1608	2026-01-27
https://www.pordata.pt/europa/populacao+residente+do+sexo+feminino+total+e+por+grupo+etario-1276	2026-01-27
https://www.pordata.pt/europa/populacao+residente+do+sexo+masculino+total+e+por+grandes+grupos+etarios+(percentagem)-1866	2026-01-27
https://www.pordata.pt/europa/populacao+residente+do+sexo+masculino+total+e+por+grandes+grupos+etarios-1607	2026-01-27
https://www.pordata.pt/europa/populacao+residente+do+sexo+masculino+total+e+por+grupo+etario-1275	2026-01-27
https://www.pordata.pt/europa/populacao+residente+em+percentagem+da+populacao+da+ue27-3516	2026-07-10
https://www.pordata.pt/europa/populacao+residente+idade+mediana-2265	2026-01-27
https://www.pordata.pt/europa/populacao+residente+que+viajou+em+turismo+em+percentagem+da+populacao+residente+total+e+por+destino+da+viagem-2527	2026-01-27
https://www.pordata.pt/europa/populacao+residente+que+viajou+em+turismo+em+percentagem+da+populacao+residente+total+e+por+grupo+etario-2815	2026-01-27
https://www.pordata.pt/europa/populacao+residente+que+viajou+em+turismo+total+e+por+destino+da+viagem-2450	2026-01-15
https://www.pordata.pt/europa/populacao+residente+que+viajou+em+turismo+total+e+por+grupo+etario-2449	2026-01-15
https://www.pordata.pt/europa/populacao+residente+que+viajou+em+turismo+total+e+por+sexo-2448	2026-01-20
https://www.pordata.pt/europa/populacao+residente+servida+por+sistemas+de+tratamento+de+aguas+residuais+urbanas+(percentagem)-1416	2026-01-06
https://www.pordata.pt/europa/populacao+residente+total++nacionais+e+estrangeiros-3807	2026-01-21
https://www.pordata.pt/europa/populacao+residente+total+e+por+grandes+grupos+etarios+(percentagem)-1865	2026-01-27
https://www.pordata.pt/europa/populacao+residente+total+e+por+grandes+grupos+etarios-1606	2026-01-27
https://www.pordata.pt/europa/populacao+residente+total+e+por+grupo+etario-1274	2026-01-27
https://www.pordata.pt/europa/populacao+residente+total+e+por+sexo-1571	2026-07-10
https://www.pordata.pt/europa/populacao+residente-1951	2026-07-10
https://www.pordata.pt/europa/populacao+sem+capacidade+de+aquisicao+de+alguns+equipamentos+domesticos+(percentagem)-1526	2026-01-21
https://www.pordata.pt/europa/populacao+sem+capacidade+para+assegurar+o+pagamento+de+despesas+inesperadas+total+e+por+grupos+de+rendimento+(percentagem)-2125	2026-03-26
https://www.pordata.pt/europa/populacao+sem+capacidade+para+assegurar+uma+refeicao+de+carne++peixe+ou+equivalente+vegetariano+de+2+em+2+dias+total+e+por+grupos+de+rendimento+(percentagem)-2126	2026-03-26
https://www.pordata.pt/europa/populacao+sem+o+ensino+secundario+(isced+0+2)+em+percentagem+da+populacao+entre+os+25+e+os+64+anos+total+e+por+grupo+etario-3236	2026-04-20
https://www.pordata.pt/europa/populacao+sem+o+ensino+secundario+(isced+0+2)+em+percentagem+da+populacao+entre+os+25+e+os+64+anos+total+e+por+sexo-3491	2026-04-19
https://www.pordata.pt/europa/populacao+servida+pelo+menos+por+sistemas+de+tratamento+secundario+de+aguas+residuais+(percentagem)-3540	2026-01-15
https://www.pordata.pt/europa/posicao+de+investimento+internacional+ativos+e+passivos+financeiros+face+ao+estrangeiro+(euro)-2672	2026-01-26
https://www.pordata.pt/europa/posicao+de+investimento+internacional+em+percentagem+do+pib-2674	2026-04-14
https://www.pordata.pt/europa/precipitacao-1406	2026-01-05
https://www.pordata.pt/europa/precos+da+eletricidade+para+utilizadores+domesticos+e+industriais+(ppc)-1479	2026-03-18
https://www.pordata.pt/europa/precos+da+eletricidade+para+utilizadores+domesticos+e+industriais-1477	2026-03-18
https://www.pordata.pt/europa/precos+do+gas+natural+para+utilizadores+domesticos+e+industriais+(ppc)-1480	2026-03-19
https://www.pordata.pt/europa/precos+do+gas+natural+para+utilizadores+domesticos+e+industriais-1478	2026-03-19
https://www.pordata.pt/europa/prevalencia+do+tabagismo+total+e+por+sexo-3552	2026-01-06
https://www.pordata.pt/europa/prisoes+lotacao+oficial+e+reclusos-3311	2026-04-29
https://www.pordata.pt/europa/processos+civeis+e+ou+comerciais+nos+tribunais+de+1%c2%aa+instancia+entrados++findos+e+pendentes-3333	2026-07-08
https://www.pordata.pt/europa/processos+criminais+nos+tribunais+de+1%c2%aa+instancia+entrados++findos+e+pendentes-3305	2026-07-08
https://www.pordata.pt/europa/producao+bruta+de+eletricidade+total+e+por+alguns+tipos+de+fonte+energetica-3494	2026-01-09
https://www.pordata.pt/europa/producao+das+principais+culturas+agricolas-3698	2024-11-08
https://www.pordata.pt/europa/producao+de+residuos+municipais-3423	2026-03-31
https://www.pordata.pt/europa/producao+de+residuos+por+perigosidade+per+capita-3613	2026-01-14
https://www.pordata.pt/europa/producao+de+residuos+total++da+atividade+economica+e+dos+agregados+domesticos-1382	2026-01-19
https://www.pordata.pt/europa/producao+nacional+de+energia+em+percentagem+da+producao+total+de+energia+da+ue27+por+tipo+de+produto+energetico-1735	2026-05-21
https://www.pordata.pt/europa/producao+primaria+de+energia+total+e+por+alguns+tipos+de+produto+energetico-1367	2026-01-09
https://www.pordata.pt/europa/producao+primaria+de+energias+renovaveis+total+e+por+tipo+de+energia+renovavel-1369	2026-01-09
https://www.pordata.pt/europa/produtividade+da+energia-3599	2026-01-14
https://www.pordata.pt/europa/produtividade+das+principais+culturas+agricolas-3678	2024-11-08
https://www.pordata.pt/europa/produtividade+do+trabalho++por+hora+de+trabalho+(ue27+100)-1992	2026-05-27
https://www.pordata.pt/europa/produtividade+do+trabalho+por+hora+trabalhada+(euro)-3019	2026-02-12
https://www.pordata.pt/europa/produto+interno+bruto+(euro)-1786	2026-03-03
https://www.pordata.pt/europa/profissionais+de+saude+dentistas-1271	2026-01-20
https://www.pordata.pt/europa/profissionais+de+saude+enfermeiros+e+pessoal+auxiliar+de+cuidados+de+saude+por+100+mil+habitantes-1699	2026-07-13
https://www.pordata.pt/europa/proporcao+de+rendimento+dos+40percentagem+mais+pobres+da+populacao-3583	2026-03-26
https://www.pordata.pt/europa/quadro+resumo/alemanha-826946	
https://www.pordata.pt/europa/quadro+resumo/austria-826947	
https://www.pordata.pt/europa/quadro+resumo/belgica-826948	
https://www.pordata.pt/europa/quadro+resumo/bulgaria-826949	
https://www.pordata.pt/europa/quadro+resumo/chipre-826950	
https://www.pordata.pt/europa/quadro+resumo/croacia-826987	
https://www.pordata.pt/europa/quadro+resumo/dinamarca-826951	
https://www.pordata.pt/europa/quadro+resumo/eslovaquia-826952	
https://www.pordata.pt/europa/quadro+resumo/eslovenia-826953	
https://www.pordata.pt/europa/quadro+resumo/espanha-826954	
https://www.pordata.pt/europa/quadro+resumo/estonia-826956	
https://www.pordata.pt/europa/quadro+resumo/finlandia-826957	
https://www.pordata.pt/europa/quadro+resumo/franca-826958	
https://www.pordata.pt/europa/quadro+resumo/grecia-826959	
https://www.pordata.pt/europa/quadro+resumo/hungria-826960	
https://www.pordata.pt/europa/quadro+resumo/irlanda-826961	
https://www.pordata.pt/europa/quadro+resumo/italia-826963	
https://www.pordata.pt/europa/quadro+resumo/letonia-826965	
https://www.pordata.pt/europa/quadro+resumo/lituania-826966	
https://www.pordata.pt/europa/quadro+resumo/luxemburgo-826967	
https://www.pordata.pt/europa/quadro+resumo/malta-826968	
https://www.pordata.pt/europa/quadro+resumo/paises+baixos-826971	
https://www.pordata.pt/europa/quadro+resumo/polonia-826972	
https://www.pordata.pt/europa/quadro+resumo/portugal-826973	
https://www.pordata.pt/europa/quadro+resumo/republica+checa-826975	
https://www.pordata.pt/europa/quadro+resumo/romenia-826976	
https://www.pordata.pt/europa/quadro+resumo/suecia-826977	
https://www.pordata.pt/europa/quadro+resumo/uniao+europeia+27+(desde+2020)-826991	
https://www.pordata.pt/europa/quartos+em+estabelecimentos+hoteleiros+e+similares-2437	2026-07-03
https://www.pordata.pt/europa/quota+de+mercado+das+exportacoes+mundiais-2664	2026-07-15
https://www.pordata.pt/europa/quota+de+mercado+do+maior+produtor+de+eletricidade+em+percentagem+da+producao+total-1365	2026-05-12
https://www.pordata.pt/europa/receitas+da+protecao+social+em+percentagem+do+pib-1376	2026-03-03
https://www.pordata.pt/europa/receitas+da+protecao+social+por+habitante+(euro)-1576	2026-07-10
https://www.pordata.pt/europa/receitas+da+protecao+social+total+e+por+setor+de+origem+(euro)-1392	2026-01-20
https://www.pordata.pt/europa/receitas+da+protecao+social+total+e+por+setor+de+origem++a+precos+constantes-1383	2026-01-20
https://www.pordata.pt/europa/receitas+da+protecao+social+total+e+por+setor+de+origem++por+habitante+(ppc)-1390	2026-01-20
https://www.pordata.pt/europa/receitas+da+protecao+social+total+e+por+tipo+(euro)-1357	2026-01-20
https://www.pordata.pt/europa/receitas+da+protecao+social+total+e+por+tipo++a+precos+constantes-1368	2026-01-20
https://www.pordata.pt/europa/receitas+da+protecao+social+total+e+por+tipo++por+habitante+(ppc)-1370	2026-01-20
https://www.pordata.pt/europa/reclusos+por+situacao+juridica+do+processo+de+julgamento-3314	2026-04-29
https://www.pordata.pt/europa/reclusos+total+e+por+nacionalidade-3313	2026-04-29
https://www.pordata.pt/europa/reclusos+total+e+por+sexo-3312	2026-04-29
https://www.pordata.pt/europa/relacao+de+masculinidade-1817	2026-07-10
https://www.pordata.pt/europa/remessas+de+emigrantes++imigrantes+e+saldo+(euro)-2429	2026-01-08
https://www.pordata.pt/europa/remessas+de+emigrantes++imigrantes+e+saldo+em+percentagem+do+pib-2430	2026-03-03
https://www.pordata.pt/europa/remessas+de+emigrantes+total++ue+e+extra+ue+(euro)-3525	2026-01-21
https://www.pordata.pt/europa/remessas+de+imigrantes+total++ue+e+extra+ue+(euro)-3526	2026-01-21
https://www.pordata.pt/europa/remuneracao+dos+empregados+(euro)-1915	2026-03-05
https://www.pordata.pt/europa/remuneracao+dos+empregados+(ppc)-1918	2026-03-30
https://www.pordata.pt/europa/rendimento+disponivel+bruto+(euro)-2687	2026-01-21
https://www.pordata.pt/europa/rendimento+disponivel+bruto+total+e+por+setor+institucional+(euro)-2966	2026-01-21
https://www.pordata.pt/europa/rendimento+dos+fatores+agricolas+por+unidade+de+trabalho+ano+(uta)-3533	2026-01-15
https://www.pordata.pt/europa/rendimento+medio+equivalente+por+nivel+de+escolaridade+(euro)-1720	2026-03-26
https://www.pordata.pt/europa/rendimento+medio+equivalente+por+nivel+de+escolaridade+(ppc)-1937	2026-03-26
https://www.pordata.pt/europa/rendimento+medio+equivalente+por+tipo+de+agregado+domestico+(euro)-1938	2026-03-26
https://www.pordata.pt/europa/rendimento+medio+equivalente+por+tipo+de+agregado+domestico+(ppc)-1939	2026-03-26
https://www.pordata.pt/europa/rendimento+nacional+bruto+(euro)-2676	2026-01-21
https://www.pordata.pt/europa/residuos+de+embalagem+reciclados+no+total+de+residuos+de+embalagem+(percentagem)-3428	2026-01-05
https://www.pordata.pt/europa/salario+minimo+nacional+(euro)-1640	2026-01-30
https://www.pordata.pt/europa/salario+minimo+nacional+(ppc)-1753	2026-01-30
https://www.pordata.pt/europa/saldo+da+balanca+de+bens+total++ue27+e+extra+ue27+(euro)-3519	2026-04-14
https://www.pordata.pt/europa/saldo+da+balanca+de+servicos+total++ue27+e+extra+ue27+(euro)-3522	2026-04-14
https://www.pordata.pt/europa/saldo+das+remessas+de+emigrantes+e+imigrantes+total++ue+e+extra+ue+(euro)-3527	2026-01-26
https://www.pordata.pt/europa/saldo+processual+dos+tribunais+de+1%c2%aa+instancia+tipo+de+processos-3338	2026-07-08
https://www.pordata.pt/europa/saldos+populacionais+anuais+total++natural+e+migratorio-1282	2026-07-13
https://www.pordata.pt/europa/superficie+agricola+utilizada+na+superficie+total+do+pais+(percentagem)-3703	2026-01-23
https://www.pordata.pt/europa/superficie+agricola+utilizada-3644	2023-02-02
https://www.pordata.pt/europa/superficie+das+principais+culturas+agricolas-3697	2024-11-08
https://www.pordata.pt/europa/superficie+de+areas+marinhas+protegidas+(percentagem)-3717	2026-01-14
https://www.pordata.pt/europa/superficie+de+areas+marinhas+protegidas-3624	2026-01-14
https://www.pordata.pt/europa/superficie+de+areas+protegidas+terrestres+(percentagem)-3628	2026-01-14
https://www.pordata.pt/europa/superficie-2489	2026-01-23
https://www.pordata.pt/europa/taxa+bruta+de+emigracao-1935	2026-07-10
https://www.pordata.pt/europa/taxa+bruta+de+imigracao-1934	2026-07-10
https://www.pordata.pt/europa/taxa+bruta+de+mortalidade-1941	2026-07-13
https://www.pordata.pt/europa/taxa+bruta+de+natalidade-1605	2026-07-10
https://www.pordata.pt/europa/taxa+de+abandono+escolar+total+e+por+sexo-1350	2026-04-19
https://www.pordata.pt/europa/taxa+de+atividade++dos+15+aos+64+anos+por+nivel+de+escolaridade+completo+mais+elevado-3135	2026-04-20
https://www.pordata.pt/europa/taxa+de+atividade+total+e+por+grupo+etario-3828	2026-04-20
https://www.pordata.pt/europa/taxa+de+atividade+total+e+por+sexo-1754	2026-04-17
https://www.pordata.pt/europa/taxa+de+congestao+dos+tribunais+de+1%c2%aa+instancia+tipo+de+processos+(percentagem)-3335	2026-07-08
https://www.pordata.pt/europa/taxa+de+crescimento+da+populacao+residente++natural+e+migratorio-1955	2026-07-13
https://www.pordata.pt/europa/taxa+de+crescimento+do+pib-1533	2026-03-03
https://www.pordata.pt/europa/taxa+de+desemprego++dos+15+aos+64+anos++por+grupo+etario-1798	2026-04-19
https://www.pordata.pt/europa/taxa+de+desemprego++dos+15+aos+74+anos++por+nivel+de+escolaridade+++homens-1750	2026-04-20
https://www.pordata.pt/europa/taxa+de+desemprego++dos+15+aos+74+anos++por+nivel+de+escolaridade+++mulheres-1751	2026-04-20
https://www.pordata.pt/europa/taxa+de+desemprego++dos+15+aos+74+anos+total++nacionais+e+estrangeiros-2387	2026-04-20
https://www.pordata.pt/europa/taxa+de+desemprego++dos+15+aos+74+anos+total+e+por+nivel+de+escolaridade-1633	2026-04-20
https://www.pordata.pt/europa/taxa+de+desemprego++dos+15+aos+74+anos+total+e+por+sexo-1775	2026-04-17
https://www.pordata.pt/europa/taxa+de+desemprego+de+longa+duracao+total+e+por+sexo-2264	2026-03-13
https://www.pordata.pt/europa/taxa+de+divorcio-1565	2026-07-10
https://www.pordata.pt/europa/taxa+de+eficacia+dos+tribunais+de+1%c2%aa+instancia+tipo+de+processos+(percentagem)-3337	2026-07-08
https://www.pordata.pt/europa/taxa+de+emprego++dos+15+aos+64+anos++por+grupo+etario+++homens-1805	2026-04-20
https://www.pordata.pt/europa/taxa+de+emprego++dos+15+aos+64+anos++por+grupo+etario+++mulheres-1806	2026-04-20
https://www.pordata.pt/europa/taxa+de+emprego++dos+15+aos+64+anos++por+grupo+etario-2520	2026-04-19
https://www.pordata.pt/europa/taxa+de+emprego++dos+15+aos+64+anos++por+nivel+de+escolaridade+++homens-1804	2026-04-20
https://www.pordata.pt/europa/taxa+de+emprego++dos+15+aos+64+anos++por+nivel+de+escolaridade+++mulheres-1807	2026-04-20
https://www.pordata.pt/europa/taxa+de+emprego++dos+15+aos+64+anos++por+nivel+de+escolaridade-2521	2026-04-20
https://www.pordata.pt/europa/taxa+de+emprego++dos+20+aos+64+anos++por+sexo-3396	2026-04-20
https://www.pordata.pt/europa/taxa+de+emprego+total++nacionais+e+estrangeiros-2386	2026-04-20
https://www.pordata.pt/europa/taxa+de+emprego+total+e+por+sexo-1758	2026-04-17
https://www.pordata.pt/europa/taxa+de+fecundidade+geral-1610	2026-07-02
https://www.pordata.pt/europa/taxa+de+inatividade+total+e+por+sexo-1781	2026-04-17
https://www.pordata.pt/europa/taxa+de+inflacao+(taxa+de+variacao+do+indice+de+precos+no+consumidor)+total+e+por+tipo+de+bens+e+servicos-2656	2026-02-04
https://www.pordata.pt/europa/taxa+de+intensidade+da+pobreza+total+e+por+grupo+etario-2336	2026-03-26
https://www.pordata.pt/europa/taxa+de+intensidade+da+pobreza+total+e+por+sexo-2335	2026-03-26
https://www.pordata.pt/europa/taxa+de+investimento+das+empresas+por+alguns+setores+de+atividade+economica-3187	2022-10-28
https://www.pordata.pt/europa/taxa+de+jovens+nao+empregados+que+nao+estao+em+educacao+ou+formacao+total+e+por+sexo-3569	2026-03-13
https://www.pordata.pt/europa/taxa+de+mortalidade+das+empresas+total+e+por+alguns+setores+de+atividade+economica-2983	2026-05-21
https://www.pordata.pt/europa/taxa+de+mortalidade+evitavel-3549	2026-03-16
https://www.pordata.pt/europa/taxa+de+mortalidade+infantil-1589	2026-07-13
https://www.pordata.pt/europa/taxa+de+mortalidade+materna-1825	2026-07-02
https://www.pordata.pt/europa/taxa+de+natalidade+das+empresas+total+e+por+alguns+setores+de+atividade+economica-2982	2026-05-21
https://www.pordata.pt/europa/taxa+de+nupcialidade-1564	2026-07-10
https://www.pordata.pt/europa/taxa+de+obesidade-3542	2026-03-30
https://www.pordata.pt/europa/taxa+de+poupanca+das+familias-2692	2026-03-25
https://www.pordata.pt/europa/taxa+de+privacao+material+e+social+severa+total+e+por+grupo+etario-3788	2026-03-27
https://www.pordata.pt/europa/taxa+de+privacao+material+e+social+severa+total+e+por+sexo-3789	2026-03-27
https://www.pordata.pt/europa/taxa+de+privacao+material+e+social+severa-3531	2026-03-26
https://www.pordata.pt/europa/taxa+de+privacao+material+severa+total+e+por+grupo+etario+(2004+2020)-2333	2022-11-04
https://www.pordata.pt/europa/taxa+de+privacao+material+severa+total+e+por+sexo+(2004+2020)-2332	2026-01-21
https://www.pordata.pt/europa/taxa+de+privacao+severa+das+condicoes+da+habitacao-3750	2026-01-21
https://www.pordata.pt/europa/taxa+de+reciclagem+de+residuos+municipais-3607	2026-03-27
https://www.pordata.pt/europa/taxa+de+resolucao+dos+tribunais+de+1%c2%aa+instancia+tipo+de+processos+(percentagem)-3336	2026-07-08
https://www.pordata.pt/europa/taxa+de+risco+de+pobreza+antes+e+apos+transferencias+sociais-1940	2026-03-26
https://www.pordata.pt/europa/taxa+de+risco+de+pobreza+apos+transferencias+sociais+agregados+domesticos+de+individuos+com+65+e+mais+anos-1808	2026-03-30
https://www.pordata.pt/europa/taxa+de+risco+de+pobreza+apos+transferencias+sociais+individuos+com+65+e+mais+anos-2169	2026-03-26
https://www.pordata.pt/europa/taxa+de+risco+de+pobreza+apos+transferencias+sociais+individuos+com+menos+de+16+anos-2170	2026-03-26
https://www.pordata.pt/europa/taxa+de+risco+de+pobreza+apos+transferencias+sociais+populacao+empregada+por+tipo+de+agregado+domestico-1811	2026-03-26
https://www.pordata.pt/europa/taxa+de+risco+de+pobreza+apos+transferencias+sociais+por+nivel+de+escolaridade-2417	2026-03-26
https://www.pordata.pt/europa/taxa+de+risco+de+pobreza+apos+transferencias+sociais+por+tipo+de+agregado+domestico+com+criancas+dependentes-1809	2026-03-30
https://www.pordata.pt/europa/taxa+de+risco+de+pobreza+apos+transferencias+sociais+total+e+por+sexo-2171	2026-03-26
https://www.pordata.pt/europa/taxa+de+risco+de+pobreza+da+populacao+empregada-3534	2026-03-26
https://www.pordata.pt/europa/taxa+de+sobrecarga+das+despesas+em+habitacao+total+e+por+tipo+de+ocupacao+do+alojamento-3406	2026-03-26
https://www.pordata.pt/europa/taxa+de+sobrevivencia+das+empresas+com+1+ano+de+vida+total+e+por+alguns+setores+de+atividade+economica-2984	2026-01-21
https://www.pordata.pt/europa/taxa+de+utilizacao+circular+de+materiais-3612	2026-01-14
https://www.pordata.pt/europa/taxa+padronizada+de+mortalidade+por+homicidio+total+e+por+sexo-3589	2026-03-16
https://www.pordata.pt/europa/taxas+de+mortalidade+neonatal+e+taxa+de+mortalidade+fetal+tardia-1258	2026-07-02
https://www.pordata.pt/europa/taxas+de+rendibilidade+de+obrigacoes+do+tesouro-2680	2026-01-26
https://www.pordata.pt/europa/trabalhadores+com+contrato+de+trabalho+temporario+em+percentagem+do+total+de+empregados+total+e+por+sexo-2402	2026-04-20
https://www.pordata.pt/europa/trabalhadores+com+contrato+de+trabalho+temporario+total+e+por+nivel+de+escolaridade+completo+mais+elevado-1620	2026-04-20
https://www.pordata.pt/europa/trabalhadores+com+contrato+de+trabalho+temporario+total+e+por+sexo-1619	2026-04-20
https://www.pordata.pt/europa/trabalhadores+por+conta+de+outrem+ao+servico+nas+empresas+por+alguns+setores+de+atividade+economica-3156	2026-01-05
https://www.pordata.pt/europa/trabalhadores+por+conta+de+outrem+em+alojamentos+turisticos+coletivos-2466	2026-04-20
https://www.pordata.pt/europa/trabalhadores+por+conta+de+outrem+em+percentagem+da+populacao+empregada+em+alojamentos+turisticos+coletivos-2470	2026-04-20
https://www.pordata.pt/europa/trabalhadores+por+conta+de+outrem+total+e+por+nivel+de+escolaridade+completo+mais+elevado-1617	2026-04-20
https://www.pordata.pt/europa/trabalhadores+por+conta+propria+como+empregadores+total+e+por+nivel+de+escolaridade+completo+mais+elevado-2540	2026-04-20
https://www.pordata.pt/europa/trabalhadores+por+conta+propria+nao+empregadores+total+e+por+nivel+de+escolaridade+completo+mais+elevado-1618	2026-04-20
https://www.pordata.pt/europa/trabalhadores+por+conta+propria+total+e+por+nivel+de+escolaridade+completo+mais+elevado-2541	2026-04-20
https://www.pordata.pt/europa/tratamento+de+residuos+municipais+total+e+tipo+de+tratamento-3425	2026-03-27
https://www.pordata.pt/europa/utilizacao+e+risco+de+pesticidas+quimicos-3743	2026-01-14
https://www.pordata.pt/europa/valor+acrescentado+a+custos+de+fatores+das+empresas+por+alguns+setores+de+atividade+economica-3179	2026-01-14
https://www.pordata.pt/europa/valor+acrescentado+bruto+da+agricultura+em+percentagem+do+pib-3688	2026-03-03
https://www.pordata.pt/europa/valor+acrescentado+bruto+da+agricultura-3650	2026-01-09
https://www.pordata.pt/europa/valor+acrescentado+bruto+da+silvicultura+em+percentagem+do+pib-3687	2026-03-03
https://www.pordata.pt/europa/valor+acrescentado+bruto+da+silvicultura+por+hectare+de+superficie+florestal-3662	2026-01-12
https://www.pordata.pt/europa/valor+acrescentado+bruto+da+silvicultura-3664	2026-01-09
https://www.pordata.pt/europa/valor+acrescentado+bruto+dos+bens+e+servicos+ambientais+em+percentagem+do+pib-3615	2026-01-14
https://www.pordata.pt/europa/valor+acrescentado+bruto+total+e+por+setor+de+atividade+economica+(euro)-3270	2026-03-03
https://www.pordata.pt/europa/veiculos+ferroviarios+por+tipo-3071	2026-01-14
https://www.pordata.pt/europa/veiculos+registados+por+tipo+de+veiculo-3070	2026-08-04
https://www.pordata.pt/europa/viagens+turisticas+de+residentes+total+e+por+destino+de+viagem-2451	2026-01-15
https://www.pordata.pt/europa/viagens+turisticas+de+residentes+total+e+por+duracao+da+estada-2452	2026-01-20
https://www.pordata.pt/europa/viagens+turisticas+de+residentes+total+e+por+principal+meio+de+transporte-2458	2026-01-15
https://www.pordata.pt/europa/viagens+turisticas+de+residentes+total+e+por+principal+tipo+de+alojamento-2461	2026-01-15
https://www.pordata.pt/europa/vitimas+de+trafico+de+seres+humanos+por+sexo-3594	2026-01-30
https://www.pordata.pt/europa/vitimas+em+acidentes+aereos-2705	2024-09-26
https://www.pordata.pt/europa/vitimas+em+acidentes+ferroviarios-2723	2026-01-27
https://www.pordata.pt/europa/vitimas+mortais+e+feridos+em+acidentes+de+viacao-3045	2026-01-06
https://www.pordata.pt/europa/vitimas+mortais+em+acidentes+de+viacao+por+100+mil+residentes-3588	2026-04-27
https://www.pordata.pt/europa/volume+de+negocio+das+empresas+por+alguns+setores+de+atividade+economica-3178	2026-01-14
https://www.pordata.pt/europa/volume+medio+de+negocio+por+empresa+por+alguns+setores+de+atividade+economica-3183	2026-01-20
https://www.pordata.pt/europa/voos+comerciais+de+transporte+de+mercadorias+total++voos+domesticos+e+voos+internacionais-3077	2025-10-30
https://www.pordata.pt/europa/voos+comerciais+de+transporte+de+passageiros+chegadas+e+partidas-2710	2026-01-06
https://www.pordata.pt/europa/voos+comerciais+de+transporte+de+passageiros+total++voos+domesticos+e+voos+internacionais-2709	2025-10-30
https://www.pordata.pt/europa/voos+comerciais+internacionais+de+transporte+de+passageiros+total++ue27+e+extra+ue27-2711	2025-10-30
https://www.pordata.pt/ffms	
https://www.pordata.pt/ficha+tecnica	2023-01-10
https://www.pordata.pt/fontes+e+entidades	2026-06-24
https://www.pordata.pt/glossario	
https://www.pordata.pt/home	
https://www.pordata.pt/imprensa	2023-02-02
https://www.pordata.pt/kids	
https://www.pordata.pt/mapa+do+site	
https://www.pordata.pt/municipios	2026-08-21
https://www.pordata.pt/municipios/abono+de+familia+para+criancas+e+jovens+da+seguranca+social-522	2026-06-01
https://www.pordata.pt/municipios/acidentes+de+viacao+com+vitimas+por+mil+habitantes-498	2026-06-25
https://www.pordata.pt/municipios/acidentes+de+viacao+com+vitimas-230	2025-10-28
https://www.pordata.pt/municipios/agregados+domesticos+privados+com+computador++com+ligacao+a+internet+e+com+ligacao+a+internet+atraves+de+banda+larga+(percentagem)-797	2026-01-28
https://www.pordata.pt/municipios/agregados+domesticos+privados+monoparentais+total+e+por+sexo-826	2026-03-02
https://www.pordata.pt/municipios/agregados+domesticos+privados+total+e+por+tipo+de+composicao-825	2026-03-02
https://www.pordata.pt/municipios/agregados+domesticos+privados+unipessoais+total+e+de+individuos+com+65+e+mais+anos-827	2026-03-02
https://www.pordata.pt/municipios/agua+captada+total+e+por+origem+do+caudal-1	2024-10-28
https://www.pordata.pt/municipios/agua+distribuida+consumida+por+habitante-484	2026-06-25
https://www.pordata.pt/municipios/agua+distribuida+consumida-3	2026-03-02
https://www.pordata.pt/municipios/alojamentos+familiares+classicos-92	2026-01-14
https://www.pordata.pt/municipios/alojamentos+servidos+por+sistemas+de+drenagem+de+aguas+residuais+(percentagem)-5	2024-10-28
https://www.pordata.pt/municipios/alojamentos+servidos+por+sistemas+publicos+de+abastecimento+de+agua+(percentagem)-4	2024-10-28
https://www.pordata.pt/municipios/alojamentos+turisticos+total+e+por+tipo+de+alojamento-746	2026-07-09
https://www.pordata.pt/municipios/altitude+maxima-50	2026-02-23
https://www.pordata.pt/municipios/altitude+minima-49	2026-02-23
https://www.pordata.pt/municipios/alunos+do+sexo+feminino+matriculados+nos+ensinos+pre+escolar++basico+e+secundario+total+e+por+nivel+de+ensino-169	2026-07-14
https://www.pordata.pt/municipios/alunos+do+sexo+masculino+matriculados+nos+ensinos+pre+escolar++basico+e+secundario+total+e+por+nivel+de+ensino-168	2026-07-14
https://www.pordata.pt/municipios/alunos+matriculados+no+ensino+basico+privado+total+e+por+modalidade+de+ensino-174	2026-07-16
https://www.pordata.pt/municipios/alunos+matriculados+no+ensino+basico+publico+total+e+por+modalidade+de+ensino-173	2026-07-16
https://www.pordata.pt/municipios/alunos+matriculados+no+ensino+basico+total+e+por+modalidade+de+ensino-172	2026-07-16
https://www.pordata.pt/municipios/alunos+matriculados+no+ensino+basico+total+e+por+subsistema+de+ensino-344	2026-07-09
https://www.pordata.pt/municipios/alunos+matriculados+no+ensino+secundario+privado+total+e+por+modalidade+de+ensino-201	2026-07-15
https://www.pordata.pt/municipios/alunos+matriculados+no+ensino+secundario+publico+total+e+por+modalidade+de+ensino-200	2026-07-15
https://www.pordata.pt/municipios/alunos+matriculados+no+ensino+secundario+total+e+por+modalidade+de+ensino-175	2026-07-10
https://www.pordata.pt/municipios/alunos+matriculados+no+ensino+secundario+total+e+por+subsistema+de+ensino-345	2026-07-09
https://www.pordata.pt/municipios/alunos+matriculados+no+ensino+superior+politecnico+total+e+por+sexo-317	2026-01-12
https://www.pordata.pt/municipios/alunos+matriculados+no+ensino+superior+privado+total+e+por+tipo+de+ensino-304	2026-01-12
https://www.pordata.pt/municipios/alunos+matriculados+no+ensino+superior+publico+total+e+por+tipo+de+ensino-303	2026-01-12
https://www.pordata.pt/municipios/alunos+matriculados+no+ensino+superior+total+e+por+area+de+educacao+e+formacao-313	2026-01-12
https://www.pordata.pt/municipios/alunos+matriculados+no+ensino+superior+total+e+por+nivel+de+formacao-310	2026-01-12
https://www.pordata.pt/municipios/alunos+matriculados+no+ensino+superior+total+e+por+sexo-305	2026-01-09
https://www.pordata.pt/municipios/alunos+matriculados+no+ensino+superior+total+e+por+subsistema+de+ensino-301	2026-01-09
https://www.pordata.pt/municipios/alunos+matriculados+no+ensino+superior+total+e+por+tipo+de+ensino-302	2026-01-09
https://www.pordata.pt/municipios/alunos+matriculados+no+ensino+superior+universitario+total+e+por+sexo-316	2026-01-12
https://www.pordata.pt/municipios/alunos+matriculados+nos+ensinos+pre+escolar++basico+e+secundario+em+percentagem+da+populacao+residente+total+e+por+nivel+de+ensino-386	2026-07-09
https://www.pordata.pt/municipios/alunos+matriculados+nos+ensinos+pre+escolar++basico+e+secundario+privado+total+e+por+nivel+de+ensino-203	2026-07-14
https://www.pordata.pt/municipios/alunos+matriculados+nos+ensinos+pre+escolar++basico+e+secundario+publico+total+e+por+nivel+de+ensino-202	2026-07-14
https://www.pordata.pt/municipios/alunos+matriculados+nos+ensinos+pre+escolar++basico+e+secundario+total+e+por+nivel+de+ensino-166	2026-07-09
https://www.pordata.pt/municipios/areas+protegidas+e+rede+natura+2000+(percentagem)-1015	2026-08-07
https://www.pordata.pt/municipios/areas+protegidas+e+rede+natura+2000-1014	2026-01-23
https://www.pordata.pt/municipios/beneficiarios+ativos+da+seguranca+social+no+total+da+populacao+residente+com+15+e+mais+anos+(percentagem)-541	2026-06-25
https://www.pordata.pt/municipios/beneficiarios+ativos+da+seguranca+social-507	2026-06-01
https://www.pordata.pt/municipios/beneficiarios+das+prestacoes+de+desemprego+da+seguranca+social+no+total+da+populacao+residente+com+15+e+mais+anos+(percentagem)-716	2026-06-25
https://www.pordata.pt/municipios/beneficiarios+do+rendimento+minimo+garantido+e+rendimento+social+de+insercao+da+seguranca+social+no+total+da+populacao+residente+com+15+e+mais+anos+(percentagem)-715	2026-06-25
https://www.pordata.pt/municipios/beneficiarios+do+rendimento+minimo+garantido+e+rendimento+social+de+insercao+da+seguranca+social+total+e+por+grupo+etario-515	2026-06-09
https://www.pordata.pt/municipios/beneficiarios+do+rendimento+minimo+garantido+e+rendimento+social+de+insercao+da+seguranca+social+total+e+por+sexo-513	2026-06-09
https://www.pordata.pt/municipios/beneficiarios+do+subsidio+de+desemprego+da+seguranca+social+no+total+de+beneficiarios+ativos+(percentagem)-544	2026-06-01
https://www.pordata.pt/municipios/beneficiarios+do+subsidio+de+desemprego+da+seguranca+social+total+e+por+sexo-512	2026-06-01
https://www.pordata.pt/municipios/beneficiarios+do+subsidio+por+doenca+da+seguranca+social+total+e+por+sexo-517	2026-06-02
https://www.pordata.pt/municipios/beneficiarios+do+subsidio+social+de+desemprego+da+seguranca+social+total+e+por+sexo-516	2026-06-02
https://www.pordata.pt/municipios/caixa+geral+de+aposentacoes+reformados+aposentados+e+pensionistas-493	2026-05-07
https://www.pordata.pt/municipios/caixa+geral+de+aposentacoes+subscritores-492	2026-05-07
https://www.pordata.pt/municipios/caixas+automaticas+multibanco-927	2026-06-22
https://www.pordata.pt/municipios/camas+nos+hospitais-244	2026-04-07
https://www.pordata.pt/municipios/capacidade+nos+alojamentos+turisticos+total+e+por+tipo+de+alojamento-747	2026-07-09
https://www.pordata.pt/municipios/cartorios+notariais+principais+atos+notariais+celebrados+por+escritura+publica+por+tipo+de+ato-535	2026-05-04
https://www.pordata.pt/municipios/casamentos+dissolvidos+por+morte-91	2026-05-05
https://www.pordata.pt/municipios/casamentos+entre+pessoas+do+sexo+oposto+total+e+por+forma+de+celebracao-93	2026-04-30
https://www.pordata.pt/municipios/casamentos+nao+catolicos+entre+pessoas+do+sexo+oposto+(percentagem)-354	2026-04-30
https://www.pordata.pt/municipios/casamentos+total+e+por+nacionalidade+dos+conjuges-95	2026-04-30
https://www.pordata.pt/municipios/casamentos-634	2026-04-30
https://www.pordata.pt/municipios/centros+de+saude+consultas+medicas+por+habitante+(1999+2012)-489	2026-06-25
https://www.pordata.pt/municipios/centros+de+saude+total+e+por+tipo+de+servico+(1993+2012)-236	2024-02-09
https://www.pordata.pt/municipios/centros+de+saude+urgencias+por+mil+habitantes+(1999+2012)-490	2026-06-25
https://www.pordata.pt/municipios/cidades-51	2026-05-14
https://www.pordata.pt/municipios/cinema+ecras-11	2026-05-07
https://www.pordata.pt/municipios/cinema+espectadores+por+mil+habitantes-423	2026-06-26
https://www.pordata.pt/municipios/cinema+espectadores-16	2026-05-07
https://www.pordata.pt/municipios/cinema+lotacao+-30	2026-05-07
https://www.pordata.pt/municipios/cinema+numero+medio+de+espectadores+por+sessao-424	2026-05-07
https://www.pordata.pt/municipios/cinema+receitas+de+bilheteira-32	2026-05-07
https://www.pordata.pt/municipios/cinema+recintos-6	2026-05-07
https://www.pordata.pt/municipios/cinema+sessoes-13	2026-05-07
https://www.pordata.pt/municipios/cirurgias+nos+hospitais+++por+dia-1004	2025-12-18
https://www.pordata.pt/municipios/compras+e+valores+das+compras+efetuadas+em+terminais+de+pagamento+automatico-933	2026-06-22
https://www.pordata.pt/municipios/computadores+com+ligacao+a+internet+em+percentagem+do+total+de+computadores+no+ensino+basico+e+secundario+privado+total+e+por+nivel+de+ensino-409	2025-11-09
https://www.pordata.pt/municipios/computadores+com+ligacao+a+internet+em+percentagem+do+total+de+computadores+no+ensino+basico+e+secundario+publico+total+e+por+nivel+de+ensino-408	2025-11-09
https://www.pordata.pt/municipios/computadores+com+ligacao+a+internet+em+percentagem+do+total+de+computadores+no+ensino+basico+e+secundario+total+e+por+nivel+de+ensino-389	2025-11-09
https://www.pordata.pt/municipios/computadores+com+ligacao+a+internet+no+ensino+basico+e+secundario+privado+total+e+por+nivel+de+ensino-167	2025-10-24
https://www.pordata.pt/municipios/computadores+com+ligacao+a+internet+no+ensino+basico+e+secundario+publico+total+e+por+nivel+de+ensino-180	2025-10-24
https://www.pordata.pt/municipios/computadores+com+ligacao+a+internet+no+ensino+basico+e+secundario+total+e+por+nivel+de+ensino-176	2025-10-24
https://www.pordata.pt/municipios/computadores+no+ensino+basico+e+secundario+privado+total+e+por+nivel+de+ensino-177	2025-10-24
https://www.pordata.pt/municipios/computadores+no+ensino+basico+e+secundario+publico+total+e+por+nivel+de+ensino-178	2025-10-24
https://www.pordata.pt/municipios/computadores+no+ensino+basico+e+secundario+total+e+por+nivel+de+ensino-179	2025-10-24
https://www.pordata.pt/municipios/concentracao+de+pessoal+ao+servico+das+quatro+maiores+empresas+nao+financeiras+(percentagem)-991	2025-12-24
https://www.pordata.pt/municipios/concentracao+do+volume+de+negocios+e+do+valor+acrescentado+bruto+das+quatro+maiores+empresas+nao+financeiras+(percentagem)-924	2025-12-24
https://www.pordata.pt/municipios/consultas+externas+nos+hospitais+total+e+por+algumas+especialidades+medicas-248	2025-12-18
https://www.pordata.pt/municipios/consultas+medicas+nos+centros+de+saude+total+e+por+algumas+especialidades+medicas+(1999+2012)-249	2024-02-09
https://www.pordata.pt/municipios/consumidores+de+energia+eletrica+total+e+por+tipo+de+consumo-18	2025-12-03
https://www.pordata.pt/municipios/consumo+de+energia+eletrica+por+consumidor+total+e+por+tipo+de+consumo-436	2025-12-03
https://www.pordata.pt/municipios/consumo+de+energia+eletrica+por+habitante+total+e+por+tipo+de+consumo-435	2026-06-24
https://www.pordata.pt/municipios/consumo+de+energia+eletrica+total+e+por+setor+de+atividade+economica-28	2025-12-03
https://www.pordata.pt/municipios/consumo+de+energia+eletrica+total+e+por+tipo+de+consumo-25	2025-12-03
https://www.pordata.pt/municipios/consumo+de+gas+natural+por+habitante-485	2026-06-25
https://www.pordata.pt/municipios/consumo+de+gas+natural-31	2025-12-03
https://www.pordata.pt/municipios/contributo+dos+saldos+natural+e+migratorio+para+a+variacao+populacional+anual+(percentagem)-463	2026-06-26
https://www.pordata.pt/municipios/corpos+de+bombeiros-40	2025-12-15
https://www.pordata.pt/municipios/credito+concedido+a+clientes+por+bancos++caixas+economicas+e+caixas+de+credito+agricola+mutuo+total+e+por+tipo+de+credito-385	2025-12-19
https://www.pordata.pt/municipios/credito+concedido+pelos+bancos++caixas+economicas+e+caixas+de+credito+agricola+mutuo+total++a+clientes+e+a+nao+clientes-383	2026-01-05
https://www.pordata.pt/municipios/crimes+registados+pelas+policias+por+mil+habitantes-995	2026-06-25
https://www.pordata.pt/municipios/crimes+registados+pelas+policias+total+e+por+algumas+categorias+de+crime-600	2026-04-14
https://www.pordata.pt/municipios/crimes+registados+pelas+policias+total+e+por+tipo+de+crime-599	2026-04-02
https://www.pordata.pt/municipios/densidade+das+empresas+nao+financeiras-920	2026-02-23
https://www.pordata.pt/municipios/densidade+populacional-452	2026-08-06
https://www.pordata.pt/municipios/depositos+de+clientes+nos+bancos++caixas+economicas+e+caixas+de+credito+agricola+mutuo+total+e+por+tipo+de+cliente-377	2025-12-19
https://www.pordata.pt/municipios/desempregados+inscritos+nos+centros+de+emprego+e+de+formacao+profissional+(media+anual)+total+e+por+grupo+etario-221	2026-03-09
https://www.pordata.pt/municipios/desempregados+inscritos+nos+centros+de+emprego+e+de+formacao+profissional+(media+anual)+total+e+por+nivel+de+escolaridade+completo-222	2026-03-09
https://www.pordata.pt/municipios/desempregados+inscritos+nos+centros+de+emprego+e+de+formacao+profissional+(media+anual)+total+e+por+sexo-227	2026-03-10
https://www.pordata.pt/municipios/desempregados+inscritos+nos+centros+de+emprego+e+de+formacao+profissional+(media+anual)+total+e+por+tempo+de+inscricao-228	2026-03-10
https://www.pordata.pt/municipios/desempregados+inscritos+nos+centros+de+emprego+e+de+formacao+profissional+(media+anual)+total+e+por+tipo+de+desemprego-229	2026-03-10
https://www.pordata.pt/municipios/desempregados+inscritos+nos+centros+de+emprego+e+de+formacao+profissional+a+procura+de+novo+emprego+(media+anual)+total+e+por+grandes+setores+de+atividade+economica-231	2026-03-10
https://www.pordata.pt/municipios/desempregados+inscritos+nos+centros+de+emprego+e+de+formacao+profissional+no+total+da+populacao+residente+com+15+a+64+anos+(percentagem)-592	2026-06-25
https://www.pordata.pt/municipios/desempregados+inscritos+nos+centros+de+emprego+e+de+formacao+profissional-220	2026-03-09
https://www.pordata.pt/municipios/despesa+das+camaras+municipais+em+cultura+e+desporto+total++correntes+e+de+capital-795	2026-01-05
https://www.pordata.pt/municipios/despesa+das+camaras+municipais+em+cultura+e+desporto+total+e+por+dominio+cultural+(1995+2012)-35	2024-02-09
https://www.pordata.pt/municipios/despesa+das+camaras+municipais+em+cultura+e+desporto+total+e+por+dominio+cultural+(2013+)-767	2026-01-05
https://www.pordata.pt/municipios/despesas+das+camaras+municipais+em+cultura+e+desporto+em+percentagem+do+total+de+despesas-796	2026-01-05
https://www.pordata.pt/municipios/despesas+dos+corpos+de+bombeiros-799	2026-02-16
https://www.pordata.pt/municipios/despesas+dos+municipios+em+ambiente+em+percentagem+do+total+de+despesas-794	2026-08-05
https://www.pordata.pt/municipios/despesas+dos+municipios+em+ambiente+per+capita+por+dominios+de+gestao+e+protecao+ambiental-434	2026-08-05
https://www.pordata.pt/municipios/despesas+dos+municipios+em+ambiente+total+e+por+dominios+de+gestao+e+protecao+do+ambiente-12	2026-08-05
https://www.pordata.pt/municipios/despesas+em+atividades+de+investigacao+e+desenvolvimento+(i+d)+em+percentagem+do+pib+por+setor+de+execucao-946	2026-01-20
https://www.pordata.pt/municipios/despesas+em+atividades+de+investigacao+e+desenvolvimento+(i+d)+total+e+por+setor+de+execucao-876	2026-01-06
https://www.pordata.pt/municipios/dias+de+internamento+nos+centros+de+saude+(1993+2012)-250	2024-02-09
https://www.pordata.pt/municipios/diferenca+entre+o+salario+minimo+nacional+e+a+remuneracao+base+media+mensal+dos+trabalhadores+por+conta+de+outrem-477	2026-06-26
https://www.pordata.pt/municipios/dimensao+media+dos+agregados+domesticos+privados-847	2026-02-25
https://www.pordata.pt/municipios/diplomados+no+ensino+superior+total+e+por+area+de+educacao+e+formacao-343	2026-07-15
https://www.pordata.pt/municipios/diplomados+no+ensino+superior+total+e+por+nivel+de+formacao-342	2026-07-15
https://www.pordata.pt/municipios/diplomados+no+ensino+superior+total+e+por+sexo-339	2026-07-15
https://www.pordata.pt/municipios/diplomados+no+ensino+superior+total+e+por+subsistema+de+ensino-341	2026-07-15
https://www.pordata.pt/municipios/diplomados+no+ensino+superior+total+e+por+tipo+de+ensino-340	2026-07-15
https://www.pordata.pt/municipios/divorcios+entre+pessoas+do+sexo+oposto+total+e+por+forma+de+celebracao+do+casamento-96	2025-10-02
https://www.pordata.pt/municipios/divorcios-97	2025-09-30
https://www.pordata.pt/municipios/docentes+do+ensino+superior+total+e+por+grupo+etario-326	2025-10-13
https://www.pordata.pt/municipios/docentes+do+ensino+superior+total+e+por+subsistema+de+ensino-320	2025-10-13
https://www.pordata.pt/municipios/docentes+do+ensino+superior+total+e+por+tipo+de+ensino-324	2025-10-13
https://www.pordata.pt/municipios/docentes+em+exercicio+nos+ensinos+pre+escolar++basico+e+secundario+privado+total+e+por+nivel+de+ensino-210	2026-07-15
https://www.pordata.pt/municipios/docentes+em+exercicio+nos+ensinos+pre+escolar++basico+e+secundario+publico+total+e+por+nivel+de+ensino-209	2026-07-15
https://www.pordata.pt/municipios/docentes+em+exercicio+nos+ensinos+pre+escolar++basico+e+secundario+total+e+por+nivel+de+ensino-208	2026-07-09
https://www.pordata.pt/municipios/dormidas+nos+alojamentos+turisticos+por+100+habitantes-761	2026-07-10
https://www.pordata.pt/municipios/dormidas+nos+alojamentos+turisticos+total+e+por+tipo+de+alojamento-748	2026-07-09
https://www.pordata.pt/municipios/duracao+media+semanal+do+trabalho+efetivo+dos+trabalhadores+por+conta+de+outrem+total+e+por+sexo-917	2026-03-02
https://www.pordata.pt/municipios/edificios+concluidos+para+habitacao+familiar+total+e+por+tipo+de+obra-102	2026-07-17
https://www.pordata.pt/municipios/edificios+concluidos+total+e+por+tipo+de+obra-100	2026-07-17
https://www.pordata.pt/municipios/edificios+de+habitacao+familiar+classica-88	2026-01-14
https://www.pordata.pt/municipios/edificios+licenciados+para+habitacao+familiar+total+e+por+tipo+de+obra-107	2026-07-17
https://www.pordata.pt/municipios/edificios+licenciados+total+e+por+tipo+de+obra-106	2026-07-17
https://www.pordata.pt/municipios/eleitores+nas+eleicoes+para+a+assembleia+da+republica+total++votantes+e+abstencao-622	2025-11-25
https://www.pordata.pt/municipios/eleitores+nas+eleicoes+para+a+assembleia+legislativa+da+regiao+autonoma+da+madeira+total++votantes+e+abstencao-633	2025-11-26
https://www.pordata.pt/municipios/eleitores+nas+eleicoes+para+a+assembleia+legislativa+da+regiao+autonoma+dos+acores+total++votantes+e+abstencao-645	2024-02-12
https://www.pordata.pt/municipios/eleitores+nas+eleicoes+para+a+presidencia+da+republica+total++votantes+e+abstencao-619	2026-02-24
https://www.pordata.pt/municipios/eleitores+nas+eleicoes+para+as+autarquias+locais+total++votantes+e+abstencao-631	2025-12-18
https://www.pordata.pt/municipios/eleitores+nas+eleicoes+para+o+parlamento+europeu+total++votantes+e+abstencao-625	2024-07-04
https://www.pordata.pt/municipios/embarcacoes+de+pesca+total++com+e+sem+motor-981	2026-05-28
https://www.pordata.pt/municipios/empresas+individuais+nao+financeiras+total+e+por+setor+de+atividade+economica-990	2025-12-24
https://www.pordata.pt/municipios/empresas+nao+financeiras+com+menos+de+10+pessoas+ao+servico+em+percentagem+do+total+de+empresas+nao+financeiras-919	2025-12-26
https://www.pordata.pt/municipios/empresas+nao+financeiras+por+100+habitantes-934	2026-06-25
https://www.pordata.pt/municipios/empresas+nao+financeiras+total+e+por+dimensao-916	2025-12-24
https://www.pordata.pt/municipios/empresas+nao+financeiras+total+e+por+escalao+de+pessoal+ao+servico-915	2025-12-24
https://www.pordata.pt/municipios/empresas+nao+financeiras+total+e+por+forma+juridica-911	2025-12-24
https://www.pordata.pt/municipios/empresas+nao+financeiras+total+e+por+setor+de+atividade+economica-346	2025-12-23
https://www.pordata.pt/municipios/entidades+empregadoras+com+declaracao+de+remuneracao+a+seguranca+social-521	2026-06-08
https://www.pordata.pt/municipios/esperanca+de+vida+a+nascenca+total+e+por+sexo-873	2026-06-26
https://www.pordata.pt/municipios/esperanca+de+vida+aos+65+anos+total+e+por+sexo-872	2026-06-26
https://www.pordata.pt/municipios/espetaculos+ao+vivo+bilhetes+vendidos-52	2025-09-29
https://www.pordata.pt/municipios/espetaculos+ao+vivo+espectadores+por+mil+habitantes-426	2026-06-26
https://www.pordata.pt/municipios/espetaculos+ao+vivo+espectadores-45	2025-09-29
https://www.pordata.pt/municipios/espetaculos+ao+vivo+numero+medio+de+espectadores+por+sessao-427	2025-11-09
https://www.pordata.pt/municipios/espetaculos+ao+vivo+receitas+de+bilheteira-37	2025-09-29
https://www.pordata.pt/municipios/espetaculos+ao+vivo+sessoes-43	2025-09-29
https://www.pordata.pt/municipios/estabelecimentos+de+bancos++caixas+economicas+e+caixas+de+credito+agricola+mutuo-368	2025-12-19
https://www.pordata.pt/municipios/estabelecimentos+de+ensino+superior+total+e+por+subsistema+de+ensino-335	2026-01-12
https://www.pordata.pt/municipios/estabelecimentos+de+ensino+superior+total+e+por+tipo+de+ensino-336	2026-02-20
https://www.pordata.pt/municipios/estabelecimentos+nos+ensinos+pre+escolar++basico+e+secundario+por+nivel+de+ensino-213	2026-07-09
https://www.pordata.pt/municipios/estabelecimentos+nos+ensinos+pre+escolar++basico+e+secundario+privado+por+nivel+de+ensino-215	2026-07-15
https://www.pordata.pt/municipios/estabelecimentos+nos+ensinos+pre+escolar++basico+e+secundario+publico+por+nivel+de+ensino-214	2026-07-15
https://www.pordata.pt/municipios/estabelecimentos+publicos+em+percentagem+do+total+de+estabelecimentos+nos+ensinos+pre+escolar++basico+e+secundario+por+nivel+de+ensino-384	2026-07-15
https://www.pordata.pt/municipios/estada+media+nos+alojamentos+turisticos+total++residentes+em+portugal+e+residentes+no+estrangeiro-758	2026-07-14
https://www.pordata.pt/municipios/extensoes+dos+centros+de+saude+(1993+2011)-239	2024-02-09
https://www.pordata.pt/municipios/farmacias+e+postos+farmaceuticos+moveis-252	2026-06-26
https://www.pordata.pt/municipios/feridos+e+mortos+em+acidentes+de+viacao-232	2025-10-28
https://www.pordata.pt/municipios/fogos+concluidos+em+construcoes+novas+para+habitacao+familiar+total+e+por+tipologia+do+fogo-94	2026-07-17
https://www.pordata.pt/municipios/formacao+bruta+de+capital+fixo+da+agricultura+total+e+por+tipo+de+produtos-957	2026-01-06
https://www.pordata.pt/municipios/freguesias-54	2026-08-03
https://www.pordata.pt/municipios/galerias+de+arte+e+outros+espacos+de+exposicao+temporaria+exposicoes-60	2026-07-01
https://www.pordata.pt/municipios/galerias+de+arte+e+outros+espacos+de+exposicao+temporaria+numero+de+espacos-58	2026-07-01
https://www.pordata.pt/municipios/galerias+de+arte+e+outros+espacos+de+exposicao+temporaria+obras+expostas-71	2026-07-01
https://www.pordata.pt/municipios/ganho+medio+mensal+dos+trabalhadores+por+conta+de+outrem+total+e+por+nivel+de+escolaridade-288	2026-03-31
https://www.pordata.pt/municipios/ganho+medio+mensal+dos+trabalhadores+por+conta+de+outrem+total+e+por+setor+de+atividade+economica-283	2026-03-30
https://www.pordata.pt/municipios/ganho+medio+mensal+dos+trabalhadores+por+conta+de+outrem+total+e+por+sexo-282	2026-03-31
https://www.pordata.pt/municipios/habitantes+por+bombeiro-888	2026-06-25
https://www.pordata.pt/municipios/habitantes+por+centro+de+saude+e+extensao+(1993+2011)-487	2026-06-25
https://www.pordata.pt/municipios/habitantes+por+farmacia+e+posto+farmaceutico+movel-491	2026-06-26
https://www.pordata.pt/municipios/habitantes+por+medico+e+farmaceutico-495	2026-07-29
https://www.pordata.pt/municipios/habitantes+por+pessoal+ao+servico+nos+centros+de+saude+(1999+2012)-725	2026-06-25
https://www.pordata.pt/municipios/hospedes+nos+alojamentos+turisticos+por+100+habitantes-757	2026-07-14
https://www.pordata.pt/municipios/hospedes+nos+alojamentos+turisticos+total+e+por+tipo+de+alojamento-750	2026-07-09
https://www.pordata.pt/municipios/hospitais+total+e+por+natureza+institucional-247	2025-12-18
https://www.pordata.pt/municipios/idade+media+da+mae+ao+nascimento+de+um+filho-842	2026-06-22
https://www.pordata.pt/municipios/idade+media+da+mae+ao+nascimento+do+primeiro+filho-843	2026-06-22
https://www.pordata.pt/municipios/incendios+rurais-41	2026-04-15
https://www.pordata.pt/municipios/indice+de+dependencia+de+idosos-461	2026-06-25
https://www.pordata.pt/municipios/indice+de+dependencia+de+jovens-460	2026-06-25
https://www.pordata.pt/municipios/indice+de+dependencia+total-459	2026-06-25
https://www.pordata.pt/municipios/indice+de+envelhecimento+dos+docentes+do+ensino+superior-379	2025-11-09
https://www.pordata.pt/municipios/indice+de+envelhecimento+dos+docentes+em+exercicio+nos+ensinos+pre+escolar++basico+e+secundario+por+nivel+de+ensino-337	2026-07-08
https://www.pordata.pt/municipios/indice+de+envelhecimento-458	2026-06-25
https://www.pordata.pt/municipios/indice+de+hierarquia+de+gestao+dos+residuos+urbanos-791	2025-12-19
https://www.pordata.pt/municipios/indice+de+longevidade-457	2026-06-25
https://www.pordata.pt/municipios/individuos+com+16+e+mais+anos+que+utilizam+computador+e+internet+em+percentagem+do+total+de+individuos+por+sexo-798	2025-11-28
https://www.pordata.pt/municipios/individuos+com+contribuicao+de+servico+domestico+paga+a+seguranca+social-641	2026-06-08
https://www.pordata.pt/municipios/internamentos+nos+centros+de+saude+(1993+2012)-241	2024-02-09
https://www.pordata.pt/municipios/internamentos+nos+hospitais-245	2026-04-07
https://www.pordata.pt/municipios/investigadores+(eti)+em+atividades+de+investigacao+e+desenvolvimento+(i+d)+total+e+por+setor+de+execucao-874	2026-01-06
https://www.pordata.pt/municipios/jornais+e+outras+publicacoes+periodicas+edicoes-66	2025-10-10
https://www.pordata.pt/municipios/jornais+e+outras+publicacoes+periodicas+titulos+publicados-64	2025-10-10
https://www.pordata.pt/municipios/lagares+de+azeite-977	2026-07-09
https://www.pordata.pt/municipios/levantamentos++pagamentos+de+servicos+e+consultas+nas+caixas+automaticas+multibanco-928	2026-06-22
https://www.pordata.pt/municipios/lotacao+dos+centros+de+saude+(1993+2012)-240	2024-02-09
https://www.pordata.pt/municipios/medicos+nao+especialistas+e+especialistas+por+algumas+especialidades-441	2026-07-30
https://www.pordata.pt/municipios/mortes+de+empresas+nao+financeiras+total+e+por+setor+de+atividade+economica-901	2025-12-29
https://www.pordata.pt/municipios/mortos+por+100+acidentes+de+viacao+com+vitimas-497	2025-11-10
https://www.pordata.pt/municipios/museus+numero+-742	2025-09-22
https://www.pordata.pt/municipios/museus+total+de+visitantes++visitantes+escolares+e+estrangeiros-744	2025-10-31
https://www.pordata.pt/municipios/n.%c2%ba+medio+de+pessoas+ao+servico+nas+empresas+nao+financeiras+total+e+por+setor+de+atividade+economica-936	2026-01-13
https://www.pordata.pt/municipios/nados+vivos+de+maes+residentes+em+portugal+fora+do+casamento+por+coabitacao+dos+pais-108	2026-05-05
https://www.pordata.pt/municipios/nados+vivos+de+maes+residentes+em+portugal+total+e+fora+do+casamento-105	2026-04-30
https://www.pordata.pt/municipios/nados+vivos+de+maes+residentes+em+portugal+total+e+por+grupo+etario+da+mae-104	2026-04-30
https://www.pordata.pt/municipios/nados+vivos+de+maes+residentes+em+portugal+total+e+por+nacionalidade+da+mae-718	2026-05-05
https://www.pordata.pt/municipios/nados+vivos+de+maes+residentes+em+portugal+total+e+por+nivel+de+escolaridade+completo+mais+elevado+da+mae-719	2026-05-05
https://www.pordata.pt/municipios/nados+vivos+de+maes+residentes+em+portugal+total+e+por+sexo-103	2026-04-30
https://www.pordata.pt/municipios/nados+vivos+fora+do+casamento++com+coabitacao+e+sem+coabitacao+dos+pais+(percentagem)-370	2026-05-05
https://www.pordata.pt/municipios/nascimentos++mortes+e+sobrevivencia+a+1+ano+de+empresas+nao+financeiras-904	2025-12-29
https://www.pordata.pt/municipios/nascimentos+de+empresas+nao+financeiras+total+e+por+setor+de+atividade+economica-899	2025-12-29
https://www.pordata.pt/municipios/numero+de+bombeiros-39	2025-12-15
https://www.pordata.pt/municipios/numero+de+individuos+em+idade+ativa+por+idoso-462	2026-06-25
https://www.pordata.pt/municipios/numero+de+sociedades+constituidas+por+numero+de+sociedades+dissolvidas+total+e+por+setor+de+atividade+economica+principal-511	2026-02-12
https://www.pordata.pt/municipios/numero+medio+de+alojamentos+familiares+classicos+por+km2-422	2026-02-23
https://www.pordata.pt/municipios/numero+medio+de+alunos+por+computador+com+ligacao+a+internet+no+ensino+basico+e+secundario+privado+total+e+por+nivel+de+ensino-185	2025-10-27
https://www.pordata.pt/municipios/numero+medio+de+alunos+por+computador+com+ligacao+a+internet+no+ensino+basico+e+secundario+publico+total+e+por+nivel+de+ensino-186	2025-10-27
https://www.pordata.pt/municipios/numero+medio+de+alunos+por+computador+com+ligacao+a+internet+no+ensino+basico+e+secundario+total+e+por+nivel+de+ensino-189	2025-10-27
https://www.pordata.pt/municipios/numero+medio+de+alunos+por+computador+no+ensino+basico+e+secundario+privado+total+e+por+nivel+de+ensino-190	2025-10-27
https://www.pordata.pt/municipios/numero+medio+de+alunos+por+computador+no+ensino+basico+e+secundario+publico+total+e+por+nivel+de+ensino-191	2025-10-27
https://www.pordata.pt/municipios/numero+medio+de+alunos+por+computador+no+ensino+basico+e+secundario+total+e+por+nivel+de+ensino-192	2025-10-27
https://www.pordata.pt/municipios/numero+medio+de+individuos+por+alojamento+familiar+classico-884	2026-06-25
https://www.pordata.pt/municipios/obitos+de+residentes+em+portugal+por+algumas+causas+de+morte-117	2026-07-02
https://www.pordata.pt/municipios/obitos+de+residentes+em+portugal+total+e+no+primeiro+ano+de+vida-109	2026-04-30
https://www.pordata.pt/municipios/obitos+de+residentes+em+portugal+total+e+por+grupo+etario-112	2026-05-04
https://www.pordata.pt/municipios/obitos+de+residentes+em+portugal+total+e+por+sexo-111	2026-04-30
https://www.pordata.pt/municipios/obitos+neonatais+de+maes+residentes+em+portugal-116	2026-05-05
https://www.pordata.pt/municipios/obitos+perinatais+de+maes+residentes+em+portugal-114	2026-05-05
https://www.pordata.pt/municipios/obitos+por+algumas+causas+de+morte+(percentagem)-373	2026-07-02
https://www.pordata.pt/municipios/ofertas+de+emprego+(media+anual)+disponiveis+nos+centros+de+emprego+e+formacao+profissional+total+e+por+grandes+setores+de+atividade+economica+(2001+2014)-234	2024-02-09
https://www.pordata.pt/municipios/ofertas+de+emprego+(media+anual)+disponiveis+nos+centros+de+emprego+e+formacao+profissional+total+e+por+grandes+setores+de+atividade+economica-811	2026-03-10
https://www.pordata.pt/municipios/organizacoes+nao+governamentais+de+ambiente+(onga)+numero-38	2025-10-03
https://www.pordata.pt/municipios/partos+nos+hospitais-256	2026-06-08
https://www.pordata.pt/municipios/peixe+capturado+total+e+por+alguns+tipos+de+peixe-985	2026-05-28
https://www.pordata.pt/municipios/pensoes+da+seguranca+social+e+caixa+geral+de+aposentacoes+no+total+da+populacao+residente+com+15+e+mais+anos+(percentagem)-547	2026-07-10
https://www.pordata.pt/municipios/pensoes+da+seguranca+social+por+beneficiario-887	2026-07-10
https://www.pordata.pt/municipios/pensoes+da+seguranca+social+total++de+sobrevivencia++de+invalidez+e+de+velhice-506	2026-07-09
https://www.pordata.pt/municipios/pensoes+total++da+seguranca+social+e+da+caixa+geral+de+aposentacoes-549	2026-07-10
https://www.pordata.pt/municipios/peoes+atropelados+total+e+mortos-233	2025-10-28
https://www.pordata.pt/municipios/pescadores+matriculados-980	2024-05-23
https://www.pordata.pt/municipios/pessoal+ao+servico+nas+empresas+nao+financeiras+total+e+por+setor+de+atividade+economica-353	2025-12-24
https://www.pordata.pt/municipios/pessoal+ao+servico+nos+centros+de+saude+total+e+por+tipo+de+pessoal+ao+servico+(1999+2012)-443	2024-02-09
https://www.pordata.pt/municipios/pessoal+ao+servico+nos+hospitais+total+e+por+tipo+de+pessoal+ao+servico-444	2026-01-09
https://www.pordata.pt/municipios/pessoal+total+(eti)+em+atividades+de+investigacao+e+desenvolvimento+(i+d)+total+e+por+setor+de+execucao-875	2026-01-06
https://www.pordata.pt/municipios/pessoal+total+e+investigadores+em+atividades+de+investigacao+e+desenvolvimento+(i+d)+equivalente+a+tempo+integral+por+1000+ativos-877	2026-02-09
https://www.pordata.pt/municipios/pib+per+capita-896	2026-01-29
https://www.pordata.pt/municipios/poder+de+compra+per+capita-118	2025-12-31
https://www.pordata.pt/municipios/populacao+ativa+por+inativa-855	2026-02-09
https://www.pordata.pt/municipios/populacao+ativa+por+pensionista+de+velhice+da+seguranca+social+e+reformado+aposentado+da+caixa+geral+de+aposentacoes-854	2026-07-10
https://www.pordata.pt/municipios/populacao+ativa+total+e+por+grupo+etario-807	2026-02-09
https://www.pordata.pt/municipios/populacao+ativa+total+e+por+nivel+de+escolaridade+completo-808	2026-02-10
https://www.pordata.pt/municipios/populacao+ativa+total+e+por+sexo-806	2026-02-09
https://www.pordata.pt/municipios/populacao+desempregada+a+procura+de+novo+emprego+total+e+por+sexo-833	2026-02-27
https://www.pordata.pt/municipios/populacao+desempregada+total+e+ha+25+meses+ou+mais-836	2026-03-02
https://www.pordata.pt/municipios/populacao+desempregada+total+e+por+duracao+da+procura+de+emprego-832	2026-02-27
https://www.pordata.pt/municipios/populacao+desempregada+total+e+por+grupo+etario-834	2026-03-02
https://www.pordata.pt/municipios/populacao+desempregada+total+e+por+nivel+de+escolaridade+completo-835	2026-03-02
https://www.pordata.pt/municipios/populacao+desempregada+total+e+por+sexo-809	2026-02-09
https://www.pordata.pt/municipios/populacao+empregada+total+e+a+tempo+completo+e+parcial-814	2026-02-10
https://www.pordata.pt/municipios/populacao+empregada+total+e+por+grandes+setores+de+atividade+economica-816	2026-02-12
https://www.pordata.pt/municipios/populacao+empregada+total+e+por+grupo+etario-815	2026-02-10
https://www.pordata.pt/municipios/populacao+empregada+total+e+por+nivel+de+escolaridade+completo-820	2026-02-12
https://www.pordata.pt/municipios/populacao+empregada+total+e+por+sexo-812	2026-02-09
https://www.pordata.pt/municipios/populacao+empregada+total+e+por+situacao+na+profissao+principal-817	2026-02-12
https://www.pordata.pt/municipios/populacao+estrangeira+com+estatuto+legal+de+residente+total+e+por+algumas+nacionalidades-101	2024-09-20
https://www.pordata.pt/municipios/populacao+estrangeira+com+estatuto+legal+de+residente+total+e+por+sexo-99	2024-09-20
https://www.pordata.pt/municipios/populacao+inativa+com+16+e+mais+anos+total+e+por+sexo-821	2026-02-09
https://www.pordata.pt/municipios/populacao+inativa+com+16+ou+mais+anos+total+e+por+condicao+perante+o+trabalho-839	2026-02-10
https://www.pordata.pt/municipios/populacao+inativa+total+e+por+grupo+etario-823	2026-02-12
https://www.pordata.pt/municipios/populacao+residente++estimativas+a+31+de+dezembro+total+e+por+sexo-136	2026-06-22
https://www.pordata.pt/municipios/populacao+residente+com+idade+entre+16+e+89+anos+sem+o+ensino+secundario+(percentagem)-886	2026-02-10
https://www.pordata.pt/municipios/populacao+residente+com+idade+entre+16+e+89+anos+total+e+por+nivel+de+escolaridade+completo+mais+elevado-802	2026-02-10
https://www.pordata.pt/municipios/populacao+residente+do+sexo+feminino+com+idade+entre+16+e+89+anos+total+e+por+nivel+de+escolaridade+completo+mais+elevado-804	2026-02-12
https://www.pordata.pt/municipios/populacao+residente+do+sexo+feminino+total+e+por+grandes+grupos+etarios-466	2026-06-25
https://www.pordata.pt/municipios/populacao+residente+do+sexo+feminino+total+e+por+grupo+etario-453	2026-06-24
https://www.pordata.pt/municipios/populacao+residente+do+sexo+masculino+com+idade+entre+16+e+89+anos+total+e+por+nivel+de+escolaridade+completo+mais+elevado-803	2026-02-12
https://www.pordata.pt/municipios/populacao+residente+do+sexo+masculino+total+e+por+grandes+grupos+etarios-465	2026-06-25
https://www.pordata.pt/municipios/populacao+residente+do+sexo+masculino+total+e+por+grupo+etario-464	2026-06-24
https://www.pordata.pt/municipios/populacao+residente+que+viajou+em+turismo+total+e+por+condicao+perante+o+trabalho++(percentagem)-891	2026-07-10
https://www.pordata.pt/municipios/populacao+residente+que+viajou+em+turismo+total+e+por+grupo+etario-890	2026-07-10
https://www.pordata.pt/municipios/populacao+residente+que+viajou+em+turismo+total+e+por+nivel+de+instrucao+(percentagem)-892	2026-07-10
https://www.pordata.pt/municipios/populacao+residente+que+viajou+em+turismo+total+e+por+sexo-889	2026-07-10
https://www.pordata.pt/municipios/populacao+residente+total+e+por+grandes+grupos+etarios+(percentagem)-726	2026-06-25
https://www.pordata.pt/municipios/populacao+residente+total+e+por+grandes+grupos+etarios-390	2026-06-25
https://www.pordata.pt/municipios/populacao+residente+total+e+por+grupo+etario-358	2026-06-25
https://www.pordata.pt/municipios/populacao+residente+total+e+por+sexo-357	2026-06-22
https://www.pordata.pt/municipios/populacao+residente+total-359	2026-06-22
https://www.pordata.pt/municipios/postos+telefonicos+analogicos+principais+total+e+por+tipo+-182	2026-06-09
https://www.pordata.pt/municipios/postos+telefonicos+analogicos+residenciais+por+mil+habitantes-412	2026-06-23
https://www.pordata.pt/municipios/producao+das+principais+culturas+agricolas-972	2026-08-03
https://www.pordata.pt/municipios/producao+de+azeite-978	2026-07-09
https://www.pordata.pt/municipios/producao+de+azeitona-974	2026-07-09
https://www.pordata.pt/municipios/producao+de+vinho+por+cor-975	2026-04-14
https://www.pordata.pt/municipios/produtividade+das+principais+culturas+agricolas-973	2026-08-03
https://www.pordata.pt/municipios/produto+interno+bruto+(pib)-894	2026-01-20
https://www.pordata.pt/municipios/profissionais+de+saude+medicos++dentistas++enfermeiros+e+farmaceuticos-442	2026-07-29
https://www.pordata.pt/municipios/proporcao+de+dormidas+nos+alojamentos+turisticos+entre+os+meses+de+julho+setembro-763	2026-07-14
https://www.pordata.pt/municipios/proporcao+de+hospedes+estrangeiros+nos+alojamentos+turisticos-762	2026-07-14
https://www.pordata.pt/municipios/proporcao+de+poder+de+compra-119	2025-12-31
https://www.pordata.pt/municipios/proveitos+totais+dos+alojamentos+turisticos+total+e+por+tipo+de+alojamento-769	2026-07-09
https://www.pordata.pt/municipios/quadro+resumo/abrantes-828209	
https://www.pordata.pt/municipios/quadro+resumo/agueda-828112	
https://www.pordata.pt/municipios/quadro+resumo/aguiar+da+beira-828155	
https://www.pordata.pt/municipios/quadro+resumo/alandroal-828292	
https://www.pordata.pt/municipios/quadro+resumo/albergaria+a+velha-828113	
https://www.pordata.pt/municipios/quadro+resumo/albufeira-828308	
https://www.pordata.pt/municipios/quadro+resumo/alcacer+do+sal-828256	
https://www.pordata.pt/municipios/quadro+resumo/alcanena-828210	
https://www.pordata.pt/municipios/quadro+resumo/alcobaca-828196	
https://www.pordata.pt/municipios/quadro+resumo/alcochete-828245	
https://www.pordata.pt/municipios/quadro+resumo/alcoutim-828309	
https://www.pordata.pt/municipios/quadro+resumo/alenquer-828197	
https://www.pordata.pt/municipios/quadro+resumo/alfandega+da+fe-828101	
https://www.pordata.pt/municipios/quadro+resumo/alijo-828081	
https://www.pordata.pt/municipios/quadro+resumo/aljezur-828310	
https://www.pordata.pt/municipios/quadro+resumo/aljustrel-828262	
https://www.pordata.pt/municipios/quadro+resumo/almada-828246	
https://www.pordata.pt/municipios/quadro+resumo/almeida-828179	
https://www.pordata.pt/municipios/quadro+resumo/almeirim-828221	
https://www.pordata.pt/municipios/quadro+resumo/almodovar-828263	
https://www.pordata.pt/municipios/quadro+resumo/alpiarca-828222	
https://www.pordata.pt/municipios/quadro+resumo/alter+do+chao-828276	
https://www.pordata.pt/municipios/quadro+resumo/alvaiazere-828144	
https://www.pordata.pt/municipios/quadro+resumo/alvito-828264	
https://www.pordata.pt/municipios/quadro+resumo/amadora-828234	
https://www.pordata.pt/municipios/quadro+resumo/amarante-828426	
https://www.pordata.pt/municipios/quadro+resumo/amares-828385	
https://www.pordata.pt/municipios/quadro+resumo/anadia-828114	
https://www.pordata.pt/municipios/quadro+resumo/angra+do+heroismo-828336	
https://www.pordata.pt/municipios/quadro+resumo/ansiao-828145	
https://www.pordata.pt/municipios/quadro+resumo/arcos+de+valdevez-828374	
https://www.pordata.pt/municipios/quadro+resumo/arganil-828124	
https://www.pordata.pt/municipios/quadro+resumo/armamar-828082	
https://www.pordata.pt/municipios/quadro+resumo/arouca-828401	
https://www.pordata.pt/municipios/quadro+resumo/arraiolos-828293	
https://www.pordata.pt/municipios/quadro+resumo/arronches-828277	
https://www.pordata.pt/municipios/quadro+resumo/arruda+dos+vinhos-828198	
https://www.pordata.pt/municipios/quadro+resumo/aveiro-828115	
https://www.pordata.pt/municipios/quadro+resumo/avis-828278	
https://www.pordata.pt/municipios/quadro+resumo/azambuja-828223	
https://www.pordata.pt/municipios/quadro+resumo/baiao-828427	
https://www.pordata.pt/municipios/quadro+resumo/barcelos-828386	
https://www.pordata.pt/municipios/quadro+resumo/barrancos-828265	
https://www.pordata.pt/municipios/quadro+resumo/barreiro-828247	
https://www.pordata.pt/municipios/quadro+resumo/batalha-828146	
https://www.pordata.pt/municipios/quadro+resumo/beja-828266	
https://www.pordata.pt/municipios/quadro+resumo/belmonte-828180	
https://www.pordata.pt/municipios/quadro+resumo/benavente-828224	
https://www.pordata.pt/municipios/quadro+resumo/bombarral-828199	
https://www.pordata.pt/municipios/quadro+resumo/borba-828294	
https://www.pordata.pt/municipios/quadro+resumo/boticas-828419	
https://www.pordata.pt/municipios/quadro+resumo/braga-828387	
https://www.pordata.pt/municipios/quadro+resumo/braganca-828102	
https://www.pordata.pt/municipios/quadro+resumo/cabeceiras+de+basto-828392	
https://www.pordata.pt/municipios/quadro+resumo/cadaval-828200	
https://www.pordata.pt/municipios/quadro+resumo/caldas+da+rainha-828201	
https://www.pordata.pt/municipios/quadro+resumo/calheta+%5br.a.a.%5d-828341	
https://www.pordata.pt/municipios/quadro+resumo/calheta+%5br.a.m.%5d-828357	
https://www.pordata.pt/municipios/quadro+resumo/camara+de+lobos-828358	
https://www.pordata.pt/municipios/quadro+resumo/caminha-828375	
https://www.pordata.pt/municipios/quadro+resumo/campo+maior-828279	
https://www.pordata.pt/municipios/quadro+resumo/cantanhede-828125	
https://www.pordata.pt/municipios/quadro+resumo/carrazeda+de+ansiaes-828083	
https://www.pordata.pt/municipios/quadro+resumo/carregal+do+sal-828156	
https://www.pordata.pt/municipios/quadro+resumo/cartaxo-828225	
https://www.pordata.pt/municipios/quadro+resumo/cascais-828235	
https://www.pordata.pt/municipios/quadro+resumo/castanheira+de+pera-828147	
https://www.pordata.pt/municipios/quadro+resumo/castelo+branco-828170	
https://www.pordata.pt/municipios/quadro+resumo/castelo+de+paiva-828071	
https://www.pordata.pt/municipios/quadro+resumo/castelo+de+vide-828280	
https://www.pordata.pt/municipios/quadro+resumo/castro+daire-828157	
https://www.pordata.pt/municipios/quadro+resumo/castro+marim-828311	
https://www.pordata.pt/municipios/quadro+resumo/castro+verde-828267	
https://www.pordata.pt/municipios/quadro+resumo/celorico+da+beira-828181	
https://www.pordata.pt/municipios/quadro+resumo/celorico+de+basto-828072	
https://www.pordata.pt/municipios/quadro+resumo/chamusca-828226	
https://www.pordata.pt/municipios/quadro+resumo/chaves-828420	
https://www.pordata.pt/municipios/quadro+resumo/cinfaes-828073	
https://www.pordata.pt/municipios/quadro+resumo/coimbra-828126	
https://www.pordata.pt/municipios/quadro+resumo/condeixa+a+nova-828127	
https://www.pordata.pt/municipios/quadro+resumo/constancia-828211	
https://www.pordata.pt/municipios/quadro+resumo/coruche-828227	
https://www.pordata.pt/municipios/quadro+resumo/corvo-828353	
https://www.pordata.pt/municipios/quadro+resumo/covilha-828182	
https://www.pordata.pt/municipios/quadro+resumo/crato-828281	
https://www.pordata.pt/municipios/quadro+resumo/cuba-828268	
https://www.pordata.pt/municipios/quadro+resumo/elvas-828282	
https://www.pordata.pt/municipios/quadro+resumo/entroncamento-828212	
https://www.pordata.pt/municipios/quadro+resumo/espinho-828402	
https://www.pordata.pt/municipios/quadro+resumo/esposende-828388	
https://www.pordata.pt/municipios/quadro+resumo/estarreja-828116	
https://www.pordata.pt/municipios/quadro+resumo/estremoz-828295	
https://www.pordata.pt/municipios/quadro+resumo/evora-828296	
https://www.pordata.pt/municipios/quadro+resumo/fafe-828393	
https://www.pordata.pt/municipios/quadro+resumo/faro-828312	
https://www.pordata.pt/municipios/quadro+resumo/felgueiras-828074	
https://www.pordata.pt/municipios/quadro+resumo/ferreira+do+alentejo-828269	
https://www.pordata.pt/municipios/quadro+resumo/ferreira+do+zezere-828213	
https://www.pordata.pt/municipios/quadro+resumo/figueira+da+foz-828128	
https://www.pordata.pt/municipios/quadro+resumo/figueira+de+castelo+rodrigo-828183	
https://www.pordata.pt/municipios/quadro+resumo/figueiro+dos+vinhos-828148	
https://www.pordata.pt/municipios/quadro+resumo/fornos+de+algodres-828184	
https://www.pordata.pt/municipios/quadro+resumo/freixo+de+espada+a+cinta-828084	
https://www.pordata.pt/municipios/quadro+resumo/fronteira-828283	
https://www.pordata.pt/municipios/quadro+resumo/funchal-828359	
https://www.pordata.pt/municipios/quadro+resumo/fundao-828185	
https://www.pordata.pt/municipios/quadro+resumo/gaviao-828284	
https://www.pordata.pt/municipios/quadro+resumo/gois-828129	
https://www.pordata.pt/municipios/quadro+resumo/golega-828228	
https://www.pordata.pt/municipios/quadro+resumo/gondomar-828403	
https://www.pordata.pt/municipios/quadro+resumo/gouveia-828186	
https://www.pordata.pt/municipios/quadro+resumo/grandola-828257	
https://www.pordata.pt/municipios/quadro+resumo/guarda-828187	
https://www.pordata.pt/municipios/quadro+resumo/guimaraes-828394	
https://www.pordata.pt/municipios/quadro+resumo/horta-828348	
https://www.pordata.pt/municipios/quadro+resumo/idanha+a+nova-828171	
https://www.pordata.pt/municipios/quadro+resumo/ilhavo-828117	
https://www.pordata.pt/municipios/quadro+resumo/lagoa+%5br.a.a.%5d-828329	
https://www.pordata.pt/municipios/quadro+resumo/lagoa-828313	
https://www.pordata.pt/municipios/quadro+resumo/lagos-828314	
https://www.pordata.pt/municipios/quadro+resumo/lajes+das+flores-828350	
https://www.pordata.pt/municipios/quadro+resumo/lajes+do+pico-828344	
https://www.pordata.pt/municipios/quadro+resumo/lamego-828085	
https://www.pordata.pt/municipios/quadro+resumo/leiria-828149	
https://www.pordata.pt/municipios/quadro+resumo/lisboa-828236	
https://www.pordata.pt/municipios/quadro+resumo/loule-828315	
https://www.pordata.pt/municipios/quadro+resumo/loures-828237	
https://www.pordata.pt/municipios/quadro+resumo/lourinha-828202	
https://www.pordata.pt/municipios/quadro+resumo/lousa-828130	
https://www.pordata.pt/municipios/quadro+resumo/lousada-828075	
https://www.pordata.pt/municipios/quadro+resumo/macao-828214	
https://www.pordata.pt/municipios/quadro+resumo/macedo+de+cavaleiros-828103	
https://www.pordata.pt/municipios/quadro+resumo/machico-828360	
https://www.pordata.pt/municipios/quadro+resumo/madalena-828345	
https://www.pordata.pt/municipios/quadro+resumo/mafra-828238	
https://www.pordata.pt/municipios/quadro+resumo/maia-828404	
https://www.pordata.pt/municipios/quadro+resumo/mangualde-828158	
https://www.pordata.pt/municipios/quadro+resumo/manteigas-828188	
https://www.pordata.pt/municipios/quadro+resumo/marco+de+canaveses-828076	
https://www.pordata.pt/municipios/quadro+resumo/marinha+grande-828150	
https://www.pordata.pt/municipios/quadro+resumo/marvao-828285	
https://www.pordata.pt/municipios/quadro+resumo/matosinhos-828405	
https://www.pordata.pt/municipios/quadro+resumo/mealhada-828131	
https://www.pordata.pt/municipios/quadro+resumo/meda-828189	
https://www.pordata.pt/municipios/quadro+resumo/melgaco-828376	
https://www.pordata.pt/municipios/quadro+resumo/mertola-828270	
https://www.pordata.pt/municipios/quadro+resumo/mesao+frio-828086	
https://www.pordata.pt/municipios/quadro+resumo/mira-828132	
https://www.pordata.pt/municipios/quadro+resumo/miranda+do+corvo-828133	
https://www.pordata.pt/municipios/quadro+resumo/miranda+do+douro-828104	
https://www.pordata.pt/municipios/quadro+resumo/mirandela-828105	
https://www.pordata.pt/municipios/quadro+resumo/mogadouro-828106	
https://www.pordata.pt/municipios/quadro+resumo/moimenta+da+beira-828087	
https://www.pordata.pt/municipios/quadro+resumo/moita-828248	
https://www.pordata.pt/municipios/quadro+resumo/moncao-828377	
https://www.pordata.pt/municipios/quadro+resumo/monchique-828316	
https://www.pordata.pt/municipios/quadro+resumo/mondim+de+basto-828395	
https://www.pordata.pt/municipios/quadro+resumo/monforte-828286	
https://www.pordata.pt/municipios/quadro+resumo/montalegre-828421	
https://www.pordata.pt/municipios/quadro+resumo/montemor+o+novo-828297	
https://www.pordata.pt/municipios/quadro+resumo/montemor+o+velho-828134	
https://www.pordata.pt/municipios/quadro+resumo/montijo-828249	
https://www.pordata.pt/municipios/quadro+resumo/mora-828298	
https://www.pordata.pt/municipios/quadro+resumo/mortagua-828135	
https://www.pordata.pt/municipios/quadro+resumo/moura-828271	
https://www.pordata.pt/municipios/quadro+resumo/mourao-828299	
https://www.pordata.pt/municipios/quadro+resumo/murca-828088	
https://www.pordata.pt/municipios/quadro+resumo/murtosa-828118	
https://www.pordata.pt/municipios/quadro+resumo/nazare-828203	
https://www.pordata.pt/municipios/quadro+resumo/nelas-828159	
https://www.pordata.pt/municipios/quadro+resumo/nisa-828287	
https://www.pordata.pt/municipios/quadro+resumo/nordeste-828330	
https://www.pordata.pt/municipios/quadro+resumo/obidos-828204	
https://www.pordata.pt/municipios/quadro+resumo/odemira-828258	
https://www.pordata.pt/municipios/quadro+resumo/odivelas-828239	
https://www.pordata.pt/municipios/quadro+resumo/oeiras-828240	
https://www.pordata.pt/municipios/quadro+resumo/oleiros-828172	
https://www.pordata.pt/municipios/quadro+resumo/olhao-828317	
https://www.pordata.pt/municipios/quadro+resumo/oliveira+de+azemeis-828406	
https://www.pordata.pt/municipios/quadro+resumo/oliveira+de+frades-828160	
https://www.pordata.pt/municipios/quadro+resumo/oliveira+do+bairro-828119	
https://www.pordata.pt/municipios/quadro+resumo/oliveira+do+hospital-828136	
https://www.pordata.pt/municipios/quadro+resumo/ourem-828215	
https://www.pordata.pt/municipios/quadro+resumo/ourique-828272	
https://www.pordata.pt/municipios/quadro+resumo/ovar-828120	
https://www.pordata.pt/municipios/quadro+resumo/pacos+de+ferreira-828077	
https://www.pordata.pt/municipios/quadro+resumo/palmela-828250	
https://www.pordata.pt/municipios/quadro+resumo/pampilhosa+da+serra-828137	
https://www.pordata.pt/municipios/quadro+resumo/paredes+de+coura-828378	
https://www.pordata.pt/municipios/quadro+resumo/paredes-828407	
https://www.pordata.pt/municipios/quadro+resumo/pedrogao+grande-828151	
https://www.pordata.pt/municipios/quadro+resumo/penacova-828138	
https://www.pordata.pt/municipios/quadro+resumo/penafiel-828078	
https://www.pordata.pt/municipios/quadro+resumo/penalva+do+castelo-828161	
https://www.pordata.pt/municipios/quadro+resumo/penamacor-828173	
https://www.pordata.pt/municipios/quadro+resumo/penedono-828089	
https://www.pordata.pt/municipios/quadro+resumo/penela-828139	
https://www.pordata.pt/municipios/quadro+resumo/peniche-828205	
https://www.pordata.pt/municipios/quadro+resumo/peso+da+regua-828090	
https://www.pordata.pt/municipios/quadro+resumo/pinhel-828190	
https://www.pordata.pt/municipios/quadro+resumo/pombal-828152	
https://www.pordata.pt/municipios/quadro+resumo/ponta+delgada-828331	
https://www.pordata.pt/municipios/quadro+resumo/ponta+do+sol-828361	
https://www.pordata.pt/municipios/quadro+resumo/ponte+da+barca-828379	
https://www.pordata.pt/municipios/quadro+resumo/ponte+de+lima-828380	
https://www.pordata.pt/municipios/quadro+resumo/ponte+de+sor-828288	
https://www.pordata.pt/municipios/quadro+resumo/portalegre-828289	
https://www.pordata.pt/municipios/quadro+resumo/portel-828300	
https://www.pordata.pt/municipios/quadro+resumo/portimao-828318	
https://www.pordata.pt/municipios/quadro+resumo/porto+de+mos-828153	
https://www.pordata.pt/municipios/quadro+resumo/porto+moniz-828362	
https://www.pordata.pt/municipios/quadro+resumo/porto+santo-828368	
https://www.pordata.pt/municipios/quadro+resumo/porto-828408	
https://www.pordata.pt/municipios/quadro+resumo/povoa+de+lanhoso-828396	
https://www.pordata.pt/municipios/quadro+resumo/povoa+de+varzim-828409	
https://www.pordata.pt/municipios/quadro+resumo/povoacao-828332	
https://www.pordata.pt/municipios/quadro+resumo/proenca+a+nova-828174	
https://www.pordata.pt/municipios/quadro+resumo/redondo-828301	
https://www.pordata.pt/municipios/quadro+resumo/reguengos+de+monsaraz-828302	
https://www.pordata.pt/municipios/quadro+resumo/resende-828079	
https://www.pordata.pt/municipios/quadro+resumo/ribeira+brava-828363	
https://www.pordata.pt/municipios/quadro+resumo/ribeira+de+pena-828422	
https://www.pordata.pt/municipios/quadro+resumo/ribeira+grande-828333	
https://www.pordata.pt/municipios/quadro+resumo/rio+maior-828229	
https://www.pordata.pt/municipios/quadro+resumo/sabrosa-828091	
https://www.pordata.pt/municipios/quadro+resumo/sabugal-828191	
https://www.pordata.pt/municipios/quadro+resumo/salvaterra+de+magos-828230	
https://www.pordata.pt/municipios/quadro+resumo/santa+comba+dao-828162	
https://www.pordata.pt/municipios/quadro+resumo/santa+cruz+da+graciosa-828339	
https://www.pordata.pt/municipios/quadro+resumo/santa+cruz+das+flores-828351	
https://www.pordata.pt/municipios/quadro+resumo/santa+cruz-828364	
https://www.pordata.pt/municipios/quadro+resumo/santa+maria+da+feira-828410	
https://www.pordata.pt/municipios/quadro+resumo/santa+marta+de+penaguiao-828092	
https://www.pordata.pt/municipios/quadro+resumo/santana-828365	
https://www.pordata.pt/municipios/quadro+resumo/santarem-828231	
https://www.pordata.pt/municipios/quadro+resumo/santiago+do+cacem-828259	
https://www.pordata.pt/municipios/quadro+resumo/santo+tirso-828411	
https://www.pordata.pt/municipios/quadro+resumo/sao+bras+de+alportel-828319	
https://www.pordata.pt/municipios/quadro+resumo/sao+joao+da+madeira-828412	
https://www.pordata.pt/municipios/quadro+resumo/sao+joao+da+pesqueira-828093	
https://www.pordata.pt/municipios/quadro+resumo/sao+pedro+do+sul-828163	
https://www.pordata.pt/municipios/quadro+resumo/sao+roque+do+pico-828346	
https://www.pordata.pt/municipios/quadro+resumo/sao+vicente-828366	
https://www.pordata.pt/municipios/quadro+resumo/sardoal-828216	
https://www.pordata.pt/municipios/quadro+resumo/satao-828164	
https://www.pordata.pt/municipios/quadro+resumo/seia-828192	
https://www.pordata.pt/municipios/quadro+resumo/seixal-828251	
https://www.pordata.pt/municipios/quadro+resumo/sernancelhe-828094	
https://www.pordata.pt/municipios/quadro+resumo/serpa-828273	
https://www.pordata.pt/municipios/quadro+resumo/serta-828175	
https://www.pordata.pt/municipios/quadro+resumo/sesimbra-828252	
https://www.pordata.pt/municipios/quadro+resumo/setubal-828253	
https://www.pordata.pt/municipios/quadro+resumo/sever+do+vouga-828121	
https://www.pordata.pt/municipios/quadro+resumo/silves-828320	
https://www.pordata.pt/municipios/quadro+resumo/sines-828260	
https://www.pordata.pt/municipios/quadro+resumo/sintra-828241	
https://www.pordata.pt/municipios/quadro+resumo/sobral+de+monte+agraco-828206	
https://www.pordata.pt/municipios/quadro+resumo/soure-828140	
https://www.pordata.pt/municipios/quadro+resumo/sousel-828290	
https://www.pordata.pt/municipios/quadro+resumo/tabua-828141	
https://www.pordata.pt/municipios/quadro+resumo/tabuaco-828095	
https://www.pordata.pt/municipios/quadro+resumo/tarouca-828096	
https://www.pordata.pt/municipios/quadro+resumo/tavira-828321	
https://www.pordata.pt/municipios/quadro+resumo/terras+de+bouro-828389	
https://www.pordata.pt/municipios/quadro+resumo/tomar-828217	
https://www.pordata.pt/municipios/quadro+resumo/tondela-828165	
https://www.pordata.pt/municipios/quadro+resumo/torre+de+moncorvo-828097	
https://www.pordata.pt/municipios/quadro+resumo/torres+novas-828218	
https://www.pordata.pt/municipios/quadro+resumo/torres+vedras-828207	
https://www.pordata.pt/municipios/quadro+resumo/trancoso-828193	
https://www.pordata.pt/municipios/quadro+resumo/trofa-828413	
https://www.pordata.pt/municipios/quadro+resumo/vagos-828122	
https://www.pordata.pt/municipios/quadro+resumo/vale+de+cambra-828414	
https://www.pordata.pt/municipios/quadro+resumo/valenca-828381	
https://www.pordata.pt/municipios/quadro+resumo/valongo-828415	
https://www.pordata.pt/municipios/quadro+resumo/valpacos-828423	
https://www.pordata.pt/municipios/quadro+resumo/velas-828342	
https://www.pordata.pt/municipios/quadro+resumo/vendas+novas-828303	
https://www.pordata.pt/municipios/quadro+resumo/viana+do+alentejo-828304	
https://www.pordata.pt/municipios/quadro+resumo/viana+do+castelo-828382	
https://www.pordata.pt/municipios/quadro+resumo/vidigueira-828274	
https://www.pordata.pt/municipios/quadro+resumo/vieira+do+minho-828397	
https://www.pordata.pt/municipios/quadro+resumo/vila+da+praia+da+vitoria-828337	
https://www.pordata.pt/municipios/quadro+resumo/vila+de+rei-828176	
https://www.pordata.pt/municipios/quadro+resumo/vila+do+bispo-828322	
https://www.pordata.pt/municipios/quadro+resumo/vila+do+conde-828416	
https://www.pordata.pt/municipios/quadro+resumo/vila+do+porto-828327	
https://www.pordata.pt/municipios/quadro+resumo/vila+flor-828107	
https://www.pordata.pt/municipios/quadro+resumo/vila+franca+de+xira-828242	
https://www.pordata.pt/municipios/quadro+resumo/vila+franca+do+campo-828334	
https://www.pordata.pt/municipios/quadro+resumo/vila+nova+da+barquinha-828219	
https://www.pordata.pt/municipios/quadro+resumo/vila+nova+de+cerveira-828383	
https://www.pordata.pt/municipios/quadro+resumo/vila+nova+de+famalicao-828398	
https://www.pordata.pt/municipios/quadro+resumo/vila+nova+de+foz+coa-828098	
https://www.pordata.pt/municipios/quadro+resumo/vila+nova+de+gaia-828417	
https://www.pordata.pt/municipios/quadro+resumo/vila+nova+de+paiva-828166	
https://www.pordata.pt/municipios/quadro+resumo/vila+nova+de+poiares-828142	
https://www.pordata.pt/municipios/quadro+resumo/vila+pouca+de+aguiar-828424	
https://www.pordata.pt/municipios/quadro+resumo/vila+real+de+santo+antonio-828323	
https://www.pordata.pt/municipios/quadro+resumo/vila+real-828099	
https://www.pordata.pt/municipios/quadro+resumo/vila+velha+de+rodao-828177	
https://www.pordata.pt/municipios/quadro+resumo/vila+verde-828390	
https://www.pordata.pt/municipios/quadro+resumo/vila+vicosa-828305	
https://www.pordata.pt/municipios/quadro+resumo/vimioso-828108	
https://www.pordata.pt/municipios/quadro+resumo/vinhais-828109	
https://www.pordata.pt/municipios/quadro+resumo/viseu-828167	
https://www.pordata.pt/municipios/quadro+resumo/vizela-828399	
https://www.pordata.pt/municipios/quadro+resumo/vouzela-828168	
https://www.pordata.pt/municipios/qualidade+da+agua+para+consumo+humano-8	2025-11-05
https://www.pordata.pt/municipios/qualidade+das+aguas+balneares+costeiras+e+de+transicao+estuarinas+(percentagem)-9	2025-10-23
https://www.pordata.pt/municipios/qualidade+das+aguas+balneares+interiores+(percentagem)-10	2025-10-23
https://www.pordata.pt/municipios/quartos+nos+alojamentos+turisticos+total+e+por+tipo+de+alojamento-770	2026-07-09
https://www.pordata.pt/municipios/receitas+do+peixe+vendido+em+lota+total+e+por+alguns+tipos+de+peixe-988	2026-05-28
https://www.pordata.pt/municipios/recenseados+total+e+por+grupo+etario-654	2026-03-16
https://www.pordata.pt/municipios/recenseados+total+e+por+nacionalidade-617	2026-03-06
https://www.pordata.pt/municipios/recenseados+total+e+por+sexo-653	2026-03-16
https://www.pordata.pt/municipios/recintos+culturais+lotacao-56	2026-07-01
https://www.pordata.pt/municipios/recintos+culturais+numero-55	2026-07-01
https://www.pordata.pt/municipios/relacao+de+masculinidade-449	2026-06-24
https://www.pordata.pt/municipios/remuneracao+base+media+mensal+dos+trabalhadores+por+conta+de+outrem+total+e+por+setor+de+atividade+economica-238	2026-03-31
https://www.pordata.pt/municipios/remuneracao+base+media+mensal+dos+trabalhadores+por+conta+de+outrem+total+e+por+sexo-235	2026-06-26
https://www.pordata.pt/municipios/remuneracoes+dos+empregados-810	2026-01-20
https://www.pordata.pt/municipios/rendimento+das+familias-844	2026-05-08
https://www.pordata.pt/municipios/rendimento+empresarial+liquido+da+agricultura-959	2026-01-06
https://www.pordata.pt/municipios/residuos+urbanos+recolhidos+por+habitante-438	2026-06-24
https://www.pordata.pt/municipios/residuos+urbanos+recolhidos+seletivamente+por+habitante-439	2026-06-24
https://www.pordata.pt/municipios/residuos+urbanos+total+e+por+tipo+de+operacao+de+destino-67	2025-12-19
https://www.pordata.pt/municipios/residuos+urbanos+total+e+por+tipo+de+recolha-65	2026-01-07
https://www.pordata.pt/municipios/resultados+nas+eleicoes+para+a+assembleia+legislativa+da+regiao+autonoma+dos+acores+eleitos+por+partido+politico+ou+coligacao-649	2024-02-14
https://www.pordata.pt/municipios/resultados+nas+eleicoes+para+as+camaras+municipais+eleitos+por+partido+politico++coligacao+ou+grupos+de+cidadaos-650	2024-02-09
https://www.pordata.pt/municipios/salas+de+operacao+nos+hospitais-253	2025-12-18
https://www.pordata.pt/municipios/saldos+populacionais+anuais+saldo+total++sado+natural+e+saldo+migratorio-376	2026-06-25
https://www.pordata.pt/municipios/sns+camas+nos+hospitais+gerais+e+especializados-268	2026-04-07
https://www.pordata.pt/municipios/sns+consultas+externas+nos+hospitais++por+algumas+especialidades+medicas-272	2025-12-16
https://www.pordata.pt/municipios/sns+dias+de+internamento+nos+hospitais-274	2025-12-18
https://www.pordata.pt/municipios/sns+habitantes+por+pessoal+ao+servico+nos+hospitais-605	2026-06-25
https://www.pordata.pt/municipios/sns+hospitais+gerais+e+especializados-267	2025-12-16
https://www.pordata.pt/municipios/sns+internamentos+nos+hospitais-270	2025-12-18
https://www.pordata.pt/municipios/sns+partos+nos+hospitais-278	2026-06-08
https://www.pordata.pt/municipios/sns+pessoal+ao+servico+nos+hospitais+por+tipo+de+pessoal+ao+servico-446	2026-01-09
https://www.pordata.pt/municipios/sns+salas+de+operacao+nos+hospitais-275	2025-12-16
https://www.pordata.pt/municipios/sns+urgencias+nos+hospitais-271	2025-12-16
https://www.pordata.pt/municipios/sobrevivencia+a+1+ano+de+empresas+nao+financeiras+total+e+por+setor+de+atividade+economica-903	2025-12-29
https://www.pordata.pt/municipios/sociedades+constituidas+por+escritura+publica+total+e+por+setor+de+atividade+economica+principal-356	2026-02-12
https://www.pordata.pt/municipios/sociedades+dissolvidas+por+escritura+publica+total+e+por+setor+de+atividade+economica+principal-364	2026-02-12
https://www.pordata.pt/municipios/sociedades+nao+financeiras+total+e+por+setor+de+atividade+economica-399	2025-12-23
https://www.pordata.pt/municipios/subsidio+de+bonificacao+por+deficiencia+da+seguranca+social-524	2026-06-02
https://www.pordata.pt/municipios/subsidio+mensal+vitalicio+da+seguranca+social+(2001+2017)-523	2024-02-09
https://www.pordata.pt/municipios/subsidio+por+assistencia+a+3%c2%aa+pessoa+da+seguranca+social-525	2026-06-02
https://www.pordata.pt/municipios/superficie+ardida+(percentagem)-947	2026-04-16
https://www.pordata.pt/municipios/superficie+ardida-42	2026-04-16
https://www.pordata.pt/municipios/superficie+das+principais+arvores+de+fruto+e+oliveiras-976	2026-08-03
https://www.pordata.pt/municipios/superficie+das+principais+culturas+agricolas-970	2026-08-03
https://www.pordata.pt/municipios/superficie+florestal+no+total+da+superficie+do+territorio+(percentagem)-1011	2026-02-23
https://www.pordata.pt/municipios/superficie+florestal+por+especie-1007	2024-02-09
https://www.pordata.pt/municipios/superficie-57	2026-02-23
https://www.pordata.pt/municipios/taxa+bruta+de+mortalidade-367	2026-06-24
https://www.pordata.pt/municipios/taxa+bruta+de+natalidade-366	2026-06-24
https://www.pordata.pt/municipios/taxa+de+abandono+escolar+total+e+por+sexo-801	2026-02-09
https://www.pordata.pt/municipios/taxa+de+abstencao+nas+eleicoes+para+a+assembleia+da+republica-630	2025-11-25
https://www.pordata.pt/municipios/taxa+de+abstencao+nas+eleicoes+para+a+assembleia+legislativa+da+regiao+autonoma+da+madeira-644	2025-11-26
https://www.pordata.pt/municipios/taxa+de+abstencao+nas+eleicoes+para+a+assembleia+legislativa+da+regiao+autonoma+dos+acores-648	2024-02-12
https://www.pordata.pt/municipios/taxa+de+abstencao+nas+eleicoes+para+a+presidencia+da+republica-629	2026-02-24
https://www.pordata.pt/municipios/taxa+de+abstencao+nas+eleicoes+para+as+autarquias+locais-642	2025-12-18
https://www.pordata.pt/municipios/taxa+de+abstencao+nas+eleicoes+para+o+parlamento+europeu-628	2024-07-04
https://www.pordata.pt/municipios/taxa+de+atividade+total+e+por+sexo+(percentagem)-848	2026-02-09
https://www.pordata.pt/municipios/taxa+de+desemprego+total+e+por+sexo+(percentagem)-858	2026-03-13
https://www.pordata.pt/municipios/taxa+de+divorcio-361	2026-06-24
https://www.pordata.pt/municipios/taxa+de+emprego+total+e+por+sexo+(percentagem)-861	2026-03-13
https://www.pordata.pt/municipios/taxa+de+inatividade+total+e+por+sexo+(percentagem)-856	2026-03-13
https://www.pordata.pt/municipios/taxa+de+inflacao+(taxa+de+variacao+do+indice+de+precos+no+consumidor)+total+e+por+consumo+individual+por+objetivo-846	2026-02-16
https://www.pordata.pt/municipios/taxa+de+mortalidade+das+empresas+nao+financeiras+total+e+por+setor+de+atividade+economica-907	2025-12-29
https://www.pordata.pt/municipios/taxa+de+mortalidade+infantil-371	2026-05-04
https://www.pordata.pt/municipios/taxa+de+natalidade++mortalidade+e+sobrevivencia+das+empresas+nao+financeiras-905	2025-12-29
https://www.pordata.pt/municipios/taxa+de+natalidade+das+empresas+nao+financeiras+total+e+por+setor+de+atividade+economica-906	2025-12-29
https://www.pordata.pt/municipios/taxa+de+nupcialidade-360	2026-06-24
https://www.pordata.pt/municipios/taxa+de+ocupacao+nos+hospitais-1003	2026-04-07
https://www.pordata.pt/municipios/taxa+de+retencao+e+desistencia+no+ensino+basico+total+e+por+ano+de+escolaridade-996	2026-07-10
https://www.pordata.pt/municipios/taxa+de+retencao+e+desistencia+no+ensino+secundario+total++por+modalidade+de+ensino+e+ano+de+escolaridade-997	2026-07-10
https://www.pordata.pt/municipios/taxa+de+sobrevivencia+a+1+ano+das+empresas+nao+financeiras+por+setor+de+atividade+economica-938	2026-01-13
https://www.pordata.pt/municipios/taxa+do+imposto+municipal+sobre+imoveis-1002	2026-05-06
https://www.pordata.pt/municipios/trabalhadores+da+administracao+publica+local+por+mil+habitantes-852	2026-06-25
https://www.pordata.pt/municipios/trabalhadores+da+administracao+publica+local+total+e+por+sexo-849	2026-01-20
https://www.pordata.pt/municipios/trabalhadores+por+conta+de+outrem+com+declaracao+de+remuneracao+a+seguranca+social-518	2026-06-08
https://www.pordata.pt/municipios/trabalhadores+por+conta+de+outrem+total+e+por+nivel+de+escolaridade+completo-819	2026-02-10
https://www.pordata.pt/municipios/trabalhadores+por+conta+propria+total+e+por+nivel+de+escolaridade+completo-837	2026-03-02
https://www.pordata.pt/municipios/transferencias+de+capital+na+agricultura-958	2026-01-06
https://www.pordata.pt/municipios/urgencias+nos+centros+de+saude+(1999+2012)-242	2024-02-09
https://www.pordata.pt/municipios/urgencias+nos+hospitais-246	2025-12-18
https://www.pordata.pt/municipios/valor+acrescentado+bruto+da+agricultura+em+percentagem+do+pib-1009	2026-01-20
https://www.pordata.pt/municipios/valor+acrescentado+bruto+da+agricultura-954	2026-01-05
https://www.pordata.pt/municipios/valor+acrescentado+bruto+das+empresas+nao+financeiras+total+e+por+setor+de+atividade+economica-588	2025-12-29
https://www.pordata.pt/municipios/valor+da+producao+agricola+total+e+por+tipo-956	2026-01-06
https://www.pordata.pt/municipios/valor+da+producao+vegetal+total+e+por+tipo+de+bens-955	2026-01-05
https://www.pordata.pt/municipios/valor+dos+bens+importados+e+exportados+pelas+empresas-393	2026-02-12
https://www.pordata.pt/municipios/valor+mediano+de+avaliacao+bancaria+por+m2+total+e+por+tipo+de+construcao-1000	2026-04-13
https://www.pordata.pt/municipios/valores+processados+em+levantamentos+e+pagamentos+de+servicos+nas+caixas+automaticas+multibanco-929	2026-06-22
https://www.pordata.pt/municipios/venda+de+combustiveis+para+consumo-34	2026-08-05
https://www.pordata.pt/municipios/vilas-53	2026-05-14
https://www.pordata.pt/municipios/volume+de+negocios+das+empresas+nao+financeiras+total+e+por+setor+de+atividade+economica-589	2025-12-29
https://www.pordata.pt/municipios/votos+nas+eleicoes+para+a+assembleia+da+republica+total++validos++brancos+e+nulos-623	2025-11-26
https://www.pordata.pt/municipios/votos+nas+eleicoes+para+a+assembleia+legislativa+da+regiao+autonoma+da+madeira+total++validos++brancos+e+nulos-635	2025-11-27
https://www.pordata.pt/municipios/votos+nas+eleicoes+para+a+assembleia+legislativa+da+regiao+autonoma+dos+acores+total++validos++brancos+e+nulos-646	2024-02-12
https://www.pordata.pt/municipios/votos+nas+eleicoes+para+a+presidencia+da+republica+total++validos++brancos+e+nulos-620	2026-02-24
https://www.pordata.pt/municipios/votos+nas+eleicoes+para+as+camaras+municipais+total++validos++brancos+e+nulos-632	2025-12-18
https://www.pordata.pt/municipios/votos+nas+eleicoes+para+o+parlamento+europeu+total++validos++brancos+e+nulos-626	2024-07-04
https://www.pordata.pt/municipios/votos+validos+na+eleicao+para+a+assembleia+constituinte+1975+total+e+por+partido+politico+ou+coligacao-624	2024-03-27
https://www.pordata.pt/municipios/votos+validos+na+eleicao+para+a+assembleia+da+republica+de+1976+total+e+por+partido+politico+ou+coligacao-668	2024-02-09
https://www.pordata.pt/municipios/votos+validos+na+eleicao+para+a+assembleia+da+republica+de+1979+total+e+por+partido+politico+ou+coligacao-669	2024-02-09
https://www.pordata.pt/municipios/votos+validos+na+eleicao+para+a+assembleia+da+republica+de+1980+total+e+por+partido+politico+ou+coligacao-670	2024-02-09
https://www.pordata.pt/municipios/votos+validos+na+eleicao+para+a+assembleia+da+republica+de+1983+total+e+por+partido+politico+ou+coligacao-671	2024-02-09
https://www.pordata.pt/municipios/votos+validos+na+eleicao+para+a+assembleia+da+republica+de+1985+total+e+por+partido+politico+ou+coligacao-672	2024-02-09
https://www.pordata.pt/municipios/votos+validos+na+eleicao+para+a+assembleia+da+republica+de+1987+total+e+por+partido+politico+ou+coligacao-673	2024-02-09
https://www.pordata.pt/municipios/votos+validos+na+eleicao+para+a+assembleia+da+republica+de+1991+total+e+por+partido+politico+ou+coligacao-674	2024-02-09
https://www.pordata.pt/municipios/votos+validos+na+eleicao+para+a+assembleia+da+republica+de+1995+total+e+por+partido+politico+ou+coligacao-675	2024-02-09
https://www.pordata.pt/municipios/votos+validos+na+eleicao+para+a+assembleia+da+republica+de+1999+total+e+por+partido+politico+ou+coligacao-676	2024-02-09
https://www.pordata.pt/municipios/votos+validos+na+eleicao+para+a+assembleia+da+republica+de+2002+total+e+por+partido+politico+ou+coligacao-677	2024-02-09
https://www.pordata.pt/municipios/votos+validos+na+eleicao+para+a+assembleia+da+republica+de+2005+total+e+por+partido+politico+ou+coligacao-678	2024-02-09
https://www.pordata.pt/municipios/votos+validos+na+eleicao+para+a+assembleia+da+republica+de+2009+total+e+por+partido+politico+ou+coligacao-679	2024-02-09
https://www.pordata.pt/municipios/votos+validos+na+eleicao+para+a+assembleia+da+republica+de+2011+total+e+por+partido+politico+ou+coligacao-680	2024-02-09
https://www.pordata.pt/municipios/votos+validos+na+eleicao+para+a+assembleia+da+republica+de+2015+total+e+por+partido+politico+ou+coligacao-775	2024-02-09
https://www.pordata.pt/municipios/votos+validos+na+eleicao+para+a+assembleia+da+republica+de+2019+total+e+por+partido+politico+ou+coligacao-994	2024-02-09
https://www.pordata.pt/municipios/votos+validos+na+eleicao+para+a+assembleia+da+republica+de+2022+total+e+por+partido+politico+ou+coligacao-1008	2024-03-08
https://www.pordata.pt/municipios/votos+validos+na+eleicao+para+a+assembleia+da+republica+de+2024+total+e+por+partido+politico+ou+coligacao-1070	2024-03-21
https://www.pordata.pt/municipios/votos+validos+na+eleicao+para+a+assembleia+da+republica+de+2025+total+e+por+partido+politico+ou+coligacao-1074	2025-11-26
https://www.pordata.pt/municipios/votos+validos+na+eleicao+para+a+assembleia+legislativa+da+regiao+autonoma+da+madeira+de+1976+total+e+por+partido+politico+ou+coligacao-643	2024-02-09
https://www.pordata.pt/municipios/votos+validos+na+eleicao+para+a+assembleia+legislativa+da+regiao+autonoma+da+madeira+de+1980+total+e+por+partido+politico+ou+coligacao-691	2024-02-09
https://www.pordata.pt/municipios/votos+validos+na+eleicao+para+a+assembleia+legislativa+da+regiao+autonoma+da+madeira+de+1984+total+e+por+partido+politico+ou+coligacao-692	2024-02-09
https://www.pordata.pt/municipios/votos+validos+na+eleicao+para+a+assembleia+legislativa+da+regiao+autonoma+da+madeira+de+1988+total+e+por+partido+politico+ou+coligacao-694	2024-02-09
https://www.pordata.pt/municipios/votos+validos+na+eleicao+para+a+assembleia+legislativa+da+regiao+autonoma+da+madeira+de+1992+total+e+por+partido+politico+ou+coligacao-695	2024-02-09
https://www.pordata.pt/municipios/votos+validos+na+eleicao+para+a+assembleia+legislativa+da+regiao+autonoma+da+madeira+de+1996+total+e+por+partido+politico+ou+coligacao-696	2024-02-09
https://www.pordata.pt/municipios/votos+validos+na+eleicao+para+a+assembleia+legislativa+da+regiao+autonoma+da+madeira+de+2000+total+e+por+partido+politico+ou+coligacao-697	2024-02-09
https://www.pordata.pt/municipios/votos+validos+na+eleicao+para+a+assembleia+legislativa+da+regiao+autonoma+da+madeira+de+2004+total+e+por+partido+politico+ou+coligacao-698	2024-02-09
https://www.pordata.pt/municipios/votos+validos+na+eleicao+para+a+assembleia+legislativa+da+regiao+autonoma+da+madeira+de+2007+total+e+por+partido+politico+ou+coligacao-700	2024-02-09
https://www.pordata.pt/municipios/votos+validos+na+eleicao+para+a+assembleia+legislativa+da+regiao+autonoma+da+madeira+de+2011+total+e+por+partido+politico+ou+coligacao-699	2024-02-09
https://www.pordata.pt/municipios/votos+validos+na+eleicao+para+a+assembleia+legislativa+da+regiao+autonoma+da+madeira+de+2015+total+e+por+partido+politico+ou+coligacao-773	2024-02-09
https://www.pordata.pt/municipios/votos+validos+na+eleicao+para+a+assembleia+legislativa+da+regiao+autonoma+da+madeira+de+2019+total+e+por+partido+politico+ou+coligacao-993	2024-02-09
https://www.pordata.pt/municipios/votos+validos+na+eleicao+para+a+assembleia+legislativa+da+regiao+autonoma+da+madeira+de+2023+total+e+por+partido+politico+ou+coligacao-1068	2024-02-09
https://www.pordata.pt/municipios/votos+validos+na+eleicao+para+a+assembleia+legislativa+da+regiao+autonoma+da+madeira+de+2024+total+e+por+partido+politico+ou+coligacao-1071	2025-12-03
https://www.pordata.pt/municipios/votos+validos+na+eleicao+para+a+assembleia+legislativa+da+regiao+autonoma+da+madeira+de+2025+total+e+por+partido+politico+ou+coligacao-1075	2025-12-03
https://www.pordata.pt/municipios/votos+validos+na+eleicao+para+a+assembleia+legislativa+da+regiao+autonoma+dos+acores+de+1976+total+e+por+partido+politico+ou+coligacao-647	2024-02-09
https://www.pordata.pt/municipios/votos+validos+na+eleicao+para+a+assembleia+legislativa+da+regiao+autonoma+dos+acores+de+1980+total+e+por+partido+politico+ou+coligacao-701	2024-02-09
https://www.pordata.pt/municipios/votos+validos+na+eleicao+para+a+assembleia+legislativa+da+regiao+autonoma+dos+acores+de+1984+total+e+por+partido+politico+ou+coligacao-702	2024-02-09
https://www.pordata.pt/municipios/votos+validos+na+eleicao+para+a+assembleia+legislativa+da+regiao+autonoma+dos+acores+de+1988+total+e+por+partido+politico+ou+coligacao-703	2024-02-09
https://www.pordata.pt/municipios/votos+validos+na+eleicao+para+a+assembleia+legislativa+da+regiao+autonoma+dos+acores+de+1992+total+e+por+partido+politico+ou+coligacao-704	2024-02-09
https://www.pordata.pt/municipios/votos+validos+na+eleicao+para+a+assembleia+legislativa+da+regiao+autonoma+dos+acores+de+1996+total+e+por+partido+politico+ou+coligacao-705	2024-02-09
https://www.pordata.pt/municipios/votos+validos+na+eleicao+para+a+assembleia+legislativa+da+regiao+autonoma+dos+acores+de+2000+total+e+por+partido+politico+ou+coligacao-706	2024-02-09
https://www.pordata.pt/municipios/votos+validos+na+eleicao+para+a+assembleia+legislativa+da+regiao+autonoma+dos+acores+de+2004+total+e+por+partido+politico+ou+coligacao-707	2024-02-09
https://www.pordata.pt/municipios/votos+validos+na+eleicao+para+a+assembleia+legislativa+da+regiao+autonoma+dos+acores+de+2008+total+e+por+partido+politico+ou+coligacao-708	2024-02-09
https://www.pordata.pt/municipios/votos+validos+na+eleicao+para+a+assembleia+legislativa+da+regiao+autonoma+dos+acores+de+2012+total+e+por+partido+politico+ou+coligacao-709	2024-02-09
https://www.pordata.pt/municipios/votos+validos+na+eleicao+para+a+assembleia+legislativa+da+regiao+autonoma+dos+acores+de+2016+total+e+por+partido+politico+ou+coligacao-822	2024-02-09
https://www.pordata.pt/municipios/votos+validos+na+eleicao+para+a+assembleia+legislativa+da+regiao+autonoma+dos+acores+de+2020+total+e+por+partido+politico+ou+coligacao-998	2024-02-09
https://www.pordata.pt/municipios/votos+validos+na+eleicao+para+a+assembleia+legislativa+da+regiao+autonoma+dos+acores+de+2024+total+e+por+partido+politico+ou+coligacao-1069	2024-02-12
https://www.pordata.pt/municipios/votos+validos+na+eleicao+para+a+presidencia+da+republica+de+1976+total+e+por+candidato+presidencial-621	2024-02-09
https://www.pordata.pt/municipios/votos+validos+na+eleicao+para+a+presidencia+da+republica+de+1980+total+e+por+candidato+presidencial-660	2024-02-09
https://www.pordata.pt/municipios/votos+validos+na+eleicao+para+a+presidencia+da+republica+de+1986+(1.%c2%aa+volta)+total+e+por+candidato+presidencial-1082	2026-02-24
https://www.pordata.pt/municipios/votos+validos+na+eleicao+para+a+presidencia+da+republica+de+1986+(2.%c2%aa+volta)++total+e+por+candidato+presidencial-662	2026-02-24
https://www.pordata.pt/municipios/votos+validos+na+eleicao+para+a+presidencia+da+republica+de+1991+total+e+por+candidato+presidencial-663	2024-02-09
https://www.pordata.pt/municipios/votos+validos+na+eleicao+para+a+presidencia+da+republica+de+1996+total+e+por+candidato+presidencial-664	2024-02-09
https://www.pordata.pt/municipios/votos+validos+na+eleicao+para+a+presidencia+da+republica+de+2001+total+e+por+candidato+presidencial-665	2024-02-09
https://www.pordata.pt/municipios/votos+validos+na+eleicao+para+a+presidencia+da+republica+de+2006+total+e+por+candidato+presidencial-666	2024-02-09
https://www.pordata.pt/municipios/votos+validos+na+eleicao+para+a+presidencia+da+republica+de+2011+total+e+por+candidato+presidencial-667	2024-02-09
https://www.pordata.pt/municipios/votos+validos+na+eleicao+para+a+presidencia+da+republica+de+2016+total+e+por+candidato+presidencial-787	2024-02-09
https://www.pordata.pt/municipios/votos+validos+na+eleicao+para+a+presidencia+da+republica+de+2021+total+e+por+candidato+presidencial-999	2024-02-09
https://www.pordata.pt/municipios/votos+validos+na+eleicao+para+a+presidencia+da+republica+de+2026+(1.%c2%aa+volta)++total+e+por+candidato+presidencial-1080	2026-03-30
https://www.pordata.pt/municipios/votos+validos+na+eleicao+para+a+presidencia+da+republica+de+2026+(2.%c2%aa+volta)++total+e+por+candidato+presidencial-1081	2026-02-24
https://www.pordata.pt/municipios/votos+validos+na+eleicao+para+o+parlamento+europeu+de+1987+total+e+por+partido+politico+ou+coligacao-627	2024-02-09
https://www.pordata.pt/municipios/votos+validos+na+eleicao+para+o+parlamento+europeu+de+1989+total+e+por+partido+politico+ou+coligacao-710	2024-02-09
https://www.pordata.pt/municipios/votos+validos+na+eleicao+para+o+parlamento+europeu+de+1994+total+e+por+partido+politico+ou+coligacao-711	2024-02-09
https://www.pordata.pt/municipios/votos+validos+na+eleicao+para+o+parlamento+europeu+de+1999+total+e+por+partido+politico+ou+coligacao-712	2024-02-09
https://www.pordata.pt/municipios/votos+validos+na+eleicao+para+o+parlamento+europeu+de+2004+total+e+por+partido+politico+ou+coligacao-713	2024-02-09
https://www.pordata.pt/municipios/votos+validos+na+eleicao+para+o+parlamento+europeu+de+2009+total+e+por+partido+politico+ou+coligacao-714	2024-02-09
https://www.pordata.pt/municipios/votos+validos+na+eleicao+para+o+parlamento+europeu+de+2014+total+e+por+partido+politico+ou+coligacao-740	2024-02-09
https://www.pordata.pt/municipios/votos+validos+na+eleicao+para+o+parlamento+europeu+de+2019+total+e+por+partido+politico+ou+coligacao-992	2024-02-09
https://www.pordata.pt/municipios/votos+validos+na+eleicao+para+o+parlamento+europeu+de+2024+total+e+por+partido+politico+ou+coligacao-1072	2024-07-04
https://www.pordata.pt/municipios/votos+validos+nas+eleicoes+para+as+camaras+municipais+de+1976+total+e+por+partido+politico+ou+coligacao-640	2024-02-09
https://www.pordata.pt/municipios/votos+validos+nas+eleicoes+para+as+camaras+municipais+de+1979+total+e+por+partido+politico+ou+coligacao-682	2024-02-09
https://www.pordata.pt/municipios/votos+validos+nas+eleicoes+para+as+camaras+municipais+de+1982+total+e+por+partido+politico+ou+coligacao-683	2024-02-09
https://www.pordata.pt/municipios/votos+validos+nas+eleicoes+para+as+camaras+municipais+de+1985+total+e+por+partido+politico+ou+coligacao-684	2024-02-09
https://www.pordata.pt/municipios/votos+validos+nas+eleicoes+para+as+camaras+municipais+de+1989+total+e+por+partido+politico+ou+coligacao-685	2024-02-09
https://www.pordata.pt/municipios/votos+validos+nas+eleicoes+para+as+camaras+municipais+de+1993+total+e+por+partido+politico+ou+coligacao-686	2024-02-09
https://www.pordata.pt/municipios/votos+validos+nas+eleicoes+para+as+camaras+municipais+de+1997+total+e+por+partido+politico+ou+coligacao-687	2024-02-09
https://www.pordata.pt/municipios/votos+validos+nas+eleicoes+para+as+camaras+municipais+de+2001+total+e+por+partido+politico+ou+coligacao-688	2024-02-09
https://www.pordata.pt/municipios/votos+validos+nas+eleicoes+para+as+camaras+municipais+de+2005+total+e+por+partido+politico++coligacao+ou+grupos+de+cidadaos-689	2024-02-09
https://www.pordata.pt/municipios/votos+validos+nas+eleicoes+para+as+camaras+municipais+de+2009+total+e+por+partido+politico++coligacao+e+grupos+de+cidadaos-690	2024-02-09
https://www.pordata.pt/municipios/votos+validos+nas+eleicoes+para+as+camaras+municipais+de+2013+total+e+por+partido+politico++coligacao+ou+grupos+de+cidadaos-733	2024-02-09
https://www.pordata.pt/municipios/votos+validos+nas+eleicoes+para+as+camaras+municipais+de+2017+total+e+por+partido+politico++coligacao+ou+grupos+de+cidadaos-878	2024-02-09
https://www.pordata.pt/municipios/votos+validos+nas+eleicoes+para+as+camaras+municipais+de+2021+total+e+por+partido+politico++coligacao+ou+grupos+de+cidadaos-1001	2024-02-09
https://www.pordata.pt/o+que+sao+nuts	2026-05-21
https://www.pordata.pt/ods	
https://www.pordata.pt/ods/Goal/%c3%81gua+pot%c3%a1vel+e+saneamento-6	
https://www.pordata.pt/ods/Goal/A%c3%a7%c3%a3o+clim%c3%a1tica-13	
https://www.pordata.pt/ods/Goal/Cidades+e+comunidades+sustent%c3%a1veis-11	
https://www.pordata.pt/ods/Goal/Educa%c3%a7%c3%a3o+de+qualidade-4	
https://www.pordata.pt/ods/Goal/Energias+renov%c3%a1veis+e+acess%c3%adveis-7	
https://www.pordata.pt/ods/Goal/Erradicar+a+fome-2	
https://www.pordata.pt/ods/Goal/Erradicar+a+pobreza-1	
https://www.pordata.pt/ods/Goal/Igualdade+de+g%c3%a9nero-5	
https://www.pordata.pt/ods/Goal/Ind%c3%bastria++inova%c3%a7%c3%a3o+e+infraestruturas-9	
https://www.pordata.pt/ods/Goal/Parcerias+para+a+implementa%c3%a7%c3%a3o+dos+objetivos-17	
https://www.pordata.pt/ods/Goal/Paz++justi%c3%a7a+e+institui%c3%a7%c3%b5es+eficazes-16	
https://www.pordata.pt/ods/Goal/Produ%c3%a7%c3%a3o+e+consumo+sustent%c3%a1veis-12	
https://www.pordata.pt/ods/Goal/Proteger+a+vida+marinha-14	
https://www.pordata.pt/ods/Goal/Proteger+a+vida+terrestre-15	
https://www.pordata.pt/ods/Goal/Reduzir+as+desigualdades-10	
https://www.pordata.pt/ods/Goal/Sa%c3%bade+de+qualidade-3	
https://www.pordata.pt/ods/Goal/Trabalho+digno+e+crescimento+econ%c3%b3mico-8	
https://www.pordata.pt/pordataem10passos	
https://www.pordata.pt/portugal	2026-08-21
https://www.pordata.pt/portugal/abastecimento+de+agua+agua+captada++agua+tratada+e+agua+distribuida+consumida+(1991+2006)-1088	2018-03-21
https://www.pordata.pt/portugal/abastecimento+de+agua+agua+captada++agua+tratada+e+agua+distribuida+consumida+++continente-3459	2026-03-02
https://www.pordata.pt/portugal/abono+de+familia+para+criancas+e+jovens+da+seguranca+social-1063	2026-06-01
https://www.pordata.pt/portugal/abortos+interrupcoes+voluntarias+da+gravidez+nos+estabelecimentos+de+saude-1511	2026-05-08
https://www.pordata.pt/portugal/acao+social+direta+no+ensino+superior+dotacao+e+despesa-3805	2025-10-06
https://www.pordata.pt/portugal/acao+social+indireta+no+ensino+superior+publico+dotacao+e+despesa+por+fontes+de+financiamento-3804	2025-10-06
https://www.pordata.pt/portugal/acao+social+no+ensino+superior+dotacao+e+despesa+por+fontes+de+financiamento-3806	2025-10-06
https://www.pordata.pt/portugal/acidentes+de+trabalho+mortais+total+e+por+setor+de+atividade+economica-1793	2026-07-01
https://www.pordata.pt/portugal/acidentes+de+trabalho+total+e+mortais+por+100+mil+empregados+-616	2026-07-01
https://www.pordata.pt/portugal/acidentes+de+trabalho+total+e+mortais-72	2026-07-01
https://www.pordata.pt/portugal/acidentes+de+trabalho+total+e+por+setor+de+atividade+economica-1785	2026-07-01
https://www.pordata.pt/portugal/acidentes+de+viacao+com+vitimas+por+mil+habitantes+++continente-1990	2026-07-28
https://www.pordata.pt/portugal/acidentes+de+viacao+com+vitimas+total+e+por+tipo+de+acidente+++continente-3093	2025-10-27
https://www.pordata.pt/portugal/acidentes+de+viacao+com+vitimas+total+e+por+tipo+de+via+++continente-3094	2025-10-27
https://www.pordata.pt/portugal/acidentes+de+viacao+em+portugal+continental+acidentes+com+vitimas++feridos+e+mortos-326	2026-07-28
https://www.pordata.pt/portugal/acidentes+ferroviarios++feridos+e+mortos+++continente-3115	2025-11-26
https://www.pordata.pt/portugal/acoes+civeis+findas+nos+tribunais+judiciais+de+1.%c2%aa+instancia+total+e+por+duracao-993	2026-02-18
https://www.pordata.pt/portugal/acoes+executivas+findas+nos+tribunais+judiciais+de+1.%c2%aa+instancia+total+e+por+tipo-1148	2025-12-10
https://www.pordata.pt/portugal/administracoes+publicas+defice+excedente+por+nivel+de+administracao-2785	2026-04-07
https://www.pordata.pt/portugal/administracoes+publicas+despesas++receitas+e+defice+excedente+em+percentagem+do+pib-2788	2026-03-27
https://www.pordata.pt/portugal/administracoes+publicas+despesas++receitas+e+defice+excedente-2784	2026-03-27
https://www.pordata.pt/portugal/administracoes+publicas+divida+bruta+em+percentagem+do+pib-2786	2026-03-26
https://www.pordata.pt/portugal/adse+despesa+por+beneficiario-614	2025-12-29
https://www.pordata.pt/portugal/adse+despesa+total-613	2025-12-29
https://www.pordata.pt/portugal/advogados+total+e+por+sexo-245	2026-05-29
https://www.pordata.pt/portugal/aeronaves+aterradas+nos+principais+aeroportos+em+trafego+internacional+total+e+por+continentes+de+origem-3200	2026-01-09
https://www.pordata.pt/portugal/aeronaves+aterradas+nos+principais+aeroportos+total++nacional+e+internacional-3199	2025-11-27
https://www.pordata.pt/portugal/aeroportos+e+aerodromos-3194	2025-11-27
https://www.pordata.pt/portugal/agregados++rendimento+bruto+e+irs+liquidado+modelo+1-505	2026-01-06
https://www.pordata.pt/portugal/agregados++rendimento+bruto+e+irs+liquidado+modelo+2-506	2026-01-06
https://www.pordata.pt/portugal/agregados++rendimento+bruto+e+irs+liquidado+modelos+1++2-504	2026-04-28
https://www.pordata.pt/portugal/agregados+domesticos+privados++por+grupo+etario+do+representante+da+familia-821	2026-02-24
https://www.pordata.pt/portugal/agregados+domesticos+privados+com+computador++com+ligacao+a+internet+e+com+ligacao+a+internet+atraves+de+banda+larga+(percentagem)-1158	2026-01-28
https://www.pordata.pt/portugal/agregados+domesticos+privados+monoparentais+total+e+por+sexo-20	2026-02-04
https://www.pordata.pt/portugal/agregados+domesticos+privados+total+e+por+tipo+de+composicao-19	2026-02-04
https://www.pordata.pt/portugal/agregados+domesticos+privados+unipessoais+total+e+de+individuos+com+65+e+mais+anos-822	2026-02-24
https://www.pordata.pt/portugal/agregados+domesticos+unipessoais+de+individuos+com+65+ou+mais+anos+em+percentagem+do+total+de+agregados-2271	2026-02-24
https://www.pordata.pt/portugal/agregados+familiares+por+escaloes+de+rendimento+irs+modelo+1+(1990+2016)-80	2019-11-19
https://www.pordata.pt/portugal/agregados+familiares+por+escaloes+de+rendimento+irs+modelo+1++2-79	2026-01-06
https://www.pordata.pt/portugal/agregados+familiares+por+escaloes+de+rendimento+irs+modelo+2+(1990+2016)-81	2019-11-19
https://www.pordata.pt/portugal/alojamentos+servidos+por+sistemas+publicos+de+abastecimento+de+agua++sistemas+de+drenagem+de+aguas+residuais+e+estacoes+de+tratamento+de+aguas+residuais+(etar)+(percentagem)-1187	2024-09-30
https://www.pordata.pt/portugal/alojamentos+turisticos+total+e+por+tipo+de+estabelecimento-2562	2026-07-09
https://www.pordata.pt/portugal/alunos+com+nota+positiva+nas+provas+de+exame+do+ensino+basico+e+secundario+(percentagem)-2495	2026-01-14
https://www.pordata.pt/portugal/alunos+do+sexo+feminino+em+percentagem+dos+matriculados+no+ensino+superior+total+e+por+area+de+educacao+e+formacao+-1051	2026-01-08
https://www.pordata.pt/portugal/alunos+do+sexo+feminino+em+percentagem+dos+matriculados+no+ensino+superior+total+e+por+subsistema+de+ensino++-1053	2026-01-08
https://www.pordata.pt/portugal/alunos+do+sexo+feminino+em+percentagem+dos+matriculados+no+ensino+superior+total+e+por+tipo+de+ensino++-1052	2026-01-08
https://www.pordata.pt/portugal/alunos+do+sexo+feminino+matriculados+no+ensino+superior+total++por+subsistema+e+tipo+de+ensino-1022	2026-01-08
https://www.pordata.pt/portugal/alunos+do+sexo+feminino+matriculados+no+ensino+superior+total+e+por+area+de+educacao+e+formacao-1028	2026-01-08
https://www.pordata.pt/portugal/alunos+do+sexo+feminino+matriculados+no+ensino+superior+total+e+por+nivel+de+formacao-1025	2026-01-28
https://www.pordata.pt/portugal/alunos+do+sexo+masculino+matriculados+no+ensino+superior+total++por+subsistema+e+tipo+de+ensino-1021	2026-01-08
https://www.pordata.pt/portugal/alunos+do+sexo+masculino+matriculados+no+ensino+superior+total+e+por+area+de+educacao+e+formacao-1027	2026-01-08
https://www.pordata.pt/portugal/alunos+do+sexo+masculino+matriculados+no+ensino+superior+total+e+por+nivel+de+formacao-1024	2026-01-28
https://www.pordata.pt/portugal/alunos+matriculados+em+percentagem+da+populacao+residente+total+e+por+nivel+de+ensino-1006	2026-08-05
https://www.pordata.pt/portugal/alunos+matriculados+no+ensino+basico+privado+total+e+por+modalidade+de+ensino-1041	2026-07-16
https://www.pordata.pt/portugal/alunos+matriculados+no+ensino+basico+publico+total+e+por+modalidade+de+ensino-1040	2026-07-16
https://www.pordata.pt/portugal/alunos+matriculados+no+ensino+basico+total+e+por+modalidade+de+ensino-1039	2026-07-16
https://www.pordata.pt/portugal/alunos+matriculados+no+ensino+pre+escolar+total+e+por+idade-3501	2026-06-29
https://www.pordata.pt/portugal/alunos+matriculados+no+ensino+pre+escolar+total+e+por+sexo-852	2026-06-29
https://www.pordata.pt/portugal/alunos+matriculados+no+ensino+pre+escolar+total+e+por+subsistema+de+ensino-853	2026-06-29
https://www.pordata.pt/portugal/alunos+matriculados+no+ensino+privado+em+percentagem+do+total+de+alunos+matriculados+nos+ensinos+pre+escolar++basico+e+secundario+total+e+por+nivel+de+ensino-3024	2026-06-29
https://www.pordata.pt/portugal/alunos+matriculados+no+ensino+privado+em+percentagem+do+total+de+alunos+matriculados+total+e+por+nivel+de+ensino-3025	2026-06-29
https://www.pordata.pt/portugal/alunos+matriculados+no+ensino+privado+total+e+por+nivel+de+ensino-1004	2026-06-29
https://www.pordata.pt/portugal/alunos+matriculados+no+ensino+publico+total+e+por+nivel+de+ensino-1003	2026-06-29
https://www.pordata.pt/portugal/alunos+matriculados+no+ensino+secundario+privado+total+e+por+modalidade+de+ensino-1016	2026-06-29
https://www.pordata.pt/portugal/alunos+matriculados+no+ensino+secundario+publico+total+e+por+modalidade+de+ensino-1015	2026-06-29
https://www.pordata.pt/portugal/alunos+matriculados+no+ensino+secundario+total+e+por+modalidade+de+ensino-1042	2026-06-29
https://www.pordata.pt/portugal/alunos+matriculados+no+ensino+superior+por+subsistema+de+ensino+e+por+sexo-1049	2026-01-08
https://www.pordata.pt/portugal/alunos+matriculados+no+ensino+superior+por+tipo+de+ensino+e+por+sexo-1044	2026-01-08
https://www.pordata.pt/portugal/alunos+matriculados+no+ensino+superior+privado+por+cada+100+alunos+matriculados+no+ensino+superior+publico++-1050	2026-01-08
https://www.pordata.pt/portugal/alunos+matriculados+no+ensino+superior+total++por+subsistema+e+por+tipo+de+ensino-1019	2026-01-08
https://www.pordata.pt/portugal/alunos+matriculados+no+ensino+superior+total+e+por+area+de+educacao+e+formacao-1026	2026-01-08
https://www.pordata.pt/portugal/alunos+matriculados+no+ensino+superior+total+e+por+nivel+de+formacao-1023	2026-01-08
https://www.pordata.pt/portugal/alunos+matriculados+no+ensino+superior+total+e+por+sexo-1048	2026-01-08
https://www.pordata.pt/portugal/alunos+matriculados+no+ensino+superior+total+e+por+subsistema+de+ensino-1017	2026-01-08
https://www.pordata.pt/portugal/alunos+matriculados+no+ensino+superior+total+e+por+tipo+de+ensino-1018	2026-01-08
https://www.pordata.pt/portugal/alunos+matriculados+por+nivel+de+ensino+e+sexo-1005	2026-06-29
https://www.pordata.pt/portugal/alunos+matriculados+total+e+por+nivel+de+ensino-1002	2026-06-29
https://www.pordata.pt/portugal/arbitros+e+juizes+desportivos+federados+total+e+por+algumas+federacoes+desportivas-2231	2026-07-22
https://www.pordata.pt/portugal/area+ardida+e+incendios+rurais+em+portugal+continental-1192	2026-04-14
https://www.pordata.pt/portugal/areas+protegidas+e+rede+natura+2000+(percentagem)-3748	2026-08-07
https://www.pordata.pt/portugal/areas+protegidas+e+rede+natura+2000-3747	2026-01-23
https://www.pordata.pt/portugal/arguidos+e+condenados+em+processo+crime-3470	2026-02-18
https://www.pordata.pt/portugal/arguidos+total+e+por+categoria+de+crime+(1960+1983)++-261	2015-06-26
https://www.pordata.pt/portugal/arguidos+total+e+por+categoria+de+crime+(1984+)-262	2026-02-18
https://www.pordata.pt/portugal/arguidos+total+e+por+sexo-260	2026-02-18
https://www.pordata.pt/portugal/assinantes+++equipamentos+de+utilizadores+do+servico+movel-1180	2025-10-17
https://www.pordata.pt/portugal/assinantes+do+acesso+a+internet-2093	2025-10-17
https://www.pordata.pt/portugal/atividades+desenvolvidas+pelas+organizacoes+nao+governamentais+de+ambiente+total+e+por+dominio+ambiental-1092	2025-10-03
https://www.pordata.pt/portugal/atos+praticados+na+conservatoria+dos+registos+centrais+registos-280	2025-12-10
https://www.pordata.pt/portugal/autoridade+de+seguranca+alimentar+e+economica+processos+instaurados-869	2026-05-04
https://www.pordata.pt/portugal/balanca+comercial+em+percentagem+do+pib-2595	2026-05-20
https://www.pordata.pt/portugal/balanca+comercial-2594	2026-05-20
https://www.pordata.pt/portugal/balanca+corrente+em+percentagem+do+pib-2355	2026-03-20
https://www.pordata.pt/portugal/balanca+corrente-2816	2026-02-19
https://www.pordata.pt/portugal/balanca+de+capital+em+percentagem+do+pib-2357	2026-02-20
https://www.pordata.pt/portugal/balanca+de+capital-2356	2026-02-19
https://www.pordata.pt/portugal/balanca+de+pagamentos+tecnologica+total+e+por+componentes-2991	2026-02-20
https://www.pordata.pt/portugal/balanca+de+viagens+e+turismo+em+percentagem+do+pib-2632	2026-07-14
https://www.pordata.pt/portugal/balanca+de+viagens+e+turismo+exportacoes+por+alguns+paises+parceiros+comerciais-2650	2026-02-19
https://www.pordata.pt/portugal/balanca+de+viagens+e+turismo+importacoes+por+alguns+paises+parceiros+comerciais-2651	2026-02-20
https://www.pordata.pt/portugal/balanca+de+viagens+e+turismo+saldo+por+alguns+paises+parceiros+comerciais-2652	2026-02-20
https://www.pordata.pt/portugal/balanca+de+viagens+e+turismo-2583	2026-02-19
https://www.pordata.pt/portugal/balanco+do+azoto+por+superficie+agricola+utilizada-3344	2026-07-13
https://www.pordata.pt/portugal/balanco+do+fosforo+por+superficie+agricola+utilizada-3349	2026-07-13
https://www.pordata.pt/portugal/beneficiarios+ativos+da+seguranca+social+no+total+da+populacao+ativa+(percentagem)-717	2026-06-01
https://www.pordata.pt/portugal/beneficiarios+ativos+da+seguranca+social+subsidiados+por+alguns+tipos+de+funcoes-117	2026-06-01
https://www.pordata.pt/portugal/beneficiarios+ativos+da+seguranca+social-379	2026-06-01
https://www.pordata.pt/portugal/beneficiarios+ativos+por+pensao+de+velhice++invalidez+e+sobrevivencia+da+seguranca+social-2573	2026-07-09
https://www.pordata.pt/portugal/beneficiarios+da+acao+social+escolar+no+ensino+nao+superior+publico+++continente-3782	2025-10-06
https://www.pordata.pt/portugal/beneficiarios+da+acao+social+escolar+no+ensino+nao+superior+publico+por+tipo+de+beneficio+++continente+(1981+2019)-1176	2022-10-13
https://www.pordata.pt/portugal/beneficiarios+da+adse-612	2025-12-29
https://www.pordata.pt/portugal/beneficiarios+da+seguranca+social+das+funcoes+de+sobrevivencia+e+de+velhice+por+tipo+de+pensao+ou+subsidio-99	2026-07-09
https://www.pordata.pt/portugal/beneficiarios+da+seguranca+social+do+subsidio+por+doenca+total+e+por+grupo+etario-385	2026-06-01
https://www.pordata.pt/portugal/beneficiarios+das+prestacoes+de+desemprego+da+seguranca+social+no+total+de+desempregados+inscritos+nos+centros+de+emprego+e+de+formacao+profissional+(percentagem)-709	2026-06-01
https://www.pordata.pt/portugal/beneficiarios+do+rendimento+minimo+garantido+e+rendimento+social+de+insercao+da+seguranca+social+total+e+por+grupo+etario-761	2026-06-02
https://www.pordata.pt/portugal/beneficiarios+do+rendimento+minimo+garantido+e+rendimento+social+de+insercao+da+seguranca+social+total+e+por+sexo-760	2026-06-01
https://www.pordata.pt/portugal/beneficiarios+do+subsidio+de+desemprego+da+seguranca+social+total+e+por+grupo+etario-109	2026-06-01
https://www.pordata.pt/portugal/beneficiarios+do+subsidio+de+desemprego+da+seguranca+social+total+e+por+sexo-108	2026-06-01
https://www.pordata.pt/portugal/beneficiarios+do+subsidio+de+maternidade+e+do+subsidio+parental+inicial+da+seguranca+social+total+e+por+grupo+etario-120	2026-06-01
https://www.pordata.pt/portugal/beneficiarios+do+subsidio+por+doenca+da+seguranca+social+total+e+por+sexo-118	2026-06-01
https://www.pordata.pt/portugal/beneficiarios+do+subsidio+social+de+desemprego+da+seguranca+social+total+e+por+grupo+etario-112	2026-06-02
https://www.pordata.pt/portugal/beneficiarios+do+subsidio+social+de+desemprego+da+seguranca+social+total+e+por+sexo-110	2026-06-02
https://www.pordata.pt/portugal/biblioteca+nacional+despesa-807	2026-07-16
https://www.pordata.pt/portugal/biblioteca+nacional+livros+e+leitores-806	2026-07-16
https://www.pordata.pt/portugal/bibliotecas+numero++utilizadores++volumes+existentes+e+consultas+(1960+2003)+-401	2015-06-26
https://www.pordata.pt/portugal/bibliotecas+utilizadores+por+mil+habitantes+(1960+2003)-589	2026-08-05
https://www.pordata.pt/portugal/bolsas+de+doutoramento+concedidas+aprovadas+e+em+execucao+++fct+(1994+++2017)-351	2022-12-21
https://www.pordata.pt/portugal/bolsas+de+doutoramento+concedidas+total+e+por+area+cientifica+++fct+(1994+++2015)-243	2022-12-21
https://www.pordata.pt/portugal/bolseiros+do+ensino+superior+em+percentagem+de+alunos+matriculados+no+ensino+superior+total+e+por+subsistema+de+ensino-864	2026-07-14
https://www.pordata.pt/portugal/bolseiros+do+ensino+superior+total+e+por+subsistema+de+ensino-659	2026-07-14
https://www.pordata.pt/portugal/caixa+geral+de+aposentacoes+media+de+idades+dos+aposentados+reformados+a+data+da+aposentacao-1085	2026-05-07
https://www.pordata.pt/portugal/caixa+geral+de+aposentacoes+pensoes+por+tipo-3467	2026-05-07
https://www.pordata.pt/portugal/caixa+geral+de+aposentacoes+receitas+e+despesas+em+percentagem+do+pib-2040	2026-07-14
https://www.pordata.pt/portugal/caixa+geral+de+aposentacoes+receitas+e+despesas-387	2026-05-07
https://www.pordata.pt/portugal/caixa+geral+de+aposentacoes+utentes-3466	2026-05-07
https://www.pordata.pt/portugal/caixas+automaticas+multibanco+por+100+mil+habitantes-1178	2026-08-05
https://www.pordata.pt/portugal/caixas+automaticas+multibanco-1177	2026-06-22
https://www.pordata.pt/portugal/campistas+nos+parques+de+campismo+total+e+por+pais+de+residencia-2570	2026-07-17
https://www.pordata.pt/portugal/capacidade+dos+alojamentos+turisticos+total+e+por+tipo+de+estabelecimento-2563	2026-07-09
https://www.pordata.pt/portugal/cartorios+notariais+principais+atos+notariais+celebrados+por+escritura+publica+por+tipo+de+ato-279	2026-05-04
https://www.pordata.pt/portugal/casamentos+entre+pessoas+do+sexo+oposto+total+e+por+estado+civil+anterior+do+conjuge+do+sexo+feminino-3395	2026-05-05
https://www.pordata.pt/portugal/casamentos+entre+pessoas+do+sexo+oposto+total+e+por+estado+civil+anterior+do+conjuge+do+sexo+masculino-3394	2026-05-05
https://www.pordata.pt/portugal/casamentos+entre+pessoas+do+sexo+oposto+total+e+por+forma+de+celebracao-1933	2026-04-30
https://www.pordata.pt/portugal/casamentos+nao+catolicos+entre+pessoas+do+sexo+oposto+(percentagem)-420	2026-04-30
https://www.pordata.pt/portugal/casamentos-16	2026-04-30
https://www.pordata.pt/portugal/casos+de+sida+numero+de+diagnosticos-325	2026-01-07
https://www.pordata.pt/portugal/centros+de+arbitragem+processos+entrados++findos+e+pendentes-1147	2026-05-29
https://www.pordata.pt/portugal/centros+de+saude+numero++extensoes+e+camas+(1961+2012)-584	2019-09-25
https://www.pordata.pt/portugal/cesarianas+nos+hospitais+(percentagem)-1985	2026-06-08
https://www.pordata.pt/portugal/cinema+ecras+por+100+mil+habitantes-862	2026-08-05
https://www.pordata.pt/portugal/cinema+espectadores+por+mil+habitantes-593	2026-08-05
https://www.pordata.pt/portugal/cinema+exibicoes+sessoes+total+e+por+pais+de+origem+dos+filmes-321	2026-05-05
https://www.pordata.pt/portugal/cinema+numero+medio+de+espectadores+por+sessao-594	2026-06-29
https://www.pordata.pt/portugal/cinema+receitas+de+bilheteira-399	2026-05-05
https://www.pordata.pt/portugal/cinema+recintos++ecras++sessoes+e+espectadores-184	2026-06-29
https://www.pordata.pt/portugal/circulacao+do+transporte+metropolitano+++continente-3088	2025-11-26
https://www.pordata.pt/portugal/cirurgias+nos+hospitais+++por+dia-3667	2025-12-18
https://www.pordata.pt/portugal/clubes+desportivos+total+e+por+federacoes-2238	2026-07-22
https://www.pordata.pt/portugal/colonias+de+ferias+numero+e+capacidade+de+alojamento-2568	2026-07-10
https://www.pordata.pt/portugal/comparticipacao+financeira+total+e+a+algumas+federacoes+desportivas-2233	2026-07-24
https://www.pordata.pt/portugal/compras+efetuadas+em+terminais+de+pagamento+automatico+numero+e+montantes-2948	2026-06-22
https://www.pordata.pt/portugal/computadores+com+ligacao+a+internet+em+percentagem+do+total+de+computadores+no+ensino+basico+e+secundario+por+subsistema+e+nivel+de+ensino+++continente-1198	2025-10-24
https://www.pordata.pt/portugal/computadores+com+ligacao+a+internet+em+percentagem+do+total+de+computadores+no+ensino+basico+e+secundario+total+e+por+nivel+de+ensino+++continente-1197	2025-10-24
https://www.pordata.pt/portugal/computadores+com+ligacao+a+internet+no+ensino+basico+e+secundario+privado+total+e+por+nivel+de+ensino++++continente-1120	2025-10-24
https://www.pordata.pt/portugal/computadores+com+ligacao+a+internet+no+ensino+basico+e+secundario+publico+total+e+por+nivel+de+ensino++++continente-1119	2025-10-24
https://www.pordata.pt/portugal/computadores+com+ligacao+a+internet+no+ensino+basico+e+secundario+total+e+por+nivel+de+ensino+++continente-1113	2025-10-24
https://www.pordata.pt/portugal/computadores+no+ensino+basico+e+secundario+privado+total+e+por+nivel+de+ensino++++continente-1115	2025-10-24
https://www.pordata.pt/portugal/computadores+no+ensino+basico+e+secundario+publico+total+e+por+nivel+de+ensino++++continente-1114	2025-10-24
https://www.pordata.pt/portugal/computadores+no+ensino+basico+e+secundario+total+e+por+nivel+de+ensino+++continente-1112	2025-10-24
https://www.pordata.pt/portugal/condenados+no+total+de+arguidos+(percentagem)+total+e+por+sexo-3469	2026-02-18
https://www.pordata.pt/portugal/condenados+por+mil+habitantes-634	2026-08-05
https://www.pordata.pt/portugal/condenados+total+e+por+categoria+de+crime+(1960+1983)-267	2022-05-31
https://www.pordata.pt/portugal/condenados+total+e+por+grupo+etario-263	2026-02-18
https://www.pordata.pt/portugal/condenados+total+e+por+sexo-266	2026-02-18
https://www.pordata.pt/portugal/condenados+total+e+por+tipo+de+crime+(1984+)-268	2026-02-18
https://www.pordata.pt/portugal/consumidores+de+eletricidade+total+e+por+tipo+de+consumo-1123	2025-12-03
https://www.pordata.pt/portugal/consumo+das+familias+no+territorio+economico+total++duradouro+e+nao+duradouro-2825	2025-10-13
https://www.pordata.pt/portugal/consumo+de+agua+distribuida+pela+rede+publica+per+capita+(1991+2009)-1226	2018-06-06
https://www.pordata.pt/portugal/consumo+de+energia+eletrica+per+capita+total+e+por+tipo+de+consumo-1230	2026-08-05
https://www.pordata.pt/portugal/consumo+de+energia+eletrica+por+consumidor+total+e+por+tipo+de+consumo-1231	2025-12-03
https://www.pordata.pt/portugal/consumo+de+energia+eletrica+por+superficie+agricola+utilizada-3341	2025-12-18
https://www.pordata.pt/portugal/consumo+de+energia+eletrica+total+e+por+setor+de+atividade+economica-1125	2025-12-03
https://www.pordata.pt/portugal/consumo+de+energia+eletrica+total+e+por+tipo+de+consumo-1124	2025-12-03
https://www.pordata.pt/portugal/consumo+de+energia+primaria+total+e+por+tipo+de+fonte+de+energia-1130	2026-06-17
https://www.pordata.pt/portugal/consumo+energetico+das+familias+total+e+por+alguns+produtos+energeticos-1194	2025-12-04
https://www.pordata.pt/portugal/consumo+energetico+total+e+por+alguns+produtos+energeticos-1191	2025-12-04
https://www.pordata.pt/portugal/consumo+final+das+familias+no+territorio+economico+total+e+por+tipo+de+bens+e+servicos-2416	2025-10-13
https://www.pordata.pt/portugal/consumo+privado+em+percentagem+do+pib-2937	2026-03-25
https://www.pordata.pt/portugal/consumo+privado-2821	2026-03-26
https://www.pordata.pt/portugal/consumo+publico+em+percentagem+do+pib-2823	2026-06-19
https://www.pordata.pt/portugal/consumo+publico-2820	2026-03-26
https://www.pordata.pt/portugal/contribuicoes+no+total+das+receitas+da+seguranca+social+(percentagem)-765	2026-02-19
https://www.pordata.pt/portugal/contributo+dos+saldos+natural+e+migratorio+para+a+variacao+populacional+anual+(percentagem)-762	2026-06-24
https://www.pordata.pt/portugal/corpos+de+bombeiros-1107	2025-12-15
https://www.pordata.pt/portugal/credito+malparado+empresas+devedoras+e+montantes+(percentagem)-2954	2026-02-03
https://www.pordata.pt/portugal/credito+malparado+particulares+devedores+e+montantes+(percentagem)-2952	2026-02-03
https://www.pordata.pt/portugal/crimes+registados+na+autoridade+de+seguranca+alimentar+e+economica-1174	2026-03-31
https://www.pordata.pt/portugal/crimes+registados+na+guarda+nacional+republicana+e+brigada+de+transito+da+guarda+nacional+republicana+total+e+por+tipo-257	2026-03-31
https://www.pordata.pt/portugal/crimes+registados+na+policia+de+seguranca+publica+total+e+por+tipo-258	2026-03-31
https://www.pordata.pt/portugal/crimes+registados+na+policia+judiciaria+total+e+por+tipo-256	2026-03-31
https://www.pordata.pt/portugal/crimes+registados+pelas+policias+total+e+por+tipo+de+crime-3716	2026-03-31
https://www.pordata.pt/portugal/declaracoes+de+irc+com+valor+liquido+negativo+em+percentagem+do+total+de+declaracoes+sem+valor+nulo+total+e+por+setor+de+atividade+economica-789	2026-04-14
https://www.pordata.pt/portugal/declaracoes+de+irc+com+valor+liquido+positivo+em+percentagem+do+total+de+declaracoes+sem+valor+nulo+total+e+por+setor+de+atividade+economica-700	2026-04-14
https://www.pordata.pt/portugal/declaracoes+de+irc+com+valores+liquidos+negativos+total+e+por+setor+de+atividade+economica-314	2026-04-14
https://www.pordata.pt/portugal/declaracoes+de+irc+com+valores+liquidos+positivos+total+e+por+setor+de+atividade+economica-313	2026-04-14
https://www.pordata.pt/portugal/deflatores-502	2026-03-26
https://www.pordata.pt/portugal/desempregados+inscritos+nos+centros+de+emprego+e+de+formacao+profissional+(media+anual)+total+e+por+grupo+etario+++continente-60	2026-03-05
https://www.pordata.pt/portugal/desempregados+inscritos+nos+centros+de+emprego+e+de+formacao+profissional+(media+anual)+total+e+por+nivel+de+escolaridade+completo+++continente-61	2026-03-05
https://www.pordata.pt/portugal/desempregados+inscritos+nos+centros+de+emprego+e+de+formacao+profissional+(media+anual)+total+e+por+sexo-58	2026-03-05
https://www.pordata.pt/portugal/desempregados+inscritos+nos+centros+de+emprego+e+de+formacao+profissional+(media+anual)+total+e+por+tempo+de+inscricao-59	2026-03-05
https://www.pordata.pt/portugal/desempregados+inscritos+nos+centros+de+emprego+e+de+formacao+profissional+(media+anual)+total+e+por+tipo+de+desemprego-57	2026-03-05
https://www.pordata.pt/portugal/desempregados+inscritos+nos+centros+de+emprego+e+de+formacao+profissional+a+procura+de+novo+emprego+(media+anual)+total+e+por+grandes+setores+de+atividade+economica+++continente-320	2026-03-05
https://www.pordata.pt/portugal/desempregados+inscritos+nos+centros+de+emprego+e+de+formacao+profissional-56	2026-03-05
https://www.pordata.pt/portugal/design+concessoes+da+via+nacional+a+residentes+em+portugal++total+e+por+tipo+de+requerente-1205	2026-05-12
https://www.pordata.pt/portugal/design+pedidos++concessoes+e+objetos+da+via+nacional-1211	2026-05-12
https://www.pordata.pt/portugal/desigualdade+na+distribuicao+do+rendimento+(s80+s20)-2168	2025-12-12
https://www.pordata.pt/portugal/despesa+consolidada+das+administracoes+publicas+total+e+por+dominios+de+gestao+e+protecao+do+ambiente-1110	2025-12-19
https://www.pordata.pt/portugal/despesa+corrente+em+cuidados+de+saude+em+percentagem+do+pib-610	2026-07-14
https://www.pordata.pt/portugal/despesa+corrente+em+cuidados+de+saude+per+capita-609	2026-06-22
https://www.pordata.pt/portugal/despesa+corrente+em+cuidados+de+saude+total+e+por+tipo+de+agente+financiador-2959	2026-07-01
https://www.pordata.pt/portugal/despesa+corrente+em+cuidados+de+saude+total+e+por+tipo+de+prestador-2958	2026-07-03
https://www.pordata.pt/portugal/despesa+corrente+em+cuidados+de+saude-3010	2026-07-01
https://www.pordata.pt/portugal/despesa+da+seguranca+social+com+subsidios+de+maternidade+ou+doenca-116	2025-11-26
https://www.pordata.pt/portugal/despesa+da+seguranca+social+em+percentagem+do+pib-705	2026-07-14
https://www.pordata.pt/portugal/despesa+da+seguranca+social+subsidios+a+infancia+e+a+familia++por+tipo-121	2025-11-25
https://www.pordata.pt/portugal/despesa+da+seguranca+social+total+e+por+tipo-100	2026-02-19
https://www.pordata.pt/portugal/despesa+das+camaras+municipais+em+cultura+e+desporto+total+e+por+dominio+cultural+(1987+2012)-187	2015-06-26
https://www.pordata.pt/portugal/despesa+das+camaras+municipais+em+cultura+e+desporto+total+e+por+dominio+cultural+(2013+)-2755	2026-01-05
https://www.pordata.pt/portugal/despesa+media+da+seguranca+social+com+as+prestacoes+de+desemprego+por+beneficiario+total++subsidio+de+desemprego+e+subsidio+social+de+desemprego-708	2026-06-01
https://www.pordata.pt/portugal/despesa+media+diaria+por+turista+total++por+motivo+principal+e+por+destino+da+viagem-2626	2026-07-13
https://www.pordata.pt/portugal/despesa+media+por+viagem+total++por+motivo+principal+e+por+destino+da+viagem-2625	2026-07-13
https://www.pordata.pt/portugal/despesas+com+bolsas+de+acao+social+do+ensino+superior+total+e+por+subsistema+de+ensino-660	2026-07-14
https://www.pordata.pt/portugal/despesas+da+acao+social+escolar+no+ensino+nao+superior+total+e+por+subsistema+de+ensino+++continente-1078	2025-10-06
https://www.pordata.pt/portugal/despesas+da+acao+social+escolar+no+ensino+nao+superior+total+e+por+tipo+de+beneficio+++continente+(1993+++2019)-1076	2022-09-22
https://www.pordata.pt/portugal/despesas+das+administracoes+publicas+em+ambiente+em+percentagem+do+total+das+despesas+(1995+2013)-1221	2025-12-19
https://www.pordata.pt/portugal/despesas+das+administracoes+publicas+em+educacao+em+percentagem+do+pib-867	2026-07-14
https://www.pordata.pt/portugal/despesas+das+administracoes+publicas+em+educacao-866	2026-03-30
https://www.pordata.pt/portugal/despesas+das+administracoes+publicas+em+percentagem+do+pib+total++correntes+e+de+capital-2793	2026-03-27
https://www.pordata.pt/portugal/despesas+das+administracoes+publicas+em+saude+em+percentagem+do+pib-855	2026-07-14
https://www.pordata.pt/portugal/despesas+das+administracoes+publicas+em+saude+per+capita-856	2026-06-22
https://www.pordata.pt/portugal/despesas+das+administracoes+publicas+em+saude-854	2026-03-30
https://www.pordata.pt/portugal/despesas+das+administracoes+publicas+total++correntes+e+de+capital-2790	2026-03-27
https://www.pordata.pt/portugal/despesas+das+administracoes+publicas+total+e+por+classificacao+economica-2791	2026-03-26
https://www.pordata.pt/portugal/despesas+das+administracoes+publicas+total+e+por+funcoes-3699	2026-03-30
https://www.pordata.pt/portugal/despesas+dos+corpos+de+bombeiros-1132	2026-02-16
https://www.pordata.pt/portugal/despesas+dos+municipios+em+ambiente+per+capita+por+dominios+de+gestao+e+protecao+ambiental-1225	2026-08-05
https://www.pordata.pt/portugal/despesas+dos+municipios+total+e+por+dominios+de+gestao+e+protecao+do+ambiente-1108	2025-11-17
https://www.pordata.pt/portugal/despesas+em+atividades+de+investigacao+e+desenvolvimento+(i+d)+em+percentagem+do+pib+por+setor+de+execucao-1133	2026-07-30
https://www.pordata.pt/portugal/despesas+em+atividades+de+investigacao+e+desenvolvimento+(i+d)+em+percentagem+do+pib-779	2026-07-30
https://www.pordata.pt/portugal/despesas+em+atividades+de+investigacao+e+desenvolvimento+(i+d)+total+e+do+setor+empresas-774	2026-07-30
https://www.pordata.pt/portugal/despesas+em+atividades+de+investigacao+e+desenvolvimento+(i+d)+total+e+por+setor+de+execucao-1106	2026-07-30
https://www.pordata.pt/portugal/despesas+medias+de+consumo+final+das+familias+total+e+por+tipo+de+bens+e+servicos-768	2026-02-04
https://www.pordata.pt/portugal/dias+de+internamento+nos+hospitais-3676	2026-04-02
https://www.pordata.pt/portugal/dimensao+media+das+empresas+do+setor+empresarial+publico-2999	2025-10-30
https://www.pordata.pt/portugal/dimensao+media+das+empresas+total+e+por+setor+de+atividade+economica-2858	2025-12-22
https://www.pordata.pt/portugal/dimensao+media+das+exploracoes+agricolas-3458	2025-10-09
https://www.pordata.pt/portugal/dimensao+media+das+sociedades+total+e+por+setor+de+atividade+economica-2962	2025-12-23
https://www.pordata.pt/portugal/dimensao+media+dos+agregados+domesticos+privados-511	2026-02-12
https://www.pordata.pt/portugal/diplomados+do+sexo+feminino+em+percentagem+dos+diplomados+no+ensino+superior+total+e+por+area+de+educacao+e+formacao++-680	2026-07-15
https://www.pordata.pt/portugal/diplomados+do+sexo+feminino+no+ensino+superior+total+e+por+area+de+educacao+e+formacao-224	2026-07-15
https://www.pordata.pt/portugal/diplomados+do+sexo+feminino+no+ensino+superior+total+e+por+nivel+de+formacao-221	2026-07-15
https://www.pordata.pt/portugal/diplomados+do+sexo+masculino+no+ensino+superior+total+e+por+area+de+educacao+e+formacao-223	2026-07-15
https://www.pordata.pt/portugal/diplomados+do+sexo+masculino+no+ensino+superior+total+e+por+nivel+de+formacao-220	2026-07-15
https://www.pordata.pt/portugal/diplomados+no+ano++no+ensino+superior+na+area+da+saude+total++por+area+de+educacao+e+formacao+e+sexo-804	2026-07-15
https://www.pordata.pt/portugal/diplomados+no+ano++no+ensino+superior+na+area+da+saude+total+e+por+subsistema+e+tipo+de+ensino-797	2026-07-15
https://www.pordata.pt/portugal/diplomados+no+ensino+superior+em+tecnologias+da+informacao+e+comunicacao+(tic)+total+e+por+sexo-1171	2026-07-15
https://www.pordata.pt/portugal/diplomados+no+ensino+superior+por+subsistema+de+ensino+e+por+sexo-691	2026-07-15
https://www.pordata.pt/portugal/diplomados+no+ensino+superior+por+tipo+de+ensino+e+por+sexo-690	2026-07-15
https://www.pordata.pt/portugal/diplomados+no+ensino+superior+total+e+por+area+de+educacao+e+formacao-222	2026-07-15
https://www.pordata.pt/portugal/diplomados+no+ensino+superior+total+e+por+nivel+de+formacao-219	2026-07-15
https://www.pordata.pt/portugal/diplomados+no+ensino+superior+total+e+por+sexo-664	2026-07-15
https://www.pordata.pt/portugal/diplomados+no+ensino+superior+total+e+por+subsistema+e+tipo+de+ensino-429	2026-07-15
https://www.pordata.pt/portugal/diplomados+nos+cursos+de+formacao+de+professores-3706	2026-08-10
https://www.pordata.pt/portugal/dirigentes+de+exploracoes+agricolas+total+e+por+grupo+etario-3421	2025-10-09
https://www.pordata.pt/portugal/dirigentes+de+exploracoes+agricolas+total+e+por+sexo-3420	2025-10-09
https://www.pordata.pt/portugal/dirigentes+total+e+por+algumas+federacoes+desportivas-2232	2026-07-22
https://www.pordata.pt/portugal/disparidade+da+remuneracao+base+media+mensal+entre+os+trabalhadores+por+conta+de+outrem+de+todos+os+ramos+de+atividade+face+aos+do+ramo+agricultura++pesca+e+floresta-3463	2026-01-05
https://www.pordata.pt/portugal/disparidade+entre+sexos+na+remuneracao+base+media+mensal+dos+trabalhadores+por+conta+de+outrem+da+agricultura++pesca+e+floresta-3418	2026-01-05
https://www.pordata.pt/portugal/disparidade+entre+sexos+na+remuneracao+base+media+mensal+dos+trabalhadores+por+conta+de+outrem+total+e+por+nivel+de+qualificacao-3022	2026-01-05
https://www.pordata.pt/portugal/disparidade+entre+sexos+no+ganho+medio+mensal+dos+trabalhadores+por+conta+de+outrem+total+e+por+nivel+de+qualificacao-3023	2026-01-05
https://www.pordata.pt/portugal/divida+externa+liquida+em+percentagem+do+pib-2950	2026-03-12
https://www.pordata.pt/portugal/divida+externa+liquida-2949	2026-02-19
https://www.pordata.pt/portugal/divida+publica+divida+das+administracoes+publicas-2783	2026-03-27
https://www.pordata.pt/portugal/divorcios+entre+pessoas+do+sexo+oposto+total+e+por+forma+de+celebracao+do+casamento-1281	2025-09-30
https://www.pordata.pt/portugal/divorcios-323	2025-09-30
https://www.pordata.pt/portugal/docentes+do+ensino+superior+total++por+subsistema+e+por+tipo+de+ensino-354	2025-10-13
https://www.pordata.pt/portugal/docentes+do+ensino+superior+total+e+por+sexo-666	2025-10-13
https://www.pordata.pt/portugal/docentes+do+ensino+superior+total+e+por+subsistema+de+ensino-225	2025-10-13
https://www.pordata.pt/portugal/docentes+do+ensino+superior+total+e+por+tipo+de+ensino-352	2025-10-13
https://www.pordata.pt/portugal/docentes+do+sexo+feminino+em+exercicio+nos+ensinos+pre+escolar++basico+e+secundario+total+e+por+nivel+de+ensino-777	2026-07-14
https://www.pordata.pt/portugal/docentes+do+sexo+feminino+em+percentagem+dos+docentes+em+exercicio+nos+ensinos+pre+escolar++basico+e+secundario+total+e+por+nivel+de+ensino-782	2026-07-14
https://www.pordata.pt/portugal/docentes+do+sexo+masculino+em+exercicio+nos+ensinos+pre+escolar++basico+e+secundario+total+e+por+nivel+de+ensino-776	2026-07-14
https://www.pordata.pt/portugal/docentes+em+exercicio+nos+ensinos+pre+escolar++basico+e+secundario+privado+total+e+por+nivel+de+ensino-242	2026-07-14
https://www.pordata.pt/portugal/docentes+em+exercicio+nos+ensinos+pre+escolar++basico+e+secundario+publico+total+e+por+nivel+de+ensino-241	2026-07-14
https://www.pordata.pt/portugal/docentes+em+exercicio+nos+ensinos+pre+escolar++basico+e+secundario+total+e+por+nivel+de+ensino-240	2026-06-29
https://www.pordata.pt/portugal/dormidas+nas+colonias+de+ferias+total+e+por+pais+de+residencia+do+hospede-2569	2026-07-17
https://www.pordata.pt/portugal/dormidas+nas+pousadas+de+juventude+total++hospedes+residentes+em+portugal+e+residentes+no+estrangeiro-2567	2026-07-10
https://www.pordata.pt/portugal/dormidas+nos+alojamentos+turisticos+coletivos+total+e+por+tipo+de+alojamento-2636	2026-07-17
https://www.pordata.pt/portugal/dormidas+nos+alojamentos+turisticos+por+100+habitantes-2645	2026-08-05
https://www.pordata.pt/portugal/dormidas+nos+alojamentos+turisticos+total+e+por+pais+de+residencia+do+hospede-2611	2026-07-17
https://www.pordata.pt/portugal/dormidas+nos+alojamentos+turisticos+total+e+por+tipo+de+estabelecimento-2612	2026-07-09
https://www.pordata.pt/portugal/dormidas+nos+parques+de+campismo+total++de+campistas+residentes+em+portugal+e+de+residentes+no+estrangeiro-2577	2026-07-13
https://www.pordata.pt/portugal/duracao+media+da+pre+escolarizacao-1038	2026-07-13
https://www.pordata.pt/portugal/duracao+media+das+pensoes+da+caixa+geral+de+aposentacoes-2329	2026-05-07
https://www.pordata.pt/portugal/duracao+media+de+alguns+processos+civeis+findos+nos+tribunais+judiciais+de+1.%c2%aa+instancia-992	2026-02-18
https://www.pordata.pt/portugal/duracao+media+semanal+do+trabalho+efetivo+da+populacao+empregada+total+e+por+situacao+na+profissao-940	2026-02-05
https://www.pordata.pt/portugal/duracao+media+semanal+do+trabalho+efetivo+dos+trabalhadores+do+sexo+feminino+por+conta+de+outrem+total+e+por+setor+de+atividade+economica-362	2026-02-24
https://www.pordata.pt/portugal/duracao+media+semanal+do+trabalho+efetivo+dos+trabalhadores+do+sexo+masculino+por+conta+de+outrem+total+e+por+setor+de+atividade+economica-820	2026-02-24
https://www.pordata.pt/portugal/duracao+media+semanal+do+trabalho+efetivo+dos+trabalhadores+por+conta+de+outrem+total+e+por+setor+de+atividade+economica-361	2026-02-24
https://www.pordata.pt/portugal/edificios+de+habitacao+familiar+classica-92	2026-07-17
https://www.pordata.pt/portugal/eleitores+nas+eleicoes+para+a+assembleia+da+republica+total++votantes+e+abstencao-2181	2025-11-25
https://www.pordata.pt/portugal/eleitores+nas+eleicoes+para+a+assembleia+legislativa+da+regiao+autonoma+da+madeira+total++votantes+e+abstencao-2242	2025-11-26
https://www.pordata.pt/portugal/eleitores+nas+eleicoes+para+a+assembleia+legislativa+da+regiao+autonoma+dos+acores+total++votantes+e+abstencao-2246	2024-02-05
https://www.pordata.pt/portugal/eleitores+nas+eleicoes+para+a+presidencia+da+republica+total++votantes+e+abstencao-2172	2026-02-18
https://www.pordata.pt/portugal/eleitores+nas+eleicoes+para+as+autarquias+locais+total++votantes+e+abstencao-2190	2025-12-18
https://www.pordata.pt/portugal/eleitores+nas+eleicoes+para+o+parlamento+europeu+total++votantes+e+abstencao-2197	2024-06-26
https://www.pordata.pt/portugal/eleitores+residentes+em+portugal+nas+eleicoes+para+a+assembleia+da+republica+total++votantes+e+abstencao-2182	2025-11-25
https://www.pordata.pt/portugal/eleitores+residentes+em+portugal+nas+eleicoes+para+a+presidencia+da+republica+total++votantes+e+abstencao-2173	2026-02-18
https://www.pordata.pt/portugal/eleitores+residentes+em+portugal+nas+eleicoes+para+o+parlamento+europeu+total++votantes+e+abstencao-2198	2024-06-26
https://www.pordata.pt/portugal/eleitores+residentes+no+estrangeiro+nas+eleicoes+para+a+assembleia+da+republica+total++votantes+e+abstencao-2183	2025-11-25
https://www.pordata.pt/portugal/eleitores+residentes+no+estrangeiro+nas+eleicoes+para+a+presidencia+da+republica+total++votantes+e+abstencao-2174	2026-02-18
https://www.pordata.pt/portugal/eleitores+residentes+no+estrangeiro+nas+eleicoes+para+o+parlamento+europeu+total++votantes+e+abstencao-2199	2024-06-26
https://www.pordata.pt/portugal/embarcacoes+de+comercio+total++entradas+e+saidas-3168	2026-07-01
https://www.pordata.pt/portugal/embarcacoes+de+comercio+total+e+por+principais+embarcacoes-3167	2025-11-24
https://www.pordata.pt/portugal/embarcacoes+de+pesca+total++com+e+sem+motor-3446	2026-05-28
https://www.pordata.pt/portugal/embarcacoes+de+pesca+total+e+licenciadas-3447	2026-05-29
https://www.pordata.pt/portugal/embarcacoes+de+pesca+total+e+por+classes+de+arqueacao+bruta-3448	2026-05-29
https://www.pordata.pt/portugal/emigrantes+permanentes+total+e+por+grupo+etario-2522	2025-09-30
https://www.pordata.pt/portugal/emigrantes+permanentes+total+e+por+nacionalidade-3797	2025-09-30
https://www.pordata.pt/portugal/emigrantes+permanentes+total+e+por+nivel+de+escolaridade+completo+(percentagem)-3794	2023-04-03
https://www.pordata.pt/portugal/emigrantes+temporarios+total+e+por+grupo+etario-2523	2025-09-30
https://www.pordata.pt/portugal/emigrantes+total+e+por+tipo+e+sexo-23	2025-09-30
https://www.pordata.pt/portugal/emissoes+de+gases+com+efeito+de+estufa+por+superficie+agricola+utilizada-3345	2026-07-13
https://www.pordata.pt/portugal/emissoes+de+gases+por+habitante-1256	2026-08-05
https://www.pordata.pt/portugal/emissoes+de+gases-1081	2025-10-16
https://www.pordata.pt/portugal/emprego+nas+administracoes+publicas+central++regional++local+e+fundos+da+seguranca+social+por+mil+habitantes-2810	2026-08-05
https://www.pordata.pt/portugal/emprego+nas+administracoes+publicas+central++regional++local+e+fundos+da+seguranca+social-497	2025-11-04
https://www.pordata.pt/portugal/emprego+nas+administracoes+publicas+em+percentagem+da+populacao+ativa-3128	2026-02-05
https://www.pordata.pt/portugal/emprego+nas+administracoes+publicas+total+e+por+relacao+juridica+(1996+2005)-667	2015-06-26
https://www.pordata.pt/portugal/emprego+nas+administracoes+publicas+total+e+por+relacao+juridica+(2011+)-2526	2025-11-04
https://www.pordata.pt/portugal/emprego+total+e+por+ramo+de+atividade++equivalente+a+tempo+completo-2296	2025-10-13
https://www.pordata.pt/portugal/empresas+com+ligacao+a+internet+em+percentagem+do+total+de+empresas+por+escalao+de+pessoal+ao+servico-1144	2025-12-02
https://www.pordata.pt/portugal/empresas+com+presenca+na+internet+em+percentagem+do+total+de+empresas+por+escalao+de+pessoal+ao+servico-1145	2025-12-02
https://www.pordata.pt/portugal/empresas+da+pesca+e+aquicultura-3444	2026-01-07
https://www.pordata.pt/portugal/empresas+e+pessoal+ao+servico+da+silvicultura-3690	2026-01-07
https://www.pordata.pt/portugal/empresas+individuais+total+e+por+setor+de+atividade+economica-2965	2025-12-18
https://www.pordata.pt/portugal/empresas+mortas+total+e+por+forma+juridica-2877	2026-01-30
https://www.pordata.pt/portugal/empresas+mortas+total+e+por+setor+de+atividade+economica-2878	2026-01-30
https://www.pordata.pt/portugal/empresas+nao+financeiras+total+e+por+escalao+de+pessoal+ao+servico-2860	2025-12-18
https://www.pordata.pt/portugal/empresas+nascidas++mortas+e+sobreviventes-2873	2026-01-30
https://www.pordata.pt/portugal/empresas+nascidas+total+e+por+forma+juridica-2874	2026-01-30
https://www.pordata.pt/portugal/empresas+nascidas+total+e+por+setor+de+atividade+economica-2875	2026-01-30
https://www.pordata.pt/portugal/empresas+no+setor+da+industria+transformadora+total+e+por+tipo-2955	2025-12-18
https://www.pordata.pt/portugal/empresas+no+setor+publico+empresarial-2994	2025-10-30
https://www.pordata.pt/portugal/empresas+que+utilizam+computador+em+percentagem+do+total+de+empresas+por+escalao+de+pessoal+ao+servico+(2003+++2019)-1143	2022-11-07
https://www.pordata.pt/portugal/empresas+sobreviventes+a+1+ano+total+e+por+setor+de+atividade+economica-2881	2026-01-30
https://www.pordata.pt/portugal/empresas+sobreviventes+a+1+e+2+anos+total+e+por+forma+juridica-2880	2026-01-30
https://www.pordata.pt/portugal/empresas+total+e+por+dimensao-2857	2025-12-18
https://www.pordata.pt/portugal/empresas+total+e+por+forma+juridica-2855	2025-12-18
https://www.pordata.pt/portugal/empresas+total+e+por+setor+de+atividade+economica-2856	2025-12-18
https://www.pordata.pt/portugal/empresas+total-2854	2025-12-18
https://www.pordata.pt/portugal/endividamento+das+sociedades+nao+financeiras+privadas+total+e+por+dimensao-2924	2026-02-23
https://www.pordata.pt/portugal/endividamento+do+setor+publico+empresarial-2998	2026-02-23
https://www.pordata.pt/portugal/energias+renovaveis+no+balanco+energetico-1128	2025-12-03
https://www.pordata.pt/portugal/entidades+empregadoras+e+individuos+do+servico+domestico+com+declaracao+de+remuneracao+a+seguranca+social-863	2026-06-02
https://www.pordata.pt/portugal/entidades+empregadoras+em+situacoes+de+lay+off+e+beneficiarios+de+lay+off+por+tipo+de+prestacao-3638	2026-03-03
https://www.pordata.pt/portugal/esperanca+de+vida+a+nascenca+total+e+por+sexo+(base+trienio+a+partir+de+2001)-418	2026-06-25
https://www.pordata.pt/portugal/esperanca+de+vida+aos+65+anos+total+e+por+sexo+(base+trienio+a+partir+de+2001)-419	2026-06-25
https://www.pordata.pt/portugal/espetaculos+ao+vivo+receitas+de+bilheteira-400	2025-09-26
https://www.pordata.pt/portugal/espetaculos+ao+vivo+sessoes+e+espectadores-583	2025-09-26
https://www.pordata.pt/portugal/estabelecimentos+de+saude+camas+por+100+mil+habitantes-602	2026-08-05
https://www.pordata.pt/portugal/estabelecimentos+de+saude+consultas++internamentos+e+urgencias+por+mil+habitantes-3324	2026-08-05
https://www.pordata.pt/portugal/estabelecimentos+de+saude+consultas++internamentos+e+urgencias-3321	2026-04-02
https://www.pordata.pt/portugal/estabelecimentos+nos+ensinos+pre+escolar++basico+e+secundario+por+nivel+de+ensino-1237	2026-06-29
https://www.pordata.pt/portugal/estabelecimentos+nos+ensinos+pre+escolar++basico+e+secundario+privado+total+e+por+nivel+de+ensino-1242	2026-06-29
https://www.pordata.pt/portugal/estabelecimentos+nos+ensinos+pre+escolar++basico+e+secundario+publico+total+e+por+nivel+de+ensino-1241	2026-06-29
https://www.pordata.pt/portugal/estabelecimentos+prisionais+pessoal+ao+servico+e+pessoal+vigilante-277	2026-05-29
https://www.pordata.pt/portugal/estabelecimentos+publicos+em+percentagem+do+total+de+estabelecimentos+nos+ensinos+pre+escolar++basico+e+secundario+por+nivel+de+ensino-1259	2026-06-29
https://www.pordata.pt/portugal/estacoes+de+comboio+e+passagens+de+nivel+++continente-3110	2025-11-26
https://www.pordata.pt/portugal/estada+media+nas+colonias+de+ferias+total++residentes+em+portugal+e+residentes+no+estrangeiro-2622	2026-07-17
https://www.pordata.pt/portugal/estada+media+nas+pousadas+de+juventude+total++residentes+em+portugal+e+residentes+no+estrangeiro-2623	2026-07-13
https://www.pordata.pt/portugal/estada+media+nos+alojamentos+turisticos+total++residentes+em+portugal+e+residentes+no+estrangeiro-2620	2026-07-17
https://www.pordata.pt/portugal/estada+media+nos+alojamentos+turisticos+total+e+por+tipo+de+estabelecimento-2621	2026-07-09
https://www.pordata.pt/portugal/estada+media+nos+parques+de+campismo+total++residentes+em+portugal+e+residentes+no+estrangeiro-2624	2026-07-17
https://www.pordata.pt/portugal/evolucao+do+salario+minimo+nacional-74	2026-01-05
https://www.pordata.pt/portugal/exploracoes+agricolas+e+superficie+agricola+utilizada+total+e+por+dimensao-3348	2025-10-09
https://www.pordata.pt/portugal/exploracoes+agricolas+total+e+por+forma+de+exploracao-3347	2025-10-09
https://www.pordata.pt/portugal/exploracoes+agricolas+total+por+principais+formas+juridicas-3417	2025-10-09
https://www.pordata.pt/portugal/exportacoes++importacoes+e+saldo+da+balanca+de+bens+total+e+por+principais+grupos+de+paises+parceiros+comerciais-2341	2026-02-12
https://www.pordata.pt/portugal/exportacoes++importacoes+e+saldo+da+balanca+de+servicos+total+e+por+principais+grupos+de+paises+parceiros+comerciais-2344	2026-02-19
https://www.pordata.pt/portugal/exportacoes+de+bens+e+servicos+total+e+por+produto-2291	2025-10-13
https://www.pordata.pt/portugal/exportacoes+de+bens+total+e+por+principais+paises+parceiros+comerciais-2346	2026-02-12
https://www.pordata.pt/portugal/exportacoes+de+bens+total+e+por+tipo-2327	2026-02-11
https://www.pordata.pt/portugal/exportacoes+de+servicos+total+e+por+principais+paises+parceiros+comerciais-2349	2026-02-20
https://www.pordata.pt/portugal/exportacoes+de+servicos+total+e+por+tipo-2352	2026-02-19
https://www.pordata.pt/portugal/exportacoes+dos+principais+produtos+de+origem+florestal-3691	2024-06-27
https://www.pordata.pt/portugal/extensao+da+rede+de+autoestradas+++continente-3126	2025-11-26
https://www.pordata.pt/portugal/extensao+da+rede+ferroviaria+explorada+total++eletrificada+e+nao+eletrificada+++continente-3109	2025-11-26
https://www.pordata.pt/portugal/extensao+da+rede+ferroviaria+total++explorada+e+desativada+++continente-3108	2025-11-26
https://www.pordata.pt/portugal/extensao+da+rede+rodoviaria+nacional+em+portugal+continental-3125	2025-11-26
https://www.pordata.pt/portugal/familias+classicas+monoparentais+do+sexo+feminino+(percentagem)-532	2026-02-04
https://www.pordata.pt/portugal/farmacias+numero-153	2026-06-26
https://www.pordata.pt/portugal/farmacias+por+10+mil+habitantes-607	2026-08-05
https://www.pordata.pt/portugal/fogos+concluidos+em+construcoes+novas+para+habitacao+familiar+total+e+por+tipologia+do+fogo-189	2026-07-17
https://www.pordata.pt/portugal/formacao+bruta+de+capital+fixo+da+agricultura+total+e+por+tipo+de+produtos-3379	2025-12-17
https://www.pordata.pt/portugal/formacao+bruta+de+capital+fixo+das+empresas+nao+financeiras+total+e+por+setor+de+atividade-2917	2025-12-22
https://www.pordata.pt/portugal/formacao+bruta+de+capital+fixo+das+pequenas+e+medias+empresas+nao+financeiras+total+e+por+dimensao-2933	2025-12-22
https://www.pordata.pt/portugal/formacao+bruta+de+capital+fixo+nas+empresas+nao+financeiras+total+e+por+dimensao-2918	2025-12-22
https://www.pordata.pt/portugal/formacao+bruta+de+capital+fixo+total+e+por+ramo+de+atividade+investidor-2289	2025-10-13
https://www.pordata.pt/portugal/formacao+bruta+de+capital+total+e+por+produto-2290	2025-10-13
https://www.pordata.pt/portugal/frota+aerea+numero+e+idade+media-3192	2025-11-27
https://www.pordata.pt/portugal/galerias+de+arte+e+outros+espacos+de+exposicao+temporaria+numero+de+espacos++exposicoes+e+obras+expostas-389	2026-07-01
https://www.pordata.pt/portugal/galerias+de+arte+por+100+mil+habitantes-654	2026-08-05
https://www.pordata.pt/portugal/ganho+medio+mensal+dos+trabalhadores+do+sexo+feminino+por+conta+de+outrem+total+e+por+nivel+de+qualificacao-891	2026-01-05
https://www.pordata.pt/portugal/ganho+medio+mensal+dos+trabalhadores+do+sexo+feminino+por+conta+de+outrem+total+e+por+profissoes-3810	2026-01-06
https://www.pordata.pt/portugal/ganho+medio+mensal+dos+trabalhadores+do+sexo+feminino+por+conta+de+outrem+total+e+por+setor+de+atividade+economica-537	2026-01-06
https://www.pordata.pt/portugal/ganho+medio+mensal+dos+trabalhadores+do+sexo+masculino+por+conta+de+outrem+total+e+por+nivel+de+qualificacao-376	2026-01-05
https://www.pordata.pt/portugal/ganho+medio+mensal+dos+trabalhadores+do+sexo+masculino+por+conta+de+outrem+total+e+por+profissoes-3809	2026-01-06
https://www.pordata.pt/portugal/ganho+medio+mensal+dos+trabalhadores+do+sexo+masculino+por+conta+de+outrem+total+e+por+setor+de+atividade+economica-536	2026-01-06
https://www.pordata.pt/portugal/ganho+medio+mensal+dos+trabalhadores+por+conta+de+outrem+da+administracao+publica++defesa+e+seguranca+social+obrigatoria+total+e+por+nivel+de+qualificacao-557	2026-01-06
https://www.pordata.pt/portugal/ganho+medio+mensal+dos+trabalhadores+por+conta+de+outrem+da+agricultura++pesca+e+floresta+total+e+por+nivel+de+qualificacao-538	2026-01-06
https://www.pordata.pt/portugal/ganho+medio+mensal+dos+trabalhadores+por+conta+de+outrem+da+agricultura+e+pesca+total+e+por+nivel+de+qualificacao-3410	2026-01-06
https://www.pordata.pt/portugal/ganho+medio+mensal+dos+trabalhadores+por+conta+de+outrem+da+construcao+total+e+por+nivel+de+qualificacao-540	2026-01-06
https://www.pordata.pt/portugal/ganho+medio+mensal+dos+trabalhadores+por+conta+de+outrem+da+educacao+total+e+por+nivel+de+qualificacao-546	2026-01-06
https://www.pordata.pt/portugal/ganho+medio+mensal+dos+trabalhadores+por+conta+de+outrem+da+eletricidade++gas+e+agua+total+e+por+nivel+de+qualificacao-539	2026-01-06
https://www.pordata.pt/portugal/ganho+medio+mensal+dos+trabalhadores+por+conta+de+outrem+da+saude+humana+e+apoio+social+total+e+por+nivel+de+qualificacao-548	2026-01-06
https://www.pordata.pt/portugal/ganho+medio+mensal+dos+trabalhadores+por+conta+de+outrem+das+atividades+financeiras+e+de+seguros+total+e+por+nivel+de+qualificacao-552	2026-01-06
https://www.pordata.pt/portugal/ganho+medio+mensal+dos+trabalhadores+por+conta+de+outrem+das+industrias+extrativas+total+e+por+nivel+de+qualificacao-542	2026-01-06
https://www.pordata.pt/portugal/ganho+medio+mensal+dos+trabalhadores+por+conta+de+outrem+das+industrias+transformadoras+total+e+por+nivel+de+qualificacao-543	2026-01-06
https://www.pordata.pt/portugal/ganho+medio+mensal+dos+trabalhadores+por+conta+de+outrem+do+alojamento+e+restauracao+total+e+por+nivel+de+qualificacao-545	2026-01-06
https://www.pordata.pt/portugal/ganho+medio+mensal+dos+trabalhadores+por+conta+de+outrem+do+comercio+por+grosso+e+a+retalho+total+e+por+nivel+de+qualificacao-544	2026-01-06
https://www.pordata.pt/portugal/ganho+medio+mensal+dos+trabalhadores+por+conta+de+outrem+dos+transportes+e+armazenagem+total+e+por+nivel+de+qualificacao-541	2026-01-06
https://www.pordata.pt/portugal/ganho+medio+mensal+dos+trabalhadores+por+conta+de+outrem+total+e+por+nivel+de+qualificacao-890	2026-01-05
https://www.pordata.pt/portugal/ganho+medio+mensal+dos+trabalhadores+por+conta+de+outrem+total+e+por+profissoes-3808	2026-01-06
https://www.pordata.pt/portugal/ganho+medio+mensal+dos+trabalhadores+por+conta+de+outrem+total+e+por+setor+de+atividade+economica-377	2026-01-05
https://www.pordata.pt/portugal/ganho+medio+mensal+dos+trabalhadores+por+conta+de+outrem+total+e+por+sexo-375	2026-01-05
https://www.pordata.pt/portugal/gastos+com+pessoal+das+pequenas+e+medias+empresas+total+e+por+dimensao-2935	2025-12-22
https://www.pordata.pt/portugal/gastos+com+pessoal+por+trabalhador+total+e+por+dimensao-2899	2025-12-22
https://www.pordata.pt/portugal/gastos+com+pessoal+por+trabalhador+total+e+por+setor+de+atividade+economica-2898	2025-12-23
https://www.pordata.pt/portugal/greves+dias+de+trabalho+perdidos+por+setor+de+atividade+economica-70	2026-01-07
https://www.pordata.pt/portugal/greves+total++trabalhadores+abrangidos+e+dias+de+trabalho+perdidos-71	2026-01-07
https://www.pordata.pt/portugal/greves+total+e+por+setor+de+atividade+economica-67	2026-01-07
https://www.pordata.pt/portugal/greves+trabalhadores+abrangidos+por+setor+de+atividade+economica-69	2026-01-07
https://www.pordata.pt/portugal/hospedes+nas+colonias+de+ferias+total++residentes+em+portugal+e+residentes+no+estrangeiro-2572	2026-07-13
https://www.pordata.pt/portugal/hospedes+nas+pousadas+de+juventude+total++residentes+em+portugal+e+residentes+no+estrangeiro-2571	2026-07-13
https://www.pordata.pt/portugal/hospedes+nos+alojamentos+turisticos+por+100+habitantes-2644	2026-08-05
https://www.pordata.pt/portugal/hospedes+nos+alojamentos+turisticos+total++residentes+em+portugal+e+residentes+no+estrangeiro-2613	2026-07-10
https://www.pordata.pt/portugal/hospedes+nos+alojamentos+turisticos+total+e+por+tipo+de+estabelecimento-2614	2026-07-09
https://www.pordata.pt/portugal/hospitais+numero+e+camas-142	2026-04-02
https://www.pordata.pt/portugal/idade+media+ao+primeiro+casamento++por+sexo-421	2026-05-05
https://www.pordata.pt/portugal/idade+media+da+mae+ao+nascimento+de+um+filho-417	2026-06-22
https://www.pordata.pt/portugal/idade+media+da+mae+ao+nascimento+do+primeiro+filho-805	2026-06-22
https://www.pordata.pt/portugal/imigrantes+permanentes+total+e+por+grupo+etario-3255	2024-09-30
https://www.pordata.pt/portugal/imigrantes+permanentes+total+e+por+nacionalidade-3795	2026-02-19
https://www.pordata.pt/portugal/imigrantes+permanentes+total+e+por+naturalidade-3256	2024-09-30
https://www.pordata.pt/portugal/imigrantes+permanentes+total+e+por+sexo-3254	2025-09-30
https://www.pordata.pt/portugal/importacoes+de+bens+e+servicos+total+e+por+produto-2292	2025-10-13
https://www.pordata.pt/portugal/importacoes+de+bens+total+e+por+principais+paises+parceiros+comerciais-2345	2026-02-12
https://www.pordata.pt/portugal/importacoes+de+bens+total+e+por+tipo-2326	2026-02-11
https://www.pordata.pt/portugal/importacoes+de+energia+total+e+por+principais+paises+de+origem-3712	2026-05-06
https://www.pordata.pt/portugal/importacoes+de+servicos+total+e+por+principais+paises+parceiros+comerciais-2348	2026-02-20
https://www.pordata.pt/portugal/importacoes+de+servicos+total+e+por+tipo-2351	2026-02-19
https://www.pordata.pt/portugal/importacoes+dos+principais+produtos+de+origem+florestal-3692	2024-06-27
https://www.pordata.pt/portugal/indemnizacoes+compensatorias+da+seguranca+social+por+salarios+em+atraso-114	2025-11-26
https://www.pordata.pt/portugal/indicadores+de+fecundidade+indice+sintetico+de+fecundidade+e+taxa+bruta+de+reproducao-416	2026-06-22
https://www.pordata.pt/portugal/indice+de+bem+estar-2578	2026-01-02
https://www.pordata.pt/portugal/indice+de+envelhecimento+dos+docentes+do+ensino+superior+total++por+subsistema+e+por+tipo+de+ensino-1013	2026-01-12
https://www.pordata.pt/portugal/indice+de+envelhecimento+dos+docentes+em+exercicio++nos+ensinos+pre+escolar++basico+e+secundario+por+nivel+de+ensino+++continente-944	2026-07-08
https://www.pordata.pt/portugal/indice+de+envelhecimento+e+outros+indicadores+de+envelhecimento+do+sexo+feminino-3372	2026-08-05
https://www.pordata.pt/portugal/indice+de+envelhecimento+e+outros+indicadores+de+envelhecimento+do+sexo+masculino-3373	2026-08-05
https://www.pordata.pt/portugal/indice+de+envelhecimento+e+outros+indicadores+de+envelhecimento-526	2026-08-05
https://www.pordata.pt/portugal/indice+de+gini+(percentagem)-2166	2026-02-04
https://www.pordata.pt/portugal/indice+de+hierarquia+de+gestao+dos+residuos+urbanos-3099	2025-12-19
https://www.pordata.pt/portugal/indices+bolsistas+psi+geral+e+psi+20-2944	2026-02-16
https://www.pordata.pt/portugal/individuos+com+16+e+mais+anos+que+utilizam+computador+e+internet+em+percentagem+do+total+de+individuos+por+condicao+perante+o+trabalho-1140	2025-11-28
https://www.pordata.pt/portugal/individuos+com+16+e+mais+anos+que+utilizam+computador+e+internet+em+percentagem+do+total+de+individuos+por+grupo+etario-1139	2025-11-28
https://www.pordata.pt/portugal/individuos+com+16+e+mais+anos+que+utilizam+computador+e+internet+em+percentagem+do+total+de+individuos+por+nivel+de+escolaridade+mais+elevado+completo-1141	2025-11-28
https://www.pordata.pt/portugal/individuos+com+16+e+mais+anos+que+utilizam+computador+e+internet+em+percentagem+do+total+de+individuos+por+sexo-1142	2025-11-28
https://www.pordata.pt/portugal/intensidade+carbonica+da+economia+por+setor+de+atividade-3477	2025-10-15
https://www.pordata.pt/portugal/invencoes+patentes+concessoes+da+via+nacional+a+residentes+em+portugal++total+e+por+tipo+de+requerente-1204	2026-05-12
https://www.pordata.pt/portugal/invencoes+patentes+de+nao+residentes+em+portugal+pedidos+e+concessoes+da+via+nacional-1206	2026-05-12
https://www.pordata.pt/portugal/invencoes+patentes+de+residentes+em+portugal+pedidos+e+concessoes+da+via+nacional++europeia+e+internacional-1279	2026-05-12
https://www.pordata.pt/portugal/investigadores+(eti)+em+atividades+de+investigacao+e+desenvolvimento+(i+d)+total+e+do+setor+empresas-775	2026-07-30
https://www.pordata.pt/portugal/investigadores+(eti)+em+atividades+de+investigacao+e+desenvolvimento+(i+d)+total+e+por+area+cientifica-1183	2026-01-06
https://www.pordata.pt/portugal/investigadores+(eti)+em+atividades+de+investigacao+e+desenvolvimento+(i+d)+total+e+por+setor+de+execucao-1095	2026-07-30
https://www.pordata.pt/portugal/investimento+das+empresas+total+e+por+dominios+de+gestao+e+protecao+do+ambiente-1102	2025-12-19
https://www.pordata.pt/portugal/investimento+formacao+bruta+de+capital+fixo+em+percentagem+do+pib-2833	2026-07-14
https://www.pordata.pt/portugal/investimento+formacao+bruta+de+capital+fixo+por+setor+institucional-2324	2026-03-26
https://www.pordata.pt/portugal/investimento+formacao+bruta+de+capital+fixo-2831	2026-03-26
https://www.pordata.pt/portugal/investimentos+efetuados+no+transporte+ferroviario+total++pelo+estado+e+pelas+empresas+ferroviarias+++continente-3113	2025-11-26
https://www.pordata.pt/portugal/investimentos+efetuados+no+transporte+metropolitano+++continente-3091	2025-11-26
https://www.pordata.pt/portugal/jornais+e+outras+publicacoes+periodicas+circulacao+total++exemplares+vendidos+e+exemplares+distribuidos+gratuitamente+por+tipo+de+publicacao-2239	2025-10-10
https://www.pordata.pt/portugal/jornais+e+outras+publicacoes+periodicas+edicoes++tiragem++circulacao+e+exemplares+vendidos-402	2025-10-10
https://www.pordata.pt/portugal/jornais+e+outras+publicacoes+periodicas+tiragem+e+circulacao+por+habitante-588	2026-08-05
https://www.pordata.pt/portugal/jornais+e+outras+publicacoes+periodicas+titulos+publicados+por+tipo+de+publicacao-1308	2025-10-10
https://www.pordata.pt/portugal/jornais+e+outras+publicacoes+periodicas+titulos+publicados-180	2022-10-17
https://www.pordata.pt/portugal/jornais+e+outras+publicacoes+periodicas+total+e+por+suporte+de+difusao-2240	2025-10-10
https://www.pordata.pt/portugal/julgados+de+paz+processos+entrados++findos+e+pendentes-1146	2026-05-29
https://www.pordata.pt/portugal/lagares+de+azeite+total+e+por+tipo+de+lagar+++continente-3439	2026-07-09
https://www.pordata.pt/portugal/levantamentos++consultas+e+pagamentos+de+servicos+nas+caixas+automaticas+multibanco-2946	2026-06-22
https://www.pordata.pt/portugal/limiar+de+risco+de+pobreza-2167	2025-12-12
https://www.pordata.pt/portugal/linhas+aereas+operadas+numero+e+extensao-3191	2025-11-27
https://www.pordata.pt/portugal/magistrados+judiciais+total+e+por+sexo-1703	2026-05-04
https://www.pordata.pt/portugal/magistrados+nos+tribunais+judiciais+e+advogados+por+100+mil+habitantes-627	2026-08-05
https://www.pordata.pt/portugal/maiorias+absolutas+nas+eleicoes+para+as+camaras+municipais+total+e+por+partido+politico+ou+coligacao-2195	2025-12-18
https://www.pordata.pt/portugal/mandatos+nas+eleicoes+para+a+assembleia+da+republica+deputados+do+sexo+feminino+em+percentagem+do+total++por+partido+politico-2261	2025-11-26
https://www.pordata.pt/portugal/mandatos+nas+eleicoes+para+a+assembleia+da+republica+deputados+do+sexo+feminino+por+partido+politico-2260	2025-11-26
https://www.pordata.pt/portugal/mandatos+nas+eleicoes+para+a+assembleia+da+republica+deputados+do+sexo+masculino+por+partido+politico-2259	2025-11-26
https://www.pordata.pt/portugal/mandatos+nas+eleicoes+para+a+assembleia+da+republica+total+e+por+partido+politico-2257	2025-11-24
https://www.pordata.pt/portugal/mandatos+nas+eleicoes+para+a+assembleia+da+republica+total+e+por+sexo-2258	2025-11-26
https://www.pordata.pt/portugal/mao+de+obra+agricola+total++a+tempo+completo+e+parcial-3438	2025-10-09
https://www.pordata.pt/portugal/mao+de+obra+agricola+total+e+por+grupo+etario-3435	2023-01-25
https://www.pordata.pt/portugal/mao+de+obra+agricola+total+e+por+nivel+de+instrucao-3436	2023-01-25
https://www.pordata.pt/portugal/mao+de+obra+agricola+total+e+por+sexo-3434	2023-01-25
https://www.pordata.pt/portugal/mao+de+obra+agricola+total+e+por+tipo-3437	2025-10-09
https://www.pordata.pt/portugal/media+de+idades+dos+novos+pensionistas+de+velhice+e+invalidez+da+seguranca+social+total+e+por+sexo-1121	2026-07-09
https://www.pordata.pt/portugal/media+global+dos+resultados+nas+provas+de+exame+do+ensino+basico+e+secundario-2496	2026-01-14
https://www.pordata.pt/portugal/medicos+e+outro+pessoal+de+saude+por+100+mil+habitantes-639	2026-08-05
https://www.pordata.pt/portugal/medicos+nao+especialistas+e+especialistas+por+especialidade-147	2026-07-29
https://www.pordata.pt/portugal/medicos+total+e+por+sexo-1966	2026-07-29
https://www.pordata.pt/portugal/menores+em+instituicoes+tutelares+total+e+por+grupo+etario-278	2026-02-18
https://www.pordata.pt/portugal/mercadorias+carregadas+e+descarregadas+por+via+maritima+total++nacional+e+internacional-3173	2025-11-24
https://www.pordata.pt/portugal/mercadorias+carregadas+pelas+empresas+de+transporte+rodoviario+total+e+por+principais+paises+de+destino+++continente-3105	2025-11-26
https://www.pordata.pt/portugal/mercadorias+carregadas+por+via+maritima+com+destino+internacional+total+e+por+pais+de+destino-3174	2025-11-24
https://www.pordata.pt/portugal/mercadorias+carregadas+por+via+maritima+total+e+por+principais+mercadorias-3176	2025-11-24
https://www.pordata.pt/portugal/mercadorias+descarregadas+pelas+empresas+de+transporte+rodoviario+total+e+por+principais+paises+de+origem+++continente-3106	2025-11-26
https://www.pordata.pt/portugal/mercadorias+descarregadas+por+via+maritima+provenientes+do+estrangeiro+total+e+por+pais+de+origem-3175	2025-11-24
https://www.pordata.pt/portugal/mercadorias+descarregadas+por+via+maritima+total+e+por+principais+mercadorias-3177	2025-11-24
https://www.pordata.pt/portugal/mercadorias+transportadas+no+sistema+ferroviario+total+e+por+principais+mercadorias+++continente+(1998+2007)-3118	2017-07-03
https://www.pordata.pt/portugal/mercadorias+transportadas+no+sistema+ferroviario+total+e+por+principais+mercadorias+++continente+(2008+)-3319	2025-11-26
https://www.pordata.pt/portugal/mercadorias+transportadas+no+sistema+ferroviario+total+e+por+tipo+de+trafego+++continente-3117	2025-11-26
https://www.pordata.pt/portugal/mercadorias+transportadas+pelas+empresas+de+transporte+rodoviario+total++nacional+e+internacional+++continente-3104	2025-10-24
https://www.pordata.pt/portugal/mercadorias+transportadas+pelas+empresas+de+transporte+rodoviario+total+e+por+principais+mercadorias+++continente-3107	2025-10-24
https://www.pordata.pt/portugal/mercadorias+transportadas+por+via+maritima+total++carregadas+e+descarregadas-3172	2026-07-08
https://www.pordata.pt/portugal/ministerio+publico+nos+tribunais+judiciais+processos+de+inquerito+registados+e+movimentados-249	2025-12-10
https://www.pordata.pt/portugal/ministerio+publico+nos+tribunais+judiciais+processos+entrados++findos+e+pendentes-3812	2025-12-10
https://www.pordata.pt/portugal/montantes+de+depositos+de+empresas+total+e+por+tipo-2849	2026-02-16
https://www.pordata.pt/portugal/montantes+de+depositos+de+particulares+total+e+por+tipo-2848	2026-02-16
https://www.pordata.pt/portugal/montantes+de+emprestimos+concedidos+no+ano+a+empresas+total+e+por+escalao+de+credito-2846	2026-02-16
https://www.pordata.pt/portugal/montantes+de+emprestimos+concedidos+no+ano+a+particulares+total+e+por+tipo+de+finalidade-2844	2026-02-16
https://www.pordata.pt/portugal/montantes+relativos+a+declaracoes+de+irc+com+valores+liquidos+negativos+total+e+por+setor+de+atividade+economica-316	2026-04-14
https://www.pordata.pt/portugal/montantes+relativos+a+declaracoes+de+irc+com+valores+liquidos+positivos+total+e+por+setor+de+atividade+economica-315	2026-04-14
https://www.pordata.pt/portugal/museus++jardins+zoologicos++botanicos+e+aquarios+numero+e+visitantes-1309	2026-05-29
https://www.pordata.pt/portugal/museus++jardins+zoologicos++botanicos+e+aquarios+por+100+mil+habitantes-585	2026-08-05
https://www.pordata.pt/portugal/museus++jardins+zoologicos++botanicos+e+aquarios+visitantes+escolares-179	2026-05-29
https://www.pordata.pt/portugal/museus++jardins+zoologicos++botanicos+e+aquarios+visitantes+por+mil+habitantes-655	2026-08-05
https://www.pordata.pt/portugal/museus++palacios+e+monumentos+da+direcao+geral+do+patrimonio+cultural+visitantes-388	2024-05-20
https://www.pordata.pt/portugal/musica++danca+e+variedades+espectadores+por+mil+habitantes-590	2026-08-05
https://www.pordata.pt/portugal/musica++danca+e+variedades+numero+medio+de+espectadores+por+sessao-595	2025-09-29
https://www.pordata.pt/portugal/musica++danca+e+variedades+sessoes+e+espectadores-181	2025-09-29
https://www.pordata.pt/portugal/nados+vivos+de+maes+residentes+em+portugal+fora+do+casamento+total+e+por+coabitacao+dos+pais-1435	2026-04-30
https://www.pordata.pt/portugal/nados+vivos+de+maes+residentes+em+portugal+total+e+de+pais+com+filhos+anteriores+nao+comuns-2575	2026-05-05
https://www.pordata.pt/portugal/nados+vivos+de+maes+residentes+em+portugal+total+e+fora+do+casamento-14	2026-04-30
https://www.pordata.pt/portugal/nados+vivos+de+maes+residentes+em+portugal+total+e+por+condicao+perante+o+trabalho+da+mae-3057	2026-05-05
https://www.pordata.pt/portugal/nados+vivos+de+maes+residentes+em+portugal+total+e+por+nacionalidade+da+mae-2512	2026-04-30
https://www.pordata.pt/portugal/nados+vivos+de+maes+residentes+em+portugal+total+e+por+nivel+de+escolaridade+completo+mais+elevado+da+mae-2513	2026-04-30
https://www.pordata.pt/portugal/nados+vivos+fora+do+casamento++com+coabitacao+e+sem+coabitacao+dos+pais+(percentagem)+-620	2026-04-30
https://www.pordata.pt/portugal/navios+de+cruzeiro+e+passageiros+transportados-3170	2025-11-24
https://www.pordata.pt/portugal/numero+de+bombeiros-1188	2025-12-15
https://www.pordata.pt/portugal/numero+de+dias+com+onda+de+calor-1337	2026-05-07
https://www.pordata.pt/portugal/numero+de+dias+sem+chuva-1071	2026-05-07
https://www.pordata.pt/portugal/numero+de+habitantes+por+medico+e+por+outro+pessoal+de+saude-640	2026-08-05
https://www.pordata.pt/portugal/numero+de+individuos+em+idade+ativa+por+idoso-735	2026-08-05
https://www.pordata.pt/portugal/numero+de+linhas+e+extensao+da+rede+de+transporte+metropolitano+++continente-3086	2025-11-26
https://www.pordata.pt/portugal/numero+de+sociedades+constituidas+por+escritura+publica+por+numero+de+sociedades+dissolvidas-697	2026-02-12
https://www.pordata.pt/portugal/numero+medio+de+passageiros+transportados+no+metropolitano+por+servico+realizado+++continente-3230	2025-11-26
https://www.pordata.pt/portugal/numero+medio+de+trabalhadores+por+greve+e+de+dias+de+trabalho+perdidos+por+trabalhador+em+greve+-771	2026-01-07
https://www.pordata.pt/portugal/obitos+de+residentes+em+portugal+do+sexo+feminino+total+e+por+grupo+etario-3497	2026-05-05
https://www.pordata.pt/portugal/obitos+de+residentes+em+portugal+do+sexo+masculino+total+e+por+grupo+etario-3496	2026-05-05
https://www.pordata.pt/portugal/obitos+de+residentes+em+portugal+por+algumas+causas+de+morte-156	2026-05-06
https://www.pordata.pt/portugal/obitos+de+residentes+em+portugal+total+e+no+primeiro+ano+de+vida-15	2026-04-30
https://www.pordata.pt/portugal/obitos+de+residentes+em+portugal+total+e+por+grupo+etario-3495	2026-04-30
https://www.pordata.pt/portugal/obitos+de+residentes+em+portugal+total+e+por+mes+de+morte-3499	2026-05-05
https://www.pordata.pt/portugal/obitos+de+residentes+em+portugal+total+e+por+sexo-3500	2026-04-30
https://www.pordata.pt/portugal/obitos+infantis+de+maes+residentes+em+portugal+perinatais+e+neonatais-155	2026-05-05
https://www.pordata.pt/portugal/obitos+maternos+de+residentes+em+portugal-154	2024-11-22
https://www.pordata.pt/portugal/obitos+por+algumas+causas+de+morte+(percentagem)-758	2026-05-06
https://www.pordata.pt/portugal/obitos+por+algumas+causas+de+morte+por+100+mil+habitantes-1987	2026-08-05
https://www.pordata.pt/portugal/ocupacao+efetiva+das+prisoes+(percentagem)-635	2026-05-29
https://www.pordata.pt/portugal/ofertas+de+emprego+(media+anual)+disponiveis+nos+centros+de+emprego+e+formacao+profissional+total+e+por+grandes+setores+de+atividade+economica+++continente-319	2026-03-05
https://www.pordata.pt/portugal/opera+espectadores+por+mil+habitantes-591	2026-08-05
https://www.pordata.pt/portugal/opera+numero+medio+de+espectadores+por+sessao-596	2025-09-29
https://www.pordata.pt/portugal/opera+sessoes+e+espectadores-182	2025-09-29
https://www.pordata.pt/portugal/organizacoes+nao+governamentais+de+ambiente+numero+e+associados-1091	2025-10-03
https://www.pordata.pt/portugal/parques+de+campismo+numero+e+capacidade-2606	2026-07-10
https://www.pordata.pt/portugal/partos+nos+hospitais+privados+total+e+por+tipo-1561	2026-06-08
https://www.pordata.pt/portugal/partos+nos+hospitais+publicos+e+hospitais+em+parceria+publico+privada+total+e+por+tipo-1514	2026-06-08
https://www.pordata.pt/portugal/partos+nos+hospitais+total+e+por+tipo-1509	2026-06-08
https://www.pordata.pt/portugal/passageiros+transportados+no+metropolitano+++continente-3089	2025-11-26
https://www.pordata.pt/portugal/passageiros+transportados+no+sistema+ferroviario+total+e+por+tipo+de+trafego+++continente-3116	2025-11-26
https://www.pordata.pt/portugal/passageiros+transportados+no+territorio+nacional+pelas+empresas+de+transporte+rodoviario+total+e+por+tipo+de+servico+++continente-3121	2025-11-17
https://www.pordata.pt/portugal/passageiros+transportados+pelas+empresas+de+transporte+rodoviario+total++nacional+e+internacional+++continente-3120	2025-11-17
https://www.pordata.pt/portugal/passageiros+transportados+por+via+aerea+total+e+por+continente+de+destino-3202	2025-11-26
https://www.pordata.pt/portugal/passageiros+transportados+por+via+aerea+total+e+por+continente+de+origem-3253	2026-01-12
https://www.pordata.pt/portugal/passageiros+transportados+por+via+maritima+total++embarcados+e+desembarcados-3169	2026-07-01
https://www.pordata.pt/portugal/peixe+capturado+total+e+por+principais+especies-3450	2026-05-28
https://www.pordata.pt/portugal/peixe+produzido+em+aquicultura+total+e+por+principais+especies-3454	2026-05-28
https://www.pordata.pt/portugal/pensionistas+de+invalidez+e+velhice+do+regime+geral+da+seguranca+social+com+pensoes+inferiores+ao+salario+minimo+nacional-2003	2026-07-09
https://www.pordata.pt/portugal/pensoes+da+seguranca+social+despesa+total+e+por+tipo-102	2025-11-25
https://www.pordata.pt/portugal/pensoes+da+seguranca+social+em+percentagem+do+pib+despesa+total+e+por+tipo-942	2026-07-14
https://www.pordata.pt/portugal/pensoes+da+seguranca+social+total++de+sobrevivencia++de+invalidez+e+de+velhice-96	2026-07-09
https://www.pordata.pt/portugal/pensoes+de+sobrevivencia+e+outras+da+caixa+geral+de+aposentacoes+total+e+por+escaloes+de+pensao-2131	2026-05-07
https://www.pordata.pt/portugal/pensoes+de+velhice+da+seguranca+social+e+reformados+aposentados+da+caixa+geral+de+aposentacoes+em+percentagem+da+populacao+ativa-704	2026-07-09
https://www.pordata.pt/portugal/pensoes+em+percentagem+da+populacao+residente+com+15+e+mais+anos+total++da+seguranca+social+e+da+caixa+geral+de+aposentacoes-718	2026-08-05
https://www.pordata.pt/portugal/pensoes+total++da+seguranca+social+e+da+caixa+geral+de+aposentacoes-851	2026-07-09
https://www.pordata.pt/portugal/peoes+atropelados+total+e+mortos+++continente-3095	2025-10-27
https://www.pordata.pt/portugal/pequenas+e+medias+empresas+em+percentagem+do+total+de+empresas+total+e+por+dimensao-2859	2025-12-22
https://www.pordata.pt/portugal/pequenas+e+medias+empresas+total+e+por+dimensao-2927	2025-12-22
https://www.pordata.pt/portugal/pequenas+e+medias+empresas+total+e+por+setor+de+atividade+economica-2928	2025-12-22
https://www.pordata.pt/portugal/pescadores+matriculados-3445	2024-05-23
https://www.pordata.pt/portugal/pessoal+(eti)+em+atividades+de+investigacao+e+desenvolvimento+(i+d)+total+e+do+setor+empresas-317	2026-07-30
https://www.pordata.pt/portugal/pessoal+ao+servico+nas+empresas+da+pesca+e+aquicultura-3443	2026-01-07
https://www.pordata.pt/portugal/pessoal+ao+servico+nas+empresas+nao+financeiras+total+e+por+escalao+de+pessoal+ao+servico-3005	2025-12-22
https://www.pordata.pt/portugal/pessoal+ao+servico+nas+empresas+total+e+por+dimensao-2896	2025-12-18
https://www.pordata.pt/portugal/pessoal+ao+servico+nas+empresas+total+e+por+forma+juridica-2894	2025-12-18
https://www.pordata.pt/portugal/pessoal+ao+servico+nas+empresas+total+e+por+setor+de+atividade+economica-2895	2025-12-22
https://www.pordata.pt/portugal/pessoal+ao+servico+nas+empresas+total-2893	2025-12-22
https://www.pordata.pt/portugal/pessoal+ao+servico+nas+pequenas+e+medias+empresas-2931	2025-12-22
https://www.pordata.pt/portugal/pessoal+ao+servico+nas+policias+e+outros+organismos+de+apoio+a+investigacao-276	2026-02-18
https://www.pordata.pt/portugal/pessoal+ao+servico+nas+policias+por+100+mil+habitantes-2039	2026-08-05
https://www.pordata.pt/portugal/pessoal+ao+servico+nas+transportadoras+aereas+e+empresas+aeroportuarias+total+e+por+tipo-3195	2025-11-27
https://www.pordata.pt/portugal/pessoal+ao+servico+no+transporte+ferroviario+++continente-3112	2025-11-26
https://www.pordata.pt/portugal/pessoal+ao+servico+no+transporte+metropolitano+++continente-3092	2025-11-26
https://www.pordata.pt/portugal/pessoal+ao+servico+nos+alojamentos+turisticos+total+e+por+tipo+de+estabelecimento+(1966+2018)-2627	2022-08-26
https://www.pordata.pt/portugal/pessoal+ao+servico+nos+tribunais+judiciais-404	2026-05-05
https://www.pordata.pt/portugal/pessoal+total+(eti)+em+atividades+de+investigacao+e+desenvolvimento+(i+d)+total+e+por+setor+de+execucao-1096	2026-07-30
https://www.pordata.pt/portugal/pessoal+total+e+investigadores+em+atividades+de+investigacao+e+desenvolvimento+(i+d)+equivalente+a+tempo+integral+por+1000+ativos++-1097	2026-07-30
https://www.pordata.pt/portugal/pib+na+otica+da+despesa-2283	2026-03-26
https://www.pordata.pt/portugal/pib+na+otica+da+producao-2280	2026-03-26
https://www.pordata.pt/portugal/pib+na+otica+do+rendimento-2282	2026-03-26
https://www.pordata.pt/portugal/pib+per+capita-2297	2026-03-26
https://www.pordata.pt/portugal/policia+judiciaria+processos+entrados++findos+e+pendentes-252	2026-05-04
https://www.pordata.pt/portugal/populacao+ativa+do+sexo+feminino+total+e+por+nivel+de+escolaridade+completo-2589	2026-02-06
https://www.pordata.pt/portugal/populacao+ativa+do+sexo+masculino+total+e+por+nivel+de+escolaridade+completo-2588	2026-02-06
https://www.pordata.pt/portugal/populacao+ativa+por+inativa-2382	2026-02-05
https://www.pordata.pt/portugal/populacao+ativa+por+pensionista+de+velhice+da+seguranca+social+e+reformado+aposentado+da+caixa+geral+de+aposentacoes-2381	2026-07-09
https://www.pordata.pt/portugal/populacao+ativa+total+e+por+grupo+etario-29	2026-02-05
https://www.pordata.pt/portugal/populacao+ativa+total+e+por+nivel+de+escolaridade+completo-1008	2026-02-06
https://www.pordata.pt/portugal/populacao+ativa+total+e+por+sexo-28	2026-02-05
https://www.pordata.pt/portugal/populacao+desempregada+a+procura+de+novo+emprego+total+e+por+sexo-438	2026-02-04
https://www.pordata.pt/portugal/populacao+desempregada+do+sexo+feminino+total+e+por+duracao+da+procura+de+emprego+-41	2026-02-05
https://www.pordata.pt/portugal/populacao+desempregada+do+sexo+feminino+total+e+por+nivel+de+escolaridade+completo+-55	2026-02-06
https://www.pordata.pt/portugal/populacao+desempregada+do+sexo+feminino+total+e+por+tipo+de+desemprego+-42	2026-02-04
https://www.pordata.pt/portugal/populacao+desempregada+do+sexo+masculino+total+e+por+duracao+da+procura+de+emprego-43	2026-02-05
https://www.pordata.pt/portugal/populacao+desempregada+do+sexo+masculino+total+e+por+nivel+de+escolaridade+completo-54	2026-02-06
https://www.pordata.pt/portugal/populacao+desempregada+do+sexo+masculino+total+e+por+tipo+de+desemprego-359	2026-02-04
https://www.pordata.pt/portugal/populacao+desempregada+ha+1+ano+ou+mais+total+e+por+grupo+etario-3246	2026-02-24
https://www.pordata.pt/portugal/populacao+desempregada+total+e+ha+25+meses+ou+mais-2809	2026-02-05
https://www.pordata.pt/portugal/populacao+desempregada+total+e+por+duracao+da+procura+de+emprego-360	2026-02-05
https://www.pordata.pt/portugal/populacao+desempregada+total+e+por+grupo+etario-40	2026-02-05
https://www.pordata.pt/portugal/populacao+desempregada+total+e+por+nivel+de+escolaridade+completo+-53	2026-02-06
https://www.pordata.pt/portugal/populacao+desempregada+total+e+por+sexo-38	2026-02-05
https://www.pordata.pt/portugal/populacao+desempregada+total+e+por+tipo+de+desemprego+-358	2026-02-04
https://www.pordata.pt/portugal/populacao+empregada+do+sexo+feminino+em+percentagem+da+populacao+empregada+total+e+por+situacao+na+profissao+principal-826	2026-02-09
https://www.pordata.pt/portugal/populacao+empregada+do+sexo+feminino+total+e+a+tempo+completo+e+parcial-355	2026-02-10
https://www.pordata.pt/portugal/populacao+empregada+do+sexo+feminino+total+e+por+grandes+setores+de+atividade+economica-33	2026-02-09
https://www.pordata.pt/portugal/populacao+empregada+do+sexo+feminino+total+e+por+situacao+na+profissao+principal-37	2026-02-09
https://www.pordata.pt/portugal/populacao+empregada+do+sexo+masculino+total+e+a+tempo+completo+e+parcial-357	2026-02-10
https://www.pordata.pt/portugal/populacao+empregada+do+sexo+masculino+total+e+por+grandes+setores+de+atividade+economica-34	2026-02-09
https://www.pordata.pt/portugal/populacao+empregada+do+sexo+masculino+total+e+por+situacao+na+profissao+principal-36	2026-02-09
https://www.pordata.pt/portugal/populacao+empregada+total+e+a+tempo+completo+e+parcial+-356	2026-02-09
https://www.pordata.pt/portugal/populacao+empregada+total+e+por+grandes+setores+de+atividade+economica-32	2026-02-04
https://www.pordata.pt/portugal/populacao+empregada+total+e+por+grupo+etario-31	2026-02-05
https://www.pordata.pt/portugal/populacao+empregada+total+e+por+nivel+de+escolaridade+completo-1388	2026-02-06
https://www.pordata.pt/portugal/populacao+empregada+total+e+por+profissoes-3385	2026-02-09
https://www.pordata.pt/portugal/populacao+empregada+total+e+por+setor+de+atividade+economica-3384	2026-02-09
https://www.pordata.pt/portugal/populacao+empregada+total+e+por+sexo-30	2026-02-05
https://www.pordata.pt/portugal/populacao+empregada+total+e+por+situacao+na+profissao+principal+-35	2026-02-06
https://www.pordata.pt/portugal/populacao+estrangeira+com+estatuto+legal+de+residente+total+e+por+algumas+nacionalidades-24	2024-09-20
https://www.pordata.pt/portugal/populacao+estrangeira+com+estatuto+legal+de+residente+total+e+por+sexo-25	2024-09-20
https://www.pordata.pt/portugal/populacao+estrangeira+com+permanencia+regular+total+e+por+sexo-623	2025-11-28
https://www.pordata.pt/portugal/populacao+estrangeira+residente+total+e+por+enquadramento+legal-1995	2024-09-20
https://www.pordata.pt/portugal/populacao+inativa+com+16+e+mais+anos+total+e+por+condicao+perante+o+trabalho+e+sexo-784	2026-02-05
https://www.pordata.pt/portugal/populacao+inativa+com+16+e+mais+anos+total+e+por+sexo-778	2026-02-05
https://www.pordata.pt/portugal/populacao+inativa+total+e+por+grupo+etario-783	2026-02-05
https://www.pordata.pt/portugal/populacao+media+anual+residente+do+sexo+feminino+total+e+por+grupo+etario-11	2026-08-05
https://www.pordata.pt/portugal/populacao+media+anual+residente+do+sexo+masculino+total+e+por+grupo+etario-12	2026-08-05
https://www.pordata.pt/portugal/populacao+media+anual+residente+total+e+por+grupo+etario-10	2026-08-05
https://www.pordata.pt/portugal/populacao+media+anual+residente+total+e+por+sexo-6	2026-08-05
https://www.pordata.pt/portugal/populacao+residente++estimativas+a+31+de+dezembro+total+e+por+grupo+etario-7	2026-08-04
https://www.pordata.pt/portugal/populacao+residente++estimativas+a+31+de+dezembro+total+e+por+sexo-5	2026-06-22
https://www.pordata.pt/portugal/populacao+residente+com+16+a+64+anos+e+65+a+89+anos+por+nivel+de+escolaridade+completo+mais+elevado+(percentagem)-2266	2026-02-05
https://www.pordata.pt/portugal/populacao+residente+com+16+a+64+anos+e+65+a+89+anos+por+nivel+de+escolaridade+completo+mais+elevado-332	2026-02-05
https://www.pordata.pt/portugal/populacao+residente+com+30+a+34+anos+com+o+ensino+superior+completo+em+percentagem+da+populacao+residente+total+e+por+sexo-3512	2026-02-04
https://www.pordata.pt/portugal/populacao+residente+com+65+e+mais+anos+total+e+por+grupo+etario-3508	2026-06-24
https://www.pordata.pt/portugal/populacao+residente+com+idade+entre+16+e+89+anos+por+nivel+de+escolaridade+completo+mais+elevado+(percentagem)-884	2026-08-05
https://www.pordata.pt/portugal/populacao+residente+com+idade+entre+16+e+89+anos+por+nivel+de+escolaridade+completo+mais+elevado+total+e+por+sexo-333	2026-02-05
https://www.pordata.pt/portugal/populacao+residente+com+idade+entre+16+e+89+anos+total+e+por+nivel+de+escolaridade+completo+mais+elevado-2101	2026-02-05
https://www.pordata.pt/portugal/populacao+residente+do+sexo+feminino++estimativas+a+31+de+dezembro+total+e+por+grupo+etario-8	2026-08-05
https://www.pordata.pt/portugal/populacao+residente+do+sexo+feminino+com+16+a+64+anos+e+65+a+89+anos+por+nivel+de+escolaridade+completo+mais+elevado-195	2026-02-05
https://www.pordata.pt/portugal/populacao+residente+do+sexo+feminino+com+65+e+mais+anos+total+e+por+grupo+etario-3510	2026-06-24
https://www.pordata.pt/portugal/populacao+residente+do+sexo+feminino+com+idade+entre+16+e+89+anos+por+nivel+de+escolaridade+completo+mais+elevado+(percentagem)-885	2026-02-05
https://www.pordata.pt/portugal/populacao+residente+do+sexo+feminino+com+idade+entre+16+e+89+anos+total+e+por+nivel+de+escolaridade+completo+mais+elevado-2103	2026-02-05
https://www.pordata.pt/portugal/populacao+residente+do+sexo+feminino+total+e+por+grandes+grupos+etarios-519	2026-08-05
https://www.pordata.pt/portugal/populacao+residente+do+sexo+masculino++estimativas+a+31+de+dezembro+total+e+por+grupo+etario-9	2026-08-05
https://www.pordata.pt/portugal/populacao+residente+do+sexo+masculino+com+16+a+64+anos+e+65+a+89+anos+por+nivel+de+escolaridade+completo+mais+elevado-196	2026-02-05
https://www.pordata.pt/portugal/populacao+residente+do+sexo+masculino+com+65+e+mais+anos+total+e+por+grupo+etario-3509	2026-06-24
https://www.pordata.pt/portugal/populacao+residente+do+sexo+masculino+com+idade+entre+16+e+89+anos+por+nivel+de+escolaridade+completo+mais+elevado+(percentagem)-886	2026-02-05
https://www.pordata.pt/portugal/populacao+residente+do+sexo+masculino+com+idade+entre+16+e+89+anos+total+e+por+nivel+de+escolaridade+completo+mais+elevado-2102	2026-02-05
https://www.pordata.pt/portugal/populacao+residente+do+sexo+masculino+total+e+por+grandes+grupos+etarios-518	2026-08-05
https://www.pordata.pt/portugal/populacao+residente+em+idade+ativa+total+e+por+grupos+etarios-3245	2026-08-05
https://www.pordata.pt/portugal/populacao+residente+estrangeira+que+adquiriu+nacionalidade+portuguesa+total+e+por+grupo+etario-3251	2025-11-17
https://www.pordata.pt/portugal/populacao+residente+estrangeira+que+adquiriu+nacionalidade+portuguesa+total+e+por+motivo+de+aquisicao-3252	2025-11-17
https://www.pordata.pt/portugal/populacao+residente+estrangeira+que+adquiriu+nacionalidade+portuguesa+total+e+por+principais+nacionalidades+anteriores-3249	2025-11-17
https://www.pordata.pt/portugal/populacao+residente+estrangeira+que+adquiriu+nacionalidade+portuguesa+total+e+por+sexo-3250	2025-11-17
https://www.pordata.pt/portugal/populacao+residente+que+viajou+em+turismo+em+percentagem+da+populacao+residente+total+e+por+destino+da+viagem-2619	2026-08-05
https://www.pordata.pt/portugal/populacao+residente+que+viajou+em+turismo+em+percentagem+da+populacao+residente+total+e+por+grupo+etario-2814	2026-08-05
https://www.pordata.pt/portugal/populacao+residente+que+viajou+em+turismo+total+e+por+condicao+perante+o+trabalho++(percentagem)-2617	2026-07-10
https://www.pordata.pt/portugal/populacao+residente+que+viajou+em+turismo+total+e+por+destino+da+viagem-2616	2026-07-13
https://www.pordata.pt/portugal/populacao+residente+que+viajou+em+turismo+total+e+por+grupo+etario-2561	2026-07-10
https://www.pordata.pt/portugal/populacao+residente+que+viajou+em+turismo+total+e+por+nivel+de+instrucao+(percentagem)-2618	2026-07-10
https://www.pordata.pt/portugal/populacao+residente+que+viajou+em+turismo+total+e+por+sexo-2560	2026-07-10
https://www.pordata.pt/portugal/populacao+residente+total+e+por+grandes+grupos+etarios+(percentagem)-3018	2026-08-05
https://www.pordata.pt/portugal/populacao+residente+total+e+por+grandes+grupos+etarios-513	2026-08-05
https://www.pordata.pt/portugal/posicao+de+investimento+internacional+ativos+e+passivos+financeiros+face+ao+estrangeiro+em+percentagem+do+pib-2374	2026-03-24
https://www.pordata.pt/portugal/posicao+de+investimento+internacional+ativos+e+passivos+financeiros+face+ao+estrangeiro-2373	2026-02-19
https://www.pordata.pt/portugal/postos+acessos+telefonicos+por+mil+habitantes-1200	2026-08-05
https://www.pordata.pt/portugal/postos+telefonicos+analogicos+total++publicos+e+principais-1179	2026-06-09
https://www.pordata.pt/portugal/potencial+de+acidificacao+total++das+atividades+economicas+e+das+familias-1073	2025-10-16
https://www.pordata.pt/portugal/potencial+de+acidificacao+total+e+por+alguns+setores+de+atividade+economica-1080	2025-10-16
https://www.pordata.pt/portugal/potencial+de+efeito+de+estufa+na+agricultura-3351	2025-10-15
https://www.pordata.pt/portugal/potencial+de+efeito+de+estufa+total++das+atividades+economicas+e+das+familias-1072	2025-10-15
https://www.pordata.pt/portugal/potencial+de+efeito+de+estufa+total+e+por+alguns+setores+de+atividade+economica-1077	2025-10-15
https://www.pordata.pt/portugal/poupanca+das+familias-2323	2026-05-11
https://www.pordata.pt/portugal/poupanca+e+ordenados+salarios+no+total+do+rendimento+disponivel+das+familias(percentagem)-710	2026-05-11
https://www.pordata.pt/portugal/pousadas+de+juventude+numero+e+capacidade+de+alojamento-2566	2026-07-10
https://www.pordata.pt/portugal/praticantes+desportivos+federados+por+mil+habitantes-2237	2026-08-05
https://www.pordata.pt/portugal/praticantes+desportivos+federados+total+e+por+escalao+etario-2228	2026-07-22
https://www.pordata.pt/portugal/praticantes+desportivos+federados+total+e+por+sexo-2229	2026-07-22
https://www.pordata.pt/portugal/praticantes+desportivos+federados+total+e+por+todas+as+federacoes+desportivas-2227	2026-07-22
https://www.pordata.pt/portugal/precipitacao+do+mes+com+maior+precipitacao-1338	2026-05-07
https://www.pordata.pt/portugal/precipitacao+total-1070	2026-05-07
https://www.pordata.pt/portugal/precos+medios+de+venda+ao+publico+dos+combustiveis+liquidos+e+gasosos+++continente-1265	2026-03-09
https://www.pordata.pt/portugal/presidentes+da+camara+total+e+por+partido+politico+ou+coligacao-2194	2025-12-18
https://www.pordata.pt/portugal/prestacoes+de+desemprego+da+seguranca+social+despesa+total++subsidio+de+desemprego+e+subsidio+social+de+desemprego-104	2026-02-19
https://www.pordata.pt/portugal/prestacoes+de+desemprego+da+seguranca+social+total+de+subsidios++subsidio+de+desemprego+e+subsidio+social+de+desemprego-381	2026-06-01
https://www.pordata.pt/portugal/prestacoes+familiares+da+seguranca+social-122	2026-06-01
https://www.pordata.pt/portugal/prisoes+total+e+lotacao-270	2026-05-29
https://www.pordata.pt/portugal/processos+entrados++findos+e+pendentes+por+advogado-742	2026-05-29
https://www.pordata.pt/portugal/processos+entrados++findos+e+pendentes+por+magistrado+judicial-630	2026-05-05
https://www.pordata.pt/portugal/processos+entrados+e+findos+por+tribunal+judicial-629	2026-05-05
https://www.pordata.pt/portugal/processos+findos+de+adocao+plena+total+e+por+duracao-1428	2026-02-18
https://www.pordata.pt/portugal/processos+findos+de+adocao-1426	2026-02-18
https://www.pordata.pt/portugal/producao+bruta+de+energia+eletrica+total+e+por+tipo+de+producao+de+energia+eletrica-1126	2025-10-20
https://www.pordata.pt/portugal/producao+das+principais+culturas+agricolas-3357	2026-08-03
https://www.pordata.pt/portugal/producao+de+azeite+total+e+por+tipo+de+lagar+++continente-3441	2026-07-09
https://www.pordata.pt/portugal/producao+de+azeitona+++continente-3362	2026-07-09
https://www.pordata.pt/portugal/producao+de+energia+eletrica+a+partir+de+fontes+renovaveis+(percentagem)-1232	2025-10-20
https://www.pordata.pt/portugal/producao+de+energia+eletrica+total+e+a+partir+de+fontes+renovaveis-1127	2025-10-20
https://www.pordata.pt/portugal/producao+de+vinho+por+cor-3364	2026-04-14
https://www.pordata.pt/portugal/produtividade+aparente+do+trabalho+total+e+por+ramo+de+atividade-2303	2026-06-26
https://www.pordata.pt/portugal/produtividade+das+principais+culturas+agricolas-3361	2026-08-03
https://www.pordata.pt/portugal/produtividade+do+trabalho-2817	2026-03-24
https://www.pordata.pt/portugal/produto+interno+bruto+(pib)-130	2026-03-26
https://www.pordata.pt/portugal/produtores+agricolas+singulares+total+e+por+grupo+etario-3424	2025-10-09
https://www.pordata.pt/portugal/produtores+agricolas+singulares+total+e+por+sexo-3422	2025-10-09
https://www.pordata.pt/portugal/profissionais+de+saude+medicos++dentistas++odontologistas++enfermeiros+e+farmaceuticos-144	2026-07-29
https://www.pordata.pt/portugal/provedoria+de+justica+processos+entrados++findos+e+pendentes-872	2026-05-29
https://www.pordata.pt/portugal/proveitos+totais+dos+alojamentos+turisticos+total+e+por+tipo+de+estabelecimento-2584	2026-07-09
https://www.pordata.pt/portugal/publicacoes+cientificas+numero++publicacoes+citadas+e+citacoes-1996	2025-10-07
https://www.pordata.pt/portugal/publicacoes+cientificas+por+100+mil+habitantes-1196	2026-08-05
https://www.pordata.pt/portugal/publicacoes+cientificas+por+area+cientifica+++contagem+global-1137	2025-10-07
https://www.pordata.pt/portugal/publicacoes+cientificas+total+e+em+coautoria+com+instituicoes+de+outros+paises-1134	2025-10-07
https://www.pordata.pt/portugal/publicacoes+cientificas+total+e+por+tipo+de+documento-1154	2025-10-07
https://www.pordata.pt/portugal/quadro+resumo/portugal-827713	
https://www.pordata.pt/portugal/qualidade+da+agua+para+consumo+humano-1122	2025-10-02
https://www.pordata.pt/portugal/qualidade+das+aguas+balneares+costeiras+e+de+transicao+estuarinas+(percentagem)-1215	2025-10-23
https://www.pordata.pt/portugal/qualidade+das+aguas+balneares+interiores+(percentagem)-1216	2025-10-23
https://www.pordata.pt/portugal/quartos+nos+alojamentos+turisticos+total+e+por+tipo+de+estabelecimento-2564	2026-07-09
https://www.pordata.pt/portugal/receitas+da+seguranca+social+em+percentagem+do+pib-766	2026-07-14
https://www.pordata.pt/portugal/receitas+da+seguranca+social+total+e+por+tipo-123	2026-02-19
https://www.pordata.pt/portugal/receitas+das+administracoes+publicas+em+percentagem+do+pib+total++correntes+e+de+capital-2802	2026-03-27
https://www.pordata.pt/portugal/receitas+das+administracoes+publicas+total++correntes+e+de+capital-2795	2026-03-27
https://www.pordata.pt/portugal/receitas+das+administracoes+publicas+total+e+por+classificacao+economica-2796	2026-07-23
https://www.pordata.pt/portugal/receitas+do+peixe+vendido+em+lota+total+e+por+principais+especies-3452	2026-05-28
https://www.pordata.pt/portugal/receitas+do+transporte+metropolitano+++continente-3090	2025-11-26
https://www.pordata.pt/portugal/receitas+fiscais+e+contribuicoes+sociais+das+administracoes+publicas-3749	2026-04-16
https://www.pordata.pt/portugal/recenseados+residentes+em+portugal+total+e+por+grupo+etario-2252	2026-03-16
https://www.pordata.pt/portugal/recenseados+residentes+em+portugal+total+e+por+sexo-2251	2026-03-16
https://www.pordata.pt/portugal/recenseados+total++por+nacionalidade+e+por+residencia-2250	2026-03-05
https://www.pordata.pt/portugal/recintos+culturais+numero+e+lotacao-185	2026-07-01
https://www.pordata.pt/portugal/reclusos+condenados+total+e+por+categoria+de+crime-274	2026-05-29
https://www.pordata.pt/portugal/reclusos+saidos+total+e+por+principais+motivos-275	2026-05-29
https://www.pordata.pt/portugal/reclusos+total+e+em+prisao+preventiva-269	2026-05-29
https://www.pordata.pt/portugal/reclusos+total+e+por+grupo+etario-272	2026-05-29
https://www.pordata.pt/portugal/reclusos+total+e+por+nivel+de+instrucao+completo-273	2026-05-29
https://www.pordata.pt/portugal/reclusos+total+e+por+sexo-271	2026-05-29
https://www.pordata.pt/portugal/rede+de+bibliotecas+escolares+investimento-2000	2025-10-27
https://www.pordata.pt/portugal/rede+de+bibliotecas+escolares+numero+de+bibliotecas+escolares+por+subsistema+de+ensino-1999	2025-10-27
https://www.pordata.pt/portugal/reformados+e+aposentados+da+caixa+geral+de+aposentacoes+total+e+por+escaloes+de+pensao-2129	2026-05-07
https://www.pordata.pt/portugal/registos+de+titulos+no+ambito+do+deposito+legal-984	2026-07-16
https://www.pordata.pt/portugal/relacao+de+masculinidade+da+populacao+empregada+por+setor+de+atividade+economica-551	2026-02-09
https://www.pordata.pt/portugal/relacao+de+masculinidade+total+e+por+grupo+etario-2751	2026-08-05
https://www.pordata.pt/portugal/relacao+de+masculinidade-621	2026-08-05
https://www.pordata.pt/portugal/remessas+de+emigrantes++imigrantes+e+saldo+em+percentagem+do+pib-2366	2026-03-26
https://www.pordata.pt/portugal/remessas+de+emigrantes++imigrantes+e+saldo-2365	2026-02-19
https://www.pordata.pt/portugal/remessas+de+emigrantes+total+e+por+principais+paises+de+origem-2367	2026-02-19
https://www.pordata.pt/portugal/remessas+de+imigrantes+total+e+por+principais+paises+de+destino-2368	2026-02-20
https://www.pordata.pt/portugal/remuneracao+anual+dos+empregados+da+agricultura-3377	2025-12-17
https://www.pordata.pt/portugal/remuneracao+base+media+mensal+dos+trabalhadores+do+sexo+feminino+por+conta+de+outrem+total+e+por+nivel+de+qualificacao-893	2026-01-05
https://www.pordata.pt/portugal/remuneracao+base+media+mensal+dos+trabalhadores+do+sexo+feminino+por+conta+de+outrem+total+e+por+setor+de+atividade+economica-369	2026-01-05
https://www.pordata.pt/portugal/remuneracao+base+media+mensal+dos+trabalhadores+do+sexo+masculino+por+conta+de+outrem+total+e+por+nivel+de+qualificacao-892	2026-01-05
https://www.pordata.pt/portugal/remuneracao+base+media+mensal+dos+trabalhadores+do+sexo+masculino+por+conta+de+outrem+total+e+por+setor+de+atividade+economica-368	2026-01-05
https://www.pordata.pt/portugal/remuneracao+base+media+mensal+dos+trabalhadores+por+conta+de+outrem+da+administracao+publica++defesa+e+seguranca+social+obrigatoria+total+e+por+nivel+de+qualificacao-451	2025-12-30
https://www.pordata.pt/portugal/remuneracao+base+media+mensal+dos+trabalhadores+por+conta+de+outrem+da+agricultura++pesca+e+floresta+total+e+por+nivel+de+qualificacao-440	2025-12-30
https://www.pordata.pt/portugal/remuneracao+base+media+mensal+dos+trabalhadores+por+conta+de+outrem+da+agricultura+e+pesca+total+e+por+nivel+de+qualificacao-3413	2025-12-30
https://www.pordata.pt/portugal/remuneracao+base+media+mensal+dos+trabalhadores+por+conta+de+outrem+da+construcao+total+e+por+nivel+de+qualificacao-444	2025-12-30
https://www.pordata.pt/portugal/remuneracao+base+media+mensal+dos+trabalhadores+por+conta+de+outrem+da+educacao+total+e+por+nivel+de+qualificacao-449	2025-12-30
https://www.pordata.pt/portugal/remuneracao+base+media+mensal+dos+trabalhadores+por+conta+de+outrem+da+eletricidade++gas+e+agua+total+e+por+nivel+de+qualificacao-443	2025-12-30
https://www.pordata.pt/portugal/remuneracao+base+media+mensal+dos+trabalhadores+por+conta+de+outrem+da+saude+humana+e+apoio+social+total+e+por+nivel+de+qualificacao-450	2025-12-30
https://www.pordata.pt/portugal/remuneracao+base+media+mensal+dos+trabalhadores+por+conta+de+outrem+das+atividades+financeiras+e+de+seguros+total+e+por+nivel+de+qualificacao-448	2025-12-30
https://www.pordata.pt/portugal/remuneracao+base+media+mensal+dos+trabalhadores+por+conta+de+outrem+das+industrias+extrativas+total+e+por+nivel+de+qualificacao-441	2025-12-30
https://www.pordata.pt/portugal/remuneracao+base+media+mensal+dos+trabalhadores+por+conta+de+outrem+das+industrias+transformadoras+total+e+por+nivel+de+qualificacao-442	2025-12-30
https://www.pordata.pt/portugal/remuneracao+base+media+mensal+dos+trabalhadores+por+conta+de+outrem+do+alojamento+e+restauracao+total+e+por+nivel+de+qualificacao-446	2025-12-30
https://www.pordata.pt/portugal/remuneracao+base+media+mensal+dos+trabalhadores+por+conta+de+outrem+do+comercio+por+grosso+e+a+retalho+total+e+por+nivel+de+qualificacao-445	2025-12-30
https://www.pordata.pt/portugal/remuneracao+base+media+mensal+dos+trabalhadores+por+conta+de+outrem+dos+transportes+e+armazenagem+total+e+por+nivel+de+qualificacao-447	2025-12-30
https://www.pordata.pt/portugal/remuneracao+base+media+mensal+dos+trabalhadores+por+conta+de+outrem+total+e+por+nivel+de+qualificacao-374	2026-01-05
https://www.pordata.pt/portugal/remuneracao+base+media+mensal+dos+trabalhadores+por+conta+de+outrem+total+e+por+setor+de+atividade+economica-363	2026-01-05
https://www.pordata.pt/portugal/remuneracao+base+media+mensal+dos+trabalhadores+por+conta+de+outrem+total+e+por+sexo-367	2026-01-05
https://www.pordata.pt/portugal/remuneracoes+dos+empregados-2404	2026-03-26
https://www.pordata.pt/portugal/remuneracoes+maximas+mensais+das+carreiras+especiais+das+administracoes+publicas-496	2025-11-04
https://www.pordata.pt/portugal/remuneracoes+minimas+e+maximas+mensais+das+carreiras+gerais+das+administracoes+publicas-494	2025-11-04
https://www.pordata.pt/portugal/remuneracoes+minimas+mensais+das+carreiras+especiais+das+administracoes+publicas-495	2025-11-04
https://www.pordata.pt/portugal/rendimento+disponivel+bruto+das+familias-2407	2026-05-11
https://www.pordata.pt/portugal/rendimento+disponivel+bruto+total+e+por+setor+institucional-2380	2026-03-27
https://www.pordata.pt/portugal/rendimento+e+poupanca+das+familias-78	2026-05-11
https://www.pordata.pt/portugal/rendimento+empresarial+liquido+da+agricultura-3381	2026-04-07
https://www.pordata.pt/portugal/rendimento+medio+anual+liquido+dos+agregados+domesticos+privados+por+categoria+socio+economica+(1980+2000)-82	2015-06-26
https://www.pordata.pt/portugal/rendimento+medio+por+quarto+nos+alojamentos+turisticos+total+e+por+tipo+de+estabelecimento-2633	2026-07-09
https://www.pordata.pt/portugal/rendimento+nacional+bruto+e+rendimento+disponivel+bruto+em+percentagem+do+pib-2942	2026-03-26
https://www.pordata.pt/portugal/rendimento+nacional+bruto+e+rendimento+disponivel+bruto-2379	2026-03-26
https://www.pordata.pt/portugal/rendimentos+medios+declarados+das+empresas+total+e+por+setor+de+atividade+economica-699	2026-04-14
https://www.pordata.pt/portugal/residuos+urbanos+de+recolha+indiferenciada+e+seletiva-1104	2025-11-17
https://www.pordata.pt/portugal/residuos+urbanos+recolhidos+por+habitante+total+e+seletivamente-1229	2026-08-05
https://www.pordata.pt/portugal/residuos+urbanos+recolhidos+seletivamente+ou+reciclados+(percentagem)-1228	2025-12-19
https://www.pordata.pt/portugal/residuos+urbanos+total+e+por+tipo+de+operacao+de+destino-1105	2025-12-19
https://www.pordata.pt/portugal/resultados+nas+eleicoes+para+a+assembleia+da+republica+eleitos+por+partido+politico+ou+coligacao-2241	2025-11-26
https://www.pordata.pt/portugal/resultados+nas+eleicoes+para+a+assembleia+legislativa+da+regiao+autonoma+da+madeira+eleitos+por+partido+politico+ou+coligacao-2245	2025-11-26
https://www.pordata.pt/portugal/resultados+nas+eleicoes+para+a+assembleia+legislativa+da+regiao+autonoma+dos+acores+eleitos+por+partido+politico+ou+coligacao-2249	2024-02-05
https://www.pordata.pt/portugal/resultados+nas+eleicoes+para+as+camaras+municipais+eleitos+por+partido+politico+ou+coligacao-2193	2025-12-18
https://www.pordata.pt/portugal/resultados+nas+eleicoes+para+o+parlamento+europeu+eleitos+por+partido+politico+ou+coligacao-2206	2024-06-26
https://www.pordata.pt/portugal/resultados+no+pisa++a+matematica++dos+alunos+residentes+em+portugal-3514	2023-12-06
https://www.pordata.pt/portugal/resultados+no+pisa++em+ciencias++dos+alunos+residentes+em+portugal-3515	2023-12-05
https://www.pordata.pt/portugal/resultados+no+pisa++em+leitura++dos+alunos+residentes+em+portugal-3513	2023-12-05
https://www.pordata.pt/portugal/salario+medio+mensal+dos+trabalhadores+por+conta+de+outrem+da+administracao+publica++defesa+e+seguranca+social+obrigatoria+remuneracao+base+e+ganho+por+sexo-906	2026-01-06
https://www.pordata.pt/portugal/salario+medio+mensal+dos+trabalhadores+por+conta+de+outrem+da+agricultura++pesca+e+floresta+remuneracao+base+e+ganho+por+sexo-895	2026-01-06
https://www.pordata.pt/portugal/salario+medio+mensal+dos+trabalhadores+por+conta+de+outrem+da+construcao+remuneracao+base+e+ganho+por+sexo-899	2026-01-06
https://www.pordata.pt/portugal/salario+medio+mensal+dos+trabalhadores+por+conta+de+outrem+da+educacao+remuneracao+base+e+ganho+por+sexo-903	2026-01-06
https://www.pordata.pt/portugal/salario+medio+mensal+dos+trabalhadores+por+conta+de+outrem+da+eletricidade++gas+e+agua+remuneracao+base+e+ganho+por+sexo-898	2026-01-06
https://www.pordata.pt/portugal/salario+medio+mensal+dos+trabalhadores+por+conta+de+outrem+da+saude+humana+e+apoio+social+remuneracao+base+e+ganho+por+sexo-904	2026-01-06
https://www.pordata.pt/portugal/salario+medio+mensal+dos+trabalhadores+por+conta+de+outrem+das+atividades+financeiras+e+de+seguros+remuneracao+base+e+ganho+por+sexo-905	2026-01-06
https://www.pordata.pt/portugal/salario+medio+mensal+dos+trabalhadores+por+conta+de+outrem+das+industrias+extrativas+remuneracao+base+e+ganho+por+sexo-896	2026-01-06
https://www.pordata.pt/portugal/salario+medio+mensal+dos+trabalhadores+por+conta+de+outrem+das+industrias+transformadoras+remuneracao+base+e+ganho+por+sexo-897	2026-01-06
https://www.pordata.pt/portugal/salario+medio+mensal+dos+trabalhadores+por+conta+de+outrem+do+alojamento+e+restauracao+remuneracao+base+e+ganho+por+sexo-901	2026-01-06
https://www.pordata.pt/portugal/salario+medio+mensal+dos+trabalhadores+por+conta+de+outrem+do+comercio+por+grosso+e+a+retalho+remuneracao+base+e+ganho+por+sexo-900	2026-01-06
https://www.pordata.pt/portugal/salario+medio+mensal+dos+trabalhadores+por+conta+de+outrem+dos+transportes+e+armazenagem+remuneracao+base+e+ganho+por+sexo-902	2026-01-06
https://www.pordata.pt/portugal/salario+medio+mensal+dos+trabalhadores+por+conta+de+outrem+remuneracao+base+e+ganho+por+sexo-894	2026-01-06
https://www.pordata.pt/portugal/saldo+da+balanca+de+bens+total+e+por+principais+paises+parceiros+comerciais-2347	2026-02-12
https://www.pordata.pt/portugal/saldo+da+balanca+de+bens+total+e+por+tipo-2328	2026-02-11
https://www.pordata.pt/portugal/saldo+da+balanca+de+servicos+total+e+por+principais+paises+parceiros+comerciais-2350	2026-02-20
https://www.pordata.pt/portugal/saldo+da+balanca+de+servicos+total+e+por+tipo-2813	2026-02-19
https://www.pordata.pt/portugal/saldo+da+balanca+dos+principais+produtos+de+origem+florestal-3693	2024-06-27
https://www.pordata.pt/portugal/saldo+das+remessas+de+emigrantes+e+imigrantes+total+e+por+principais+paises+de+origem+++destino-2370	2026-02-20
https://www.pordata.pt/portugal/saldo+processual+na+provedoria+de+justica-917	2026-05-29
https://www.pordata.pt/portugal/saldo+processual+no+supremo+tribunal+administrativo-913	2026-05-04
https://www.pordata.pt/portugal/saldo+processual+no+supremo+tribunal+de+justica-684	2026-05-04
https://www.pordata.pt/portugal/saldo+processual+no+tribunal+constitucional-916	2022-12-19
https://www.pordata.pt/portugal/saldo+processual+no+tribunal+de+contas-914	2026-05-29
https://www.pordata.pt/portugal/saldo+processual+nos+tribunais+da+relacao-915	2026-05-05
https://www.pordata.pt/portugal/saldo+processual+nos+tribunais+judiciais-665	2026-05-05
https://www.pordata.pt/portugal/saldos+populacionais+anuais+saldo+total++saldo+natural+e+saldo+migratorio-657	2026-08-05
https://www.pordata.pt/portugal/sns+camas+nos+hospitais+++continente-938	2026-04-02
https://www.pordata.pt/portugal/sns+camas+nos+hospitais+por+100+mil+habitantes+++continente-641	2026-06-22
https://www.pordata.pt/portugal/sns+consultas++internamentos+e+urgencias+nos+hospitais+++continente-159	2026-04-02
https://www.pordata.pt/portugal/sns+consultas++internamentos+e+urgencias+nos+hospitais+por+mil+habitantes+++continente-3409	2026-06-22
https://www.pordata.pt/portugal/sns+despesa+total+e+com+pessoal+ao+servico+++continente-330	2024-01-24
https://www.pordata.pt/portugal/sns+despesa+total+per+capita+++continente-830	2026-06-22
https://www.pordata.pt/portugal/sns+encargos+com+medicamentos+++continente-327	2026-06-02
https://www.pordata.pt/portugal/sns+hospitais+por+tipo+++continente-158	2025-12-16
https://www.pordata.pt/portugal/sns+partos+em+estabelecimentos+de+saude+++continente-160	2026-06-08
https://www.pordata.pt/portugal/sns+pessoal+ao+servico+nos+hospitais+++continente-3322	2026-01-09
https://www.pordata.pt/portugal/sns+pessoal+ao+servico+nos+hospitais+por+100+mil+habitantes+++continente-3408	2026-06-22
https://www.pordata.pt/portugal/sns+receitas+medicas+e+embalagens+++continente-600	2026-06-02
https://www.pordata.pt/portugal/sociedades+constituidas+por+escritura+publica+total+e+por+setor+de+atividade+economica+principal-176	2026-02-12
https://www.pordata.pt/portugal/sociedades+dissolvidas+por+escritura+publica+total+e+por+setor+de+atividade+economica+principal-177	2026-02-12
https://www.pordata.pt/portugal/sociedades+nao+financeiras+com+10+ou+mais+pessoas+remuneradas+de+elevado+crescimento+total+e+por+dimensao-3004	2026-01-27
https://www.pordata.pt/portugal/sociedades+nao+financeiras+com+10+ou+mais+pessoas+remuneradas+total+e+de+elevado+crescimento-3002	2026-01-27
https://www.pordata.pt/portugal/sociedades+total+e+por+setor+de+atividade+economica-2960	2025-12-18
https://www.pordata.pt/portugal/solicitadores+total+e+por+sexo-246	2026-05-29
https://www.pordata.pt/portugal/subscritores+por+pensoes+de+reforma++aposentacao+e+outras+da+caixa+geral+de+aposentacoes-2574	2026-05-07
https://www.pordata.pt/portugal/superficie+agricola+utilizada+irrigavel+e+regada+(percentagem)-3342	2025-10-09
https://www.pordata.pt/portugal/superficie+agricola+utilizada+na+superficie+total+do+pais+(percentagem)-3460	2026-02-23
https://www.pordata.pt/portugal/superficie+agricola+utilizada+total+e+por+tipo+de+composicao-3346	2025-10-09
https://www.pordata.pt/portugal/superficie+ardida+++continente+(percentagem)-3480	2026-04-14
https://www.pordata.pt/portugal/superficie+das+principais+arvores+de+fruto+e+oliveiras-3365	2026-08-03
https://www.pordata.pt/portugal/superficie+das+principais+culturas+agricolas-3352	2026-08-03
https://www.pordata.pt/portugal/superficie+de+vinha+total+e+para+vinho-3363	2026-07-08
https://www.pordata.pt/portugal/superficie+florestal+por+especie+++continente-3689	2022-04-22
https://www.pordata.pt/portugal/superficie+total+e+por+tipo+de+utilizacao-3382	2025-10-09
https://www.pordata.pt/portugal/supremo+tribunal+administrativo+processos+entrados++findos+e+pendentes-871	2026-05-04
https://www.pordata.pt/portugal/supremo+tribunal+de+justica+processos+entrados++findos+e+pendentes+por+area+processual-248	2026-05-04
https://www.pordata.pt/portugal/taxa+bruta+de+emigracao-832	2026-08-05
https://www.pordata.pt/portugal/taxa+bruta+de+escolarizacao+do+sexo+feminino+por+nivel+de+ensino-436	2026-07-13
https://www.pordata.pt/portugal/taxa+bruta+de+escolarizacao+do+sexo+masculino+por+nivel+de+ensino-435	2026-07-13
https://www.pordata.pt/portugal/taxa+bruta+de+escolarizacao+por+nivel+de+ensino-434	2026-07-16
https://www.pordata.pt/portugal/taxa+bruta+de+natalidade-527	2026-08-05
https://www.pordata.pt/portugal/taxa+de+abandono+escolar+total+e+por+sexo-433	2026-02-04
https://www.pordata.pt/portugal/taxa+de+abstencao+nas+eleicoes+para+a+assembleia+da+republica+total++residentes+em+portugal+e+residentes+no+estrangeiro-2208	2025-11-25
https://www.pordata.pt/portugal/taxa+de+abstencao+nas+eleicoes+para+a+assembleia+legislativa+da+regiao+autonoma+da+madeira-2255	2025-11-26
https://www.pordata.pt/portugal/taxa+de+abstencao+nas+eleicoes+para+a+assembleia+legislativa+da+regiao+autonoma+dos+acores-2256	2024-02-05
https://www.pordata.pt/portugal/taxa+de+abstencao+nas+eleicoes+para+a+presidencia+da+republica+total++residentes+em+portugal+e+residentes+no+estrangeiro-2207	2026-02-18
https://www.pordata.pt/portugal/taxa+de+abstencao+nas+eleicoes+para+as+autarquias+locais-2210	2025-12-18
https://www.pordata.pt/portugal/taxa+de+abstencao+nas+eleicoes+para+o+parlamento+europeu+total++residentes+em+portugal+e+residentes+no+estrangeiro-2209	2024-06-26
https://www.pordata.pt/portugal/taxa+de+atividade+total+e+por+sexo+(percentagem)-547	2026-03-13
https://www.pordata.pt/portugal/taxa+de+congestao+nos+tribunais+(percentagem)-631	2026-05-29
https://www.pordata.pt/portugal/taxa+de+crescimento+do+pib-2298	2026-03-13
https://www.pordata.pt/portugal/taxa+de+desemprego+total+e+por+sexo+(percentagem)-550	2026-03-13
https://www.pordata.pt/portugal/taxa+de+divorcio-651	2026-08-05
https://www.pordata.pt/portugal/taxa+de+eficacia+nos+tribunais+(percentagem)-918	2026-05-29
https://www.pordata.pt/portugal/taxa+de+emprego+total+e+por+grupo+etario+(percentagem)-3827	2026-03-12
https://www.pordata.pt/portugal/taxa+de+emprego+total+e+por+nivel+de+escolaridade+completo+(percentagem)-3464	2026-03-24
https://www.pordata.pt/portugal/taxa+de+emprego+total+e+por+sexo+(percentagem)-549	2026-03-12
https://www.pordata.pt/portugal/taxa+de+fecundidade+geral-618	2026-08-05
https://www.pordata.pt/portugal/taxa+de+fecundidade+por+grupo+etario-415	2026-06-24
https://www.pordata.pt/portugal/taxa+de+inatividade+total+e+por+sexo+(percentagem)-790	2026-03-13
https://www.pordata.pt/portugal/taxa+de+inflacao+(taxa+de+variacao+do+indice+de+precos+no+consumidor)+total+e+por+consumo+individual+por+objetivo-2315	2026-02-11
https://www.pordata.pt/portugal/taxa+de+intensidade+da+pobreza-2360	2025-12-12
https://www.pordata.pt/portugal/taxa+de+investimento+das+empresas+nao+financeiras+total+e+por+dimensao-2920	2025-12-22
https://www.pordata.pt/portugal/taxa+de+investimento+das+empresas+nao+financeiras+total+e+por+setor+de+atividade-2919	2025-12-22
https://www.pordata.pt/portugal/taxa+de+investimento+das+pequenas+e+medias+empresas+nao+financeiras+total+e+por+dimensao-2934	2025-12-22
https://www.pordata.pt/portugal/taxa+de+mortalidade+das+empresas+total+e+por+forma+juridica-2887	2026-01-30
https://www.pordata.pt/portugal/taxa+de+mortalidade+das+empresas+total+e+por+setor+de+atividade+economica-2888	2026-01-30
https://www.pordata.pt/portugal/taxa+de+mortalidade+infantil-528	2026-08-05
https://www.pordata.pt/portugal/taxa+de+mortalidade+materna-619	2026-03-30
https://www.pordata.pt/portugal/taxa+de+mortalidade+perinatal+e+neonatal-529	2026-05-05
https://www.pordata.pt/portugal/taxa+de+natalidade++mortalidade+e+sobrevivencia+das+empresas-2883	2026-01-30
https://www.pordata.pt/portugal/taxa+de+natalidade+das+empresas+total+e+por+forma+juridica-2884	2026-01-30
https://www.pordata.pt/portugal/taxa+de+natalidade+das+empresas+total+e+por+setor+de+atividade+economica-2885	2026-01-30
https://www.pordata.pt/portugal/taxa+de+nupcialidade-530	2026-08-05
https://www.pordata.pt/portugal/taxa+de+ocupacao+nos+hospitais-3666	2026-04-02
https://www.pordata.pt/portugal/taxa+de+poupanca+das+familias-2340	2026-05-11
https://www.pordata.pt/portugal/taxa+de+privacao+material+e+social+severa-3787	2025-12-12
https://www.pordata.pt/portugal/taxa+de+privacao+material+severa+(2004+2020)-2358	2022-11-04
https://www.pordata.pt/portugal/taxa+de+resolucao+nos+tribunais+(percentagem)-921	2026-05-29
https://www.pordata.pt/portugal/taxa+de+retencao+e+desistencia+no+ensino+basico+total+e+por+ano+de+escolaridade-3507	2026-06-30
https://www.pordata.pt/portugal/taxa+de+retencao+e+desistencia+no+ensino+secundario+total++por+modalidade+de+ensino+e+ano+de+escolaridade-3511	2026-06-30
https://www.pordata.pt/portugal/taxa+de+risco+de+pobreza+antes+e+apos+transferencias+sociais-2399	2025-12-12
https://www.pordata.pt/portugal/taxa+de+risco+de+pobreza+apos+transferencias+sociais+total+e+por+composicao+do+agregado+domestico+privado-3008	2025-12-12
https://www.pordata.pt/portugal/taxa+de+risco+de+pobreza+apos+transferencias+sociais+total+e+por+condicao+perante+o+trabalho-3760	2025-12-12
https://www.pordata.pt/portugal/taxa+de+risco+de+pobreza+por+grupo+etario+antes+e+apos+transferencias+sociais-3009	2025-12-12
https://www.pordata.pt/portugal/taxa+de+sobrevivencia+das+empresas+a+1+ano+por+setor+de+atividade+economica-2891	2026-01-30
https://www.pordata.pt/portugal/taxa+de+sobrevivencia+das+empresas+a+1+e+2+anos+por+forma+juridica-2890	2026-01-30
https://www.pordata.pt/portugal/taxa+real+de+escolarizacao-987	2026-07-13
https://www.pordata.pt/portugal/taxas+de+juro+sobre+novas+operacoes+de+emprestimos+(media+anual)+a+empresas+total+e+por+escalao+de+credito-2847	2026-02-16
https://www.pordata.pt/portugal/taxas+de+juro+sobre+novas+operacoes+de+emprestimos+(media+anual)+a+particulares+total+e+por+tipo+de+finalidade-2845	2026-02-16
https://www.pordata.pt/portugal/taxas+de+rendibilidade+de+obrigacoes+do+tesouro-2803	2026-02-16
https://www.pordata.pt/portugal/teatro+espectadores+por+mil+habitantes-592	2026-08-05
https://www.pordata.pt/portugal/teatro+numero+medio+de+espectadores+por+sessao-597	2025-09-26
https://www.pordata.pt/portugal/teatro+receitas+de+bilheteira-392	2025-09-26
https://www.pordata.pt/portugal/teatro+sessoes+e+espectadores-183	2025-09-26
https://www.pordata.pt/portugal/temperatura+maxima+do+ar+no+mes+mais+quente+do+ano+(media+mensal)-1339	2026-05-07
https://www.pordata.pt/portugal/temperatura+maxima+do+ar-1068	2026-05-07
https://www.pordata.pt/portugal/temperatura+media+anual+do+ar-1067	2026-05-07
https://www.pordata.pt/portugal/temperatura+minima+do+ar+no+mes+mais+frio+do+ano+(media+mensal)-1340	2026-05-07
https://www.pordata.pt/portugal/temperatura+minima+do+ar-1069	2026-05-07
https://www.pordata.pt/portugal/terra+aravel+com+culturas+temporarias+sucessivas+(percentagem)-3343	2025-10-09
https://www.pordata.pt/portugal/titulos+em+lingua+portuguesa+total++originais+e+traduzidos-986	2026-07-23
https://www.pordata.pt/portugal/trabalhadores+do+sexo+feminino+em+percentagem+dos+trabalhadores+por+conta+de+outrem+total+e+por+tipo+de+contrato-847	2026-02-10
https://www.pordata.pt/portugal/trabalhadores+do+sexo+feminino+por+conta+de+outrem+total+e+por+tipo+de+contrato+-846	2026-02-10
https://www.pordata.pt/portugal/trabalhadores+do+sexo+masculino+por+conta+de+outrem+total+e+por+tipo+de+contrato+-845	2026-02-10
https://www.pordata.pt/portugal/trabalhadores+no+setor+publico+empresarial-2996	2025-10-30
https://www.pordata.pt/portugal/trabalhadores+por+conta+de+outrem+por+nivel+de+escolaridade+e+setores+de+atividade+(percentagem)-3811	2025-12-30
https://www.pordata.pt/portugal/trabalhadores+por+conta+de+outrem+total+e+por+nivel+de+escolaridade+completo-1386	2026-02-09
https://www.pordata.pt/portugal/trabalhadores+por+conta+de+outrem+total+e+por+tipo+de+contrato+-844	2026-02-06
https://www.pordata.pt/portugal/trabalhadores+por+conta+propria+como+empregadores+total+e+por+nivel+de+escolaridade+completo+-1719	2026-02-09
https://www.pordata.pt/portugal/trabalhadores+por+conta+propria+total+e+por+nivel+de+escolaridade+completo-1387	2026-02-06
https://www.pordata.pt/portugal/trafego+de+passageiros++carga+e+correio+nos+principais+aeroportos+total++nacional+e+internacional-3198	2025-11-27
https://www.pordata.pt/portugal/trafego+de+passageiros+nos+aeroportos+lisboa++porto+e+faro-3248	2025-11-27
https://www.pordata.pt/portugal/trafego+de+passageiros+nos+principais+aeroportos+total++embarcados++desembarcados+e+em+transito+direto-3240	2025-11-27
https://www.pordata.pt/portugal/trafego+telefonico+nacional+rede+fixa+e+movel+(percentagem)-2339	2026-06-09
https://www.pordata.pt/portugal/trafego+telefonico+nacional+rede+fixa+e+movel-1181	2026-06-09
https://www.pordata.pt/portugal/transferencias+de+capital+na+agricultura-3380	2025-12-17
https://www.pordata.pt/portugal/transferencias+publicas+com+a+uniao+europeia+em+percentagem+do+pib-2364	2026-03-26
https://www.pordata.pt/portugal/transferencias+publicas+com+a+uniao+europeia-2363	2026-02-19
https://www.pordata.pt/portugal/treinadores+federados+total+e+por+algumas+federacoes+desportivas-2230	2026-07-24
https://www.pordata.pt/portugal/tribunais+da+relacao+processos+entrados++findos+e+pendentes-874	2026-05-05
https://www.pordata.pt/portugal/tribunais+judiciais+por+100+mil+habitantes-625	2026-08-05
https://www.pordata.pt/portugal/tribunais+judiciais+processos+entrados++findos+e+pendentes-247	2026-05-05
https://www.pordata.pt/portugal/tribunais+judiciais+processos+entrados+e+findos+por+mil+habitantes-628	2026-08-05
https://www.pordata.pt/portugal/tribunais+judiciais-244	2026-05-04
https://www.pordata.pt/portugal/tribunal+constitucional+processos+entrados++findos+e+pendentes+(1993+2010)-873	2022-12-19
https://www.pordata.pt/portugal/tribunal+de+contas+processos+entrados++findos+e+pendentes-870	2026-05-29
https://www.pordata.pt/portugal/tuberculose+casos+por+100+mil+habitantes-608	2026-08-05
https://www.pordata.pt/portugal/tuberculose+novos+casos+e+retratamentos-157	2026-03-25
https://www.pordata.pt/portugal/valor+acrescentado+bruto+da+agricultura+em+percentagem+do+pib-3715	2026-07-14
https://www.pordata.pt/portugal/valor+acrescentado+bruto+da+agricultura-3374	2026-04-07
https://www.pordata.pt/portugal/valor+acrescentado+bruto+da+silvicultura+em+percentagem+do+pib-3707	2026-07-14
https://www.pordata.pt/portugal/valor+acrescentado+bruto+da+silvicultura-3694	2024-06-27
https://www.pordata.pt/portugal/valor+acrescentado+bruto+das+empresas+total+e+por+dimensao-2916	2025-12-22
https://www.pordata.pt/portugal/valor+acrescentado+bruto+das+empresas+total+e+por+setor+de+atividade+economica-2915	2025-12-22
https://www.pordata.pt/portugal/valor+acrescentado+bruto+das+pescas+e+aquicultura+em+percentagem+do+pib-3742	2026-07-14
https://www.pordata.pt/portugal/valor+acrescentado+bruto+das+pescas+e+aquicultura-3741	2025-10-13
https://www.pordata.pt/portugal/valor+acrescentado+bruto+nas+pequenas+e+medias+empresas+total+e+por+dimensao-2968	2025-12-22
https://www.pordata.pt/portugal/valor+acrescentado+bruto+total+e+por+ramo+de+atividade-2293	2025-10-13
https://www.pordata.pt/portugal/valor+da+producao+agricola+total+e+por+tipo-3376	2026-04-07
https://www.pordata.pt/portugal/valor+da+producao+vegetal+total+e+por+tipo+de+bens-3375	2026-04-07
https://www.pordata.pt/portugal/valor+minimo+mensal+das+pensoes+da+caixa+geral+de+aposentacoes+pensoes+de+aposentacao++reforma++invalidez+e+sobrevivencia-2128	2025-12-30
https://www.pordata.pt/portugal/valor+minimo+mensal+das+pensoes+do+regime+geral+da+seguranca+social+pensoes+de+velhice++invalidez+e+sobrevivencia-103	2025-12-30
https://www.pordata.pt/portugal/valores+mensais+de+algumas+prestacoes+familiares+da+seguranca+social-115	2026-02-11
https://www.pordata.pt/portugal/valores+processados+em+levantamentos+e+pagamentos+de+servicos+nas+caixas+automaticas+multibanco-2947	2026-06-22
https://www.pordata.pt/portugal/veiculos+do+transporte+ferroviario+++continente-3111	2025-10-22
https://www.pordata.pt/portugal/veiculos+do+transporte+metropolitano+++continente-3087	2025-11-26
https://www.pordata.pt/portugal/veiculos+matriculados+por+100+mil+habitantes-3235	2026-08-05
https://www.pordata.pt/portugal/veiculos+matriculados+total+e+por+tipo+de+veiculo-3103	2025-11-26
https://www.pordata.pt/portugal/veiculos+rodoviarios+motorizados+de+passageiros+em+circulacao+total+e+por+idade+do+veiculo-3102	2025-10-17
https://www.pordata.pt/portugal/veiculos+rodoviarios+motorizados+em+circulacao+total+e+por+tipo+de+combustivel-3101	2026-01-07
https://www.pordata.pt/portugal/veiculos+rodoviarios+motorizados+em+circulacao+total+e+por+tipo+de+veiculos-3100	2025-10-17
https://www.pordata.pt/portugal/veiculos+rodoviarios+motorizados+por+mil+habitantes-3234	2026-08-05
https://www.pordata.pt/portugal/venda+de+combustiveis+para+consumo-1131	2025-12-04
https://www.pordata.pt/portugal/vendas+do+peixe+produzido+em+aquicultura+total+e+por+principais+especies-3455	2026-05-28
https://www.pordata.pt/portugal/viagens+turisticas+de+residentes+total++por+destino+e+meio+de+transporte+principal-2551	2026-07-13
https://www.pordata.pt/portugal/viagens+turisticas+de+residentes+total++por+destino+e+motivo+principal-2549	2026-07-13
https://www.pordata.pt/portugal/viagens+turisticas+de+residentes+total++por+destino+principal+e+duracao-2552	2026-07-13
https://www.pordata.pt/portugal/viagens+turisticas+de+residentes+total+e+por+destino+principal-2550	2026-07-13
https://www.pordata.pt/portugal/viveiros+++continente-3403	2025-10-28
https://www.pordata.pt/portugal/volume+de+negocios+das+empresas+de+transporte+aereo+total+e+por+area-3196	2025-11-27
https://www.pordata.pt/portugal/volume+de+negocios+das+empresas+total+e+por+dimensao-2914	2025-12-22
https://www.pordata.pt/portugal/volume+de+negocios+das+empresas+total+e+por+setor+de+atividade+economica-2913	2025-12-22
https://www.pordata.pt/portugal/volume+de+negocios+das+pequenas+e+medias+empresas+total+e+por+dimensao-2932	2025-12-22
https://www.pordata.pt/portugal/volume+de+trabalho+(uta)+da+mao+de+obra+agricola+total+e+por+tipo+de+mao+de+obra-3456	2025-10-09
https://www.pordata.pt/portugal/voos+de+transporte+de+passageiros+e+carga+total++domestico+e+internacional-3193	2025-11-27
https://www.pordata.pt/portugal/votos+de+residentes+em+portugal+nas+eleicoes+para+a+assembleia+da+republica+total++validos++brancos+e+nulos-2185	2025-11-26
https://www.pordata.pt/portugal/votos+de+residentes+em+portugal+nas+eleicoes+para+a+presidencia+da+republica+total++validos++brancos+e+nulos-2176	2026-02-18
https://www.pordata.pt/portugal/votos+de+residentes+em+portugal+nas+eleicoes+para+o+parlamento+europeu+total++validos++brancos+e+nulos-2201	2024-06-26
https://www.pordata.pt/portugal/votos+de+residentes+no+estrangeiro+nas+eleicoes+para+a+assembleia+da+republica+total++validos++brancos+e+nulos-2186	2025-11-26
https://www.pordata.pt/portugal/votos+de+residentes+no+estrangeiro+nas+eleicoes+para+a+presidencia+da+republica+total++validos++brancos+e+nulos-2177	2026-02-18
https://www.pordata.pt/portugal/votos+de+residentes+no+estrangeiro+nas+eleicoes+para+o+parlamento+europeu+total++validos++brancos+e+nulos-2202	2024-06-26
https://www.pordata.pt/portugal/votos+nas+eleicoes+para+a+assembleia+da+republica+total++validos++brancos+e+nulos-2184	2025-11-25
https://www.pordata.pt/portugal/votos+nas+eleicoes+para+a+assembleia+legislativa+da+regiao+autonoma+da+madeira+total++validos++brancos+e+nulos-2243	2025-11-26
https://www.pordata.pt/portugal/votos+nas+eleicoes+para+a+assembleia+legislativa+da+regiao+autonoma+dos+acores+total++validos++brancos+e+nulos-2247	2024-02-05
https://www.pordata.pt/portugal/votos+nas+eleicoes+para+a+presidencia+da+republica+total++validos++brancos+e+nulos-2175	2026-02-18
https://www.pordata.pt/portugal/votos+nas+eleicoes+para+as+camaras+municipais+total++validos++brancos+e+nulos-2191	2025-12-18
https://www.pordata.pt/portugal/votos+nas+eleicoes+para+o+parlamento+europeu+total++validos++brancos+e+nulos-2200	2024-06-26
https://www.pordata.pt/portugal/votos+validos+de+residentes+em+portugal+nas+eleicoes+para+a+assembleia+da+republica+total+e+por+partido+politico+ou+coligacao-2188	2025-11-26
https://www.pordata.pt/portugal/votos+validos+de+residentes+em+portugal+nas+eleicoes+para+a+presidencia+da+republica+total+e+por+candidato+presidencial-2179	2026-02-18
https://www.pordata.pt/portugal/votos+validos+de+residentes+em+portugal+nas+eleicoes+para+o+parlamento+europeu+total+e+por+partido+politico+ou+coligacao-2204	2024-06-26
https://www.pordata.pt/portugal/votos+validos+de+residentes+no+estrangeiro+nas+eleicoes+para+a+assembleia+da+republica+total+e+por+partido+politico+ou+coligacao-2189	2025-11-26
https://www.pordata.pt/portugal/votos+validos+de+residentes+no+estrangeiro+nas+eleicoes+para+a+presidencia+da+republica+total+e+por+candidato+presidencial-2180	2026-02-18
https://www.pordata.pt/portugal/votos+validos+de+residentes+no+estrangeiro+nas+eleicoes+para+o+parlamento+europeu+total+e+por+partido+politico+ou+coligacao-2205	2024-06-26
https://www.pordata.pt/portugal/votos+validos+nas+eleicoes+para+a+assembleia+da+republica+total+e+por+partido+politico+ou+coligacao-2187	2025-11-26
https://www.pordata.pt/portugal/votos+validos+nas+eleicoes+para+a+assembleia+legislativa+da+regiao+autonoma+da+madeira+total+e+por+partido+politico+ou+coligacao-2244	2025-11-26
https://www.pordata.pt/portugal/votos+validos+nas+eleicoes+para+a+assembleia+legislativa+da+regiao+autonoma+dos+acores+total+e+por+partido+politico+ou+coligacao-2248	2024-02-05
https://www.pordata.pt/portugal/votos+validos+nas+eleicoes+para+a+presidencia+da+republica+total+e+por+candidato+presidencial-2178	2026-02-18
https://www.pordata.pt/portugal/votos+validos+nas+eleicoes+para+as+camaras+municipais+total+e+por+partido+politico+ou+coligacao-2192	2025-12-18
https://www.pordata.pt/portugal/votos+validos+nas+eleicoes+para+o+parlamento+europeu+total+e+por+partido+politico+ou+coligacao-2203	2024-06-26
https://www.pordata.pt/publicacoes/livros/como+adoecem+os+portugueses+-187	
https://www.pordata.pt/publicacoes/livros/como+aprendem+os+portugueses-183	
https://www.pordata.pt/publicacoes/livros/como+comem+os+portugueses+-193	
https://www.pordata.pt/publicacoes/livros/como+crescem+os+portugueses-181	
https://www.pordata.pt/publicacoes/livros/como+envelhecem+os+portugueses+-196	
https://www.pordata.pt/publicacoes/livros/como+gastam+os+portugueses+-191	
https://www.pordata.pt/publicacoes/livros/como+nascem+e+morrem+os+portugueses-180	
https://www.pordata.pt/publicacoes/livros/como+sao+os+portugueses+-197	
https://www.pordata.pt/publicacoes/livros/como+trabalham+os+portugueses+-185	
https://www.pordata.pt/publicacoes/livros/como+vivem+os+portugueses+-189	
https://www.pordata.pt/publicacoes/livros/que+numero+e+este+-158	
https://www.pordata.pt/retratos/2009/retrato+de+portugal-9	
https://www.pordata.pt/retratos/2010/retrato+de+portugal-8	
https://www.pordata.pt/retratos/2011/retrato+de+lisboa-1	
https://www.pordata.pt/retratos/2011/retrato+de+portugal+na+europa-12	
https://www.pordata.pt/retratos/2011/retrato+de+portugal-23	
https://www.pordata.pt/retratos/2011/retrato+do+funchal-17	
https://www.pordata.pt/retratos/2014/retrato+de+portugal+na+europa-30	
https://www.pordata.pt/retratos/2014/retrato+de+portugal-34	
https://www.pordata.pt/retratos/2014/retrato+dos+acores-29	
https://www.pordata.pt/retratos/2015/retrato+de+portugal+na+europa-37	
https://www.pordata.pt/retratos/2015/retrato+de+portugal-40	
https://www.pordata.pt/retratos/2016/retrato+de+portugal+na+europa-50	
https://www.pordata.pt/retratos/2016/retrato+de+portugal-42	
https://www.pordata.pt/retratos/2016/retrato+dos+jovens-47	
https://www.pordata.pt/retratos/2016/retrato+dos+municipios-41	
https://www.pordata.pt/retratos/2017/retrato+de+portugal+na+europa-58	
https://www.pordata.pt/retratos/2017/retrato+de+portugal-54	
https://www.pordata.pt/retratos/2018/retrato+da+madeira-80	
https://www.pordata.pt/retratos/2018/retrato+de+portugal+na+europa-75	
https://www.pordata.pt/retratos/2018/retrato+de+portugal-74	
https://www.pordata.pt/retratos/2018/retrato+dos+acores-62	
https://www.pordata.pt/retratos/2018/retrato+dos+homens+e+das+mulheres-61	
https://www.pordata.pt/retratos/2019/retrato+da+madeira-82	
https://www.pordata.pt/retratos/2019/retrato+de+portugal+na+europa-84	
https://www.pordata.pt/retratos/2019/retrato+de+portugal-83	
https://www.pordata.pt/retratos/2020/retrato+de+portugal+na+europa-87	
https://www.pordata.pt/retratos/2020/retrato+de+portugal-85	
https://www.pordata.pt/retratos/2020/retrato+dos+acores-86	
https://www.pordata.pt/retratos/2023/retrato+dos+acores-91	
https://www.pordata.pt/sobre+a+pordata	2026-07-29
https://www.pordata.pt/subtema/europa/acao+climatica-461	
https://www.pordata.pt/subtema/europa/acidentes-103	
https://www.pordata.pt/subtema/europa/administracoes+publicas-153	
https://www.pordata.pt/subtema/europa/aereo-356	
https://www.pordata.pt/subtema/europa/agua+e+saneamento-132	
https://www.pordata.pt/subtema/europa/agua+potavel+e+saneamento-454	
https://www.pordata.pt/subtema/europa/alojamentos+turisticos-267	
https://www.pordata.pt/subtema/europa/alunos+no+ensino+nao+superior-109	
https://www.pordata.pt/subtema/europa/alunos+no+ensino+superior-108	
https://www.pordata.pt/subtema/europa/alunos+no+sistema+de+ensino-107	
https://www.pordata.pt/subtema/europa/balanca+de+pagamentos-154	
https://www.pordata.pt/subtema/europa/casamentos+e+divorcios-97	
https://www.pordata.pt/subtema/europa/cidades+e+comunidades+sustentaveis-459	
https://www.pordata.pt/subtema/europa/clima+e+qualidade+do+ar-130	
https://www.pordata.pt/subtema/europa/comercio+internacional-352	
https://www.pordata.pt/subtema/europa/condicoes+de+vida-147	
https://www.pordata.pt/subtema/europa/contas+economicas+da+agricultura-470	
https://www.pordata.pt/subtema/europa/crimes-414	
https://www.pordata.pt/subtema/europa/demografia+das+empresas-381	
https://www.pordata.pt/subtema/europa/despesas+em+i+d-127	
https://www.pordata.pt/subtema/europa/despesas-106	
https://www.pordata.pt/subtema/europa/despesas-112	
https://www.pordata.pt/subtema/europa/despesas-122	
https://www.pordata.pt/subtema/europa/despesas-139	
https://www.pordata.pt/subtema/europa/diplomados+no+ano-110	
https://www.pordata.pt/subtema/europa/docentes-137	
https://www.pordata.pt/subtema/europa/economia+da+energia-412	
https://www.pordata.pt/subtema/europa/educacao+de+qualidade-452	
https://www.pordata.pt/subtema/europa/emprego+nos+alojamentos+turisticos-271	
https://www.pordata.pt/subtema/europa/emprego-469	
https://www.pordata.pt/subtema/europa/empresas-384	
https://www.pordata.pt/subtema/europa/energia-149	
https://www.pordata.pt/subtema/europa/energias+renovaveis+e+acessiveis-455	
https://www.pordata.pt/subtema/europa/erradicar+a+fome-450	
https://www.pordata.pt/subtema/europa/erradicar+a+pobreza-449	
https://www.pordata.pt/subtema/europa/escolaridade+da+populacao-138	
https://www.pordata.pt/subtema/europa/esperanca+de+vida+e+mortes-96	
https://www.pordata.pt/subtema/europa/exploracoes+agricolas+e+superficie-442	
https://www.pordata.pt/subtema/europa/familias-158	
https://www.pordata.pt/subtema/europa/ferroviario-403	
https://www.pordata.pt/subtema/europa/floresta-473	
https://www.pordata.pt/subtema/europa/i+d+e+inovacao-151	
https://www.pordata.pt/subtema/europa/igualdade+de+genero-453	
https://www.pordata.pt/subtema/europa/impostos+ambientais-148	
https://www.pordata.pt/subtema/europa/industria++inovacao+e+infraestruturas-457	
https://www.pordata.pt/subtema/europa/investimento+e+poupanca-155	
https://www.pordata.pt/subtema/europa/maritimo-358	
https://www.pordata.pt/subtema/europa/migracoes+internacionais-98	
https://www.pordata.pt/subtema/europa/movimento+da+populacao-99	
https://www.pordata.pt/subtema/europa/nascimentos+e+fecundidade-95	
https://www.pordata.pt/subtema/europa/ocupacao+de+alojamentos+turisticos-268	
https://www.pordata.pt/subtema/europa/parcerias+para+a+implementacao+dos+objetivos-465	
https://www.pordata.pt/subtema/europa/patentes-128	
https://www.pordata.pt/subtema/europa/paz++justica+e+instituicoes+eficazes-464	
https://www.pordata.pt/subtema/europa/pensionistas-266	
https://www.pordata.pt/subtema/europa/pequenas+e+medias+empresas+(pme)-411	
https://www.pordata.pt/subtema/europa/pescas-471	
https://www.pordata.pt/subtema/europa/pessoal-408	
https://www.pordata.pt/subtema/europa/populacao+ativa-113	
https://www.pordata.pt/subtema/europa/populacao+desempregada-115	
https://www.pordata.pt/subtema/europa/populacao+empregada-114	
https://www.pordata.pt/subtema/europa/populacao+inativa-116	
https://www.pordata.pt/subtema/europa/populacao+residente-94	
https://www.pordata.pt/subtema/europa/precos+e+deflatores-140	
https://www.pordata.pt/subtema/europa/prisoes-416	
https://www.pordata.pt/subtema/europa/processos-415	
https://www.pordata.pt/subtema/europa/producao+e+consumo+sustentaveis-460	
https://www.pordata.pt/subtema/europa/producao+e+investimento+das+empresas-382	
https://www.pordata.pt/subtema/europa/produto+e+produtividade-156	
https://www.pordata.pt/subtema/europa/proteger+a+vida+marinha-462	
https://www.pordata.pt/subtema/europa/proteger+a+vida+terrestre-463	
https://www.pordata.pt/subtema/europa/receitas-111	
https://www.pordata.pt/subtema/europa/recursos+humanos-100	
https://www.pordata.pt/subtema/europa/recursos+humanos-125	
https://www.pordata.pt/subtema/europa/recursos+humanos-417	
https://www.pordata.pt/subtema/europa/reduzir+as+desigualdades-458	
https://www.pordata.pt/subtema/europa/rendimento+e+consumo-353	
https://www.pordata.pt/subtema/europa/rendimentos-121	
https://www.pordata.pt/subtema/europa/residuos+e+economia+circular-131	
https://www.pordata.pt/subtema/europa/rodoviario-402	
https://www.pordata.pt/subtema/europa/salarios-118	
https://www.pordata.pt/subtema/europa/saude+de+qualidade-451	
https://www.pordata.pt/subtema/europa/servicos+e+utilizacao-101	
https://www.pordata.pt/subtema/europa/sociedade+de+informacao+e+telecomunicacoes-150	
https://www.pordata.pt/subtema/europa/territorio++biodiversidade+e+protecao+ambiental-129	
https://www.pordata.pt/subtema/europa/trabalho+digno+e+crescimento+economico-456	
https://www.pordata.pt/subtema/europa/turismo+da+populacao+residente-270	
https://www.pordata.pt/subtema/municipios/acidentes-216	
https://www.pordata.pt/subtema/municipios/agua+e+saneamento-193	
https://www.pordata.pt/subtema/municipios/alojamentos+turisticos-360	
https://www.pordata.pt/subtema/municipios/alojamentos-208	
https://www.pordata.pt/subtema/municipios/alunos+do+ensino+nao+superior-225	
https://www.pordata.pt/subtema/municipios/alunos+matriculados+do+ensino+superior-226	
https://www.pordata.pt/subtema/municipios/assembleia+da+republica-256	
https://www.pordata.pt/subtema/municipios/assembleias+legislativas+regionais-258	
https://www.pordata.pt/subtema/municipios/atos+notariais+e+registos-245	
https://www.pordata.pt/subtema/municipios/autarquias+locais-257	
https://www.pordata.pt/subtema/municipios/banca++credito+e+multibanco-237	
https://www.pordata.pt/subtema/municipios/caixa+geral+de+aposentacoes+(cga)-239	
https://www.pordata.pt/subtema/municipios/casamentos+e+divorcios-211	
https://www.pordata.pt/subtema/municipios/ciencia-419	
https://www.pordata.pt/subtema/municipios/cinema-199	
https://www.pordata.pt/subtema/municipios/computadores+e+internet-227	
https://www.pordata.pt/subtema/municipios/contas+economicas+da+agricultura-437	
https://www.pordata.pt/subtema/municipios/crimes-246	
https://www.pordata.pt/subtema/municipios/demografia+das+empresas+nao+financeiras-429	
https://www.pordata.pt/subtema/municipios/despesas-194	
https://www.pordata.pt/subtema/municipios/despesas-200	
https://www.pordata.pt/subtema/municipios/diplomados+no+ano-235	
https://www.pordata.pt/subtema/municipios/docentes-228	
https://www.pordata.pt/subtema/municipios/edificios-210	
https://www.pordata.pt/subtema/municipios/emprego-230	
https://www.pordata.pt/subtema/municipios/emprego-438	
https://www.pordata.pt/subtema/municipios/empresas+nao+financeiras-430	
https://www.pordata.pt/subtema/municipios/energia-195	
https://www.pordata.pt/subtema/municipios/escolaridade+da+populacao-207	
https://www.pordata.pt/subtema/municipios/esperanca+de+vida+e+mortes-213	
https://www.pordata.pt/subtema/municipios/espetaculos+ao+vivo-201	
https://www.pordata.pt/subtema/municipios/estabelecimentos+de+ensino-229	
https://www.pordata.pt/subtema/municipios/familias-205	
https://www.pordata.pt/subtema/municipios/floresta-475	
https://www.pordata.pt/subtema/municipios/migracoes-206	
https://www.pordata.pt/subtema/municipios/movimento+da+populacao-238	
https://www.pordata.pt/subtema/municipios/museus+e+galerias-202	
https://www.pordata.pt/subtema/municipios/nascimentos+e+fecundidade-212	
https://www.pordata.pt/subtema/municipios/ocupacao+de+alojamentos+turisticos-361	
https://www.pordata.pt/subtema/municipios/parlamento+europeu-259	
https://www.pordata.pt/subtema/municipios/periodicos-203	
https://www.pordata.pt/subtema/municipios/pescas-440	
https://www.pordata.pt/subtema/municipios/pib+e+comercio+internacional-432	
https://www.pordata.pt/subtema/municipios/populacao+ativa-220	
https://www.pordata.pt/subtema/municipios/populacao+desempregada-221	
https://www.pordata.pt/subtema/municipios/populacao+empregada-222	
https://www.pordata.pt/subtema/municipios/populacao+inativa-223	
https://www.pordata.pt/subtema/municipios/populacao+residente-214	
https://www.pordata.pt/subtema/municipios/presidencia+da+republica-255	
https://www.pordata.pt/subtema/municipios/protecao+do+ambiente-196	
https://www.pordata.pt/subtema/municipios/recenseamento+eleitoral-260	
https://www.pordata.pt/subtema/municipios/recursos+humanos-217	
https://www.pordata.pt/subtema/municipios/rendimentos+e+poder+de+compra-209	
https://www.pordata.pt/subtema/municipios/residuos-197	
https://www.pordata.pt/subtema/municipios/salarios-231	
https://www.pordata.pt/subtema/municipios/seg.+social+++beneficiarios-240	
https://www.pordata.pt/subtema/municipios/seg.+social+++contribuintes-242	
https://www.pordata.pt/subtema/municipios/seg.+social+++pensionistas-241	
https://www.pordata.pt/subtema/municipios/servico+nacional+de+saude+(sns)-219	
https://www.pordata.pt/subtema/municipios/servicos+e+utilizacao-218	
https://www.pordata.pt/subtema/municipios/superficie+e+producao+agricola-436	
https://www.pordata.pt/subtema/municipios/telecomunicacoes-232	
https://www.pordata.pt/subtema/municipios/territorio+e+ordenamento-198	
https://www.pordata.pt/subtema/municipios/turismo+da+populacao+residente-427	
https://www.pordata.pt/subtema/portugal/acidentes-40	
https://www.pordata.pt/subtema/portugal/adse-26	
https://www.pordata.pt/subtema/portugal/adse-72	
https://www.pordata.pt/subtema/portugal/aereo-410	
https://www.pordata.pt/subtema/portugal/agua+e+saneamento-87	
https://www.pordata.pt/subtema/portugal/alojamentos+e+edificios-53	
https://www.pordata.pt/subtema/portugal/alojamentos+turisticos-345	
https://www.pordata.pt/subtema/portugal/alunos+do+ensino+nao+superior-75	
https://www.pordata.pt/subtema/portugal/alunos+matriculados+do+ensino+superior-74	
https://www.pordata.pt/subtema/portugal/alunos+no+sistema+de+ensino-79	
https://www.pordata.pt/subtema/portugal/assembleia+da+republica-186	
https://www.pordata.pt/subtema/portugal/assembleias+legislativas+regionais-188	
https://www.pordata.pt/subtema/portugal/atos+notariais+e+registos-62	
https://www.pordata.pt/subtema/portugal/autarquias+locais-187	
https://www.pordata.pt/subtema/portugal/balanca+de+pagamentos-264	
https://www.pordata.pt/subtema/portugal/banca+e+credito-263	
https://www.pordata.pt/subtema/portugal/bibliotecas+e+livros-18	
https://www.pordata.pt/subtema/portugal/bolsas+e+acao+social-44	
https://www.pordata.pt/subtema/portugal/caixa+geral+de+aposentacoes+(cga)-25	
https://www.pordata.pt/subtema/portugal/casamentos+e+divorcios-33	
https://www.pordata.pt/subtema/portugal/cinema-15	
https://www.pordata.pt/subtema/portugal/comercio+internacional-253	
https://www.pordata.pt/subtema/portugal/condicoes+de+vida-54	
https://www.pordata.pt/subtema/portugal/contas+economicas-423	
https://www.pordata.pt/subtema/portugal/crimes-57	
https://www.pordata.pt/subtema/portugal/demografia+das+empresas-375	
https://www.pordata.pt/subtema/portugal/despesas+(educacao)-46	
https://www.pordata.pt/subtema/portugal/despesas+e+receitas-347	
https://www.pordata.pt/subtema/portugal/despesas+em+i+d-82	
https://www.pordata.pt/subtema/portugal/despesas-19	
https://www.pordata.pt/subtema/portugal/despesas-368	
https://www.pordata.pt/subtema/portugal/despesas-37	
https://www.pordata.pt/subtema/portugal/despesas-50	
https://www.pordata.pt/subtema/portugal/despesas-88	
https://www.pordata.pt/subtema/portugal/desporto-192	
https://www.pordata.pt/subtema/portugal/diplomados+no+ano-42	
https://www.pordata.pt/subtema/portugal/divida+e+defice+excedente-366	
https://www.pordata.pt/subtema/portugal/docentes-43	
https://www.pordata.pt/subtema/portugal/emprego-10	
https://www.pordata.pt/subtema/portugal/emprego-424	
https://www.pordata.pt/subtema/portugal/empresas-374	
https://www.pordata.pt/subtema/portugal/energia-90	
https://www.pordata.pt/subtema/portugal/escolaridade+da+populacao-45	
https://www.pordata.pt/subtema/portugal/esperanca+de+vida+e+mortes-32	
https://www.pordata.pt/subtema/portugal/espetaculos+ao+vivo-13	
https://www.pordata.pt/subtema/portugal/estabelecimentos+de+ensino-47	
https://www.pordata.pt/subtema/portugal/exploracoes+agricolas+e+superficie-421	
https://www.pordata.pt/subtema/portugal/familias-29	
https://www.pordata.pt/subtema/portugal/ferroviario-406	
https://www.pordata.pt/subtema/portugal/floresta-474	
https://www.pordata.pt/subtema/portugal/greves+e+conflitos+de+trabalho-12	
https://www.pordata.pt/subtema/portugal/i+d+e+inovacao-5	
https://www.pordata.pt/subtema/portugal/impostos+++irc-6	
https://www.pordata.pt/subtema/portugal/indicadores+agroambientais-420	
https://www.pordata.pt/subtema/portugal/investimento+e+poupanca-252	
https://www.pordata.pt/subtema/portugal/maritimo-409	
https://www.pordata.pt/subtema/portugal/menores+e+adocao-61	
https://www.pordata.pt/subtema/portugal/metropolitano-404	
https://www.pordata.pt/subtema/portugal/migracoes-34	
https://www.pordata.pt/subtema/portugal/morbilidade-38	
https://www.pordata.pt/subtema/portugal/movimento+da+populacao-30	
https://www.pordata.pt/subtema/portugal/museus+e+galerias-14	
https://www.pordata.pt/subtema/portugal/nascimentos+e+fecundidade-31	
https://www.pordata.pt/subtema/portugal/ocupacao+de+alojamentos+turisticos-346	
https://www.pordata.pt/subtema/portugal/parlamento+europeu-189	
https://www.pordata.pt/subtema/portugal/patentes++design-84	
https://www.pordata.pt/subtema/portugal/pequenas+e+medias+empresas+(pme)-378	
https://www.pordata.pt/subtema/portugal/periodicos-16	
https://www.pordata.pt/subtema/portugal/pescas-426	
https://www.pordata.pt/subtema/portugal/pessoal-376	
https://www.pordata.pt/subtema/portugal/poluicao+atmosferica+e+clima-86	
https://www.pordata.pt/subtema/portugal/populacao+ativa-7	
https://www.pordata.pt/subtema/portugal/populacao+desempregada-9	
https://www.pordata.pt/subtema/portugal/populacao+empregada-8	
https://www.pordata.pt/subtema/portugal/populacao+inativa-77	
https://www.pordata.pt/subtema/portugal/populacao+residente-28	
https://www.pordata.pt/subtema/portugal/precos+e+deflatores-262	
https://www.pordata.pt/subtema/portugal/presidencia+da+republica-185	
https://www.pordata.pt/subtema/portugal/prisoes-60	
https://www.pordata.pt/subtema/portugal/processos-56	
https://www.pordata.pt/subtema/portugal/producao++investimento+e+endividamento-377	
https://www.pordata.pt/subtema/portugal/producao+e+criacao+de+valor-248	
https://www.pordata.pt/subtema/portugal/produto+e+produtividade-261	
https://www.pordata.pt/subtema/portugal/publicacoes+cientificas-83	
https://www.pordata.pt/subtema/portugal/receitas-367	
https://www.pordata.pt/subtema/portugal/recenseamento+eleitoral-190	
https://www.pordata.pt/subtema/portugal/recursos+humanos-36	
https://www.pordata.pt/subtema/portugal/recursos+humanos-59	
https://www.pordata.pt/subtema/portugal/recursos+humanos-81	
https://www.pordata.pt/subtema/portugal/rede+judiciaria-58	
https://www.pordata.pt/subtema/portugal/rendimento+e+consumo-265	
https://www.pordata.pt/subtema/portugal/rendimentos-48	
https://www.pordata.pt/subtema/portugal/residuos-89	
https://www.pordata.pt/subtema/portugal/resultados+dos+alunos+do+ensino+nao+superior-273	
https://www.pordata.pt/subtema/portugal/rodoviario-405	
https://www.pordata.pt/subtema/portugal/salarios-11	
https://www.pordata.pt/subtema/portugal/salarios-425	
https://www.pordata.pt/subtema/portugal/seg.+social+++beneficiarios-21	
https://www.pordata.pt/subtema/portugal/seg.+social+++despesas-23	
https://www.pordata.pt/subtema/portugal/seg.+social+++pensoes-22	
https://www.pordata.pt/subtema/portugal/seg.+social+++receitas+e+contribuintes-24	
https://www.pordata.pt/subtema/portugal/servico+nacional+de+saude+(sns)-39	
https://www.pordata.pt/subtema/portugal/servicos+e+utilizacao-35	
https://www.pordata.pt/subtema/portugal/setor+publico+empresarial-391	
https://www.pordata.pt/subtema/portugal/sociedade+de+informacao+e+telecomunicacoes-92	
https://www.pordata.pt/subtema/portugal/superficie+e+producao+agricola-422	
https://www.pordata.pt/subtema/portugal/territorio++biodiversidade+e+protecao+ambiental-91	
https://www.pordata.pt/subtema/portugal/trabalhadores+e+salarios-66	
https://www.pordata.pt/subtema/portugal/turismo+da+populacao+residente-344	
https://www.pordata.pt/tema/europa/agricultura++floresta+e+pescas-91	
https://www.pordata.pt/tema/europa/ambiente++energia+e+territorio-34	
https://www.pordata.pt/tema/europa/ciencia++tecnologia+e+sociedade+de+informacao-33	
https://www.pordata.pt/tema/europa/condicoes+de+vida+e+rendimento+das+familias-31	
https://www.pordata.pt/tema/europa/economia-32	
https://www.pordata.pt/tema/europa/educacao-27	
https://www.pordata.pt/tema/europa/emprego+e+mercado+de+trabalho-29	
https://www.pordata.pt/tema/europa/empresas+e+pessoal-30	
https://www.pordata.pt/tema/europa/justica+e+seguranca-88	
https://www.pordata.pt/tema/europa/objetivos+de+desenvolvimento+sustentavel-92	
https://www.pordata.pt/tema/europa/populacao-25	
https://www.pordata.pt/tema/europa/protecao+social-28	
https://www.pordata.pt/tema/europa/saude-26	
https://www.pordata.pt/tema/europa/transportes-83	
https://www.pordata.pt/tema/europa/turismo-60	
https://www.pordata.pt/tema/municipios/agricultura++floresta+e+pescas-90	
https://www.pordata.pt/tema/municipios/ambiente++energia+e+territorio-46	
https://www.pordata.pt/tema/municipios/ciencia++tecnologia+e+sociedade+de+informacao-54	
https://www.pordata.pt/tema/municipios/cultura-47	
https://www.pordata.pt/tema/municipios/educacao-49	
https://www.pordata.pt/tema/municipios/emprego+e+mercado+de+trabalho-53	
https://www.pordata.pt/tema/municipios/empresas++pessoal+e+produto-55	
https://www.pordata.pt/tema/municipios/habitacao++conforto+e+condicoes+de+vida-50	
https://www.pordata.pt/tema/municipios/justica+e+seguranca-56	
https://www.pordata.pt/tema/municipios/participacao+eleitoral-59	
https://www.pordata.pt/tema/municipios/populacao-48	
https://www.pordata.pt/tema/municipios/protecao+social-57	
https://www.pordata.pt/tema/municipios/saude-52	
https://www.pordata.pt/tema/municipios/turismo-84	
https://www.pordata.pt/tema/portugal/agricultura++floresta+e+pescas-89	
https://www.pordata.pt/tema/portugal/ambiente++energia+e+territorio-23	
https://www.pordata.pt/tema/portugal/atividades+economicas-45	
https://www.pordata.pt/tema/portugal/ciencia++tecnologia+e+sociedade+de+informacao-24	
https://www.pordata.pt/tema/portugal/contas+publicas-5	
https://www.pordata.pt/tema/portugal/cultura+e+desporto-14	
https://www.pordata.pt/tema/portugal/economia-11	
https://www.pordata.pt/tema/portugal/educacao-17	
https://www.pordata.pt/tema/portugal/emprego+e+mercado+de+trabalho-3	
https://www.pordata.pt/tema/portugal/empresas+e+pessoal-4	
https://www.pordata.pt/tema/portugal/habitacao++conforto+e+condicoes+de+vida-9	
https://www.pordata.pt/tema/portugal/justica+e+seguranca-19	
https://www.pordata.pt/tema/portugal/participacao+eleitoral-44	
https://www.pordata.pt/tema/portugal/populacao-1	
https://www.pordata.pt/tema/portugal/protecao+social-10	
https://www.pordata.pt/tema/portugal/rendimento+e+despesas+familiares-8	
https://www.pordata.pt/tema/portugal/saude-12	
https://www.pordata.pt/tema/portugal/transportes-87	
https://www.pordata.pt/tema/portugal/turismo-82	
https://www.pordata.pt/termos+legais	2026-01-29
https://www.pordata.pt/todos+os+retratos/	
