id,area,name,fontes,ultima_atualizacao,url,removed,featured
1415,europa,Abastecimento público de água,Eurostat | OCDE | Institutos Nacionais de Estatística | PORDATA,2026-01-06,https://www.pordata.pt/europa/abastecimento+publico+de+agua-1415,,
3393,europa,Abortos: Interrupções voluntárias de gravidez,Eurostat | NU | Institutos Nacionais de Estatística | PORDATA,2026-03-24,https://www.pordata.pt/europa/abortos+interrupcoes+voluntarias+de+gravidez-3393,,
3308,europa,Absolvidos da prática de crimes,Eurostat | UNODC | Entidades Nacionais | PORDATA,2026-04-29,https://www.pordata.pt/europa/absolvidos-3308,,
1712,europa,"Acidentes de trabalho graves, por 100 mil empregados: total e por alguns setores de atividade económica",Eurostat | Institutos Nacionais de Estatística | Entidades Nacionais | PORDATA,2026-07-09,https://www.pordata.pt/europa/acidentes+de+trabalho+graves++por+100+mil+empregados+total+e+por+alguns+setores+de+atividade+economica-1712,,
1355,europa,Acidentes de trabalho graves e mortais,Eurostat | Entidades Nacionais | PORDATA,2026-07-09,https://www.pordata.pt/europa/acidentes+de+trabalho+graves+e+mortais-1355,,
1304,europa,Acidentes de trabalho graves: total e por alguns setores de atividade económica,Eurostat | Entidades Nacionais | PORDATA,2026-07-09,https://www.pordata.pt/europa/acidentes+de+trabalho+graves+total+e+por+alguns+setores+de+atividade+economica-1304,,
1713,europa,"Acidentes de trabalho mortais, por 100 mil empregados: total e por alguns setores de atividade económica",Eurostat | Institutos Nacionais de Estatística | Entidades Nacionais | PORDATA,2026-07-09,https://www.pordata.pt/europa/acidentes+de+trabalho+mortais++por+100+mil+empregados+total+e+por+alguns+setores+de+atividade+economica-1713,,
3572,europa,Acidentes de trabalho mortais por 100 mil empregados: total e por sexo,Eurostat | Entidades Nacionais | PORDATA,2026-07-09,https://www.pordata.pt/europa/acidentes+de+trabalho+mortais+por+100+mil+empregados+total+e+por+sexo-3572,,
1314,europa,Acidentes de trabalho mortais: total e por alguns setores de atividade económica,Eurostat | Entidades Nacionais | PORDATA,2026-07-09,https://www.pordata.pt/europa/acidentes+de+trabalho+mortais+total+e+por+alguns+setores+de+atividade+economica-1314,,
1325,europa,Acidentes de trabalho mortais: total e por sexo,Eurostat | Entidades Nacionais | PORDATA,2026-07-09,https://www.pordata.pt/europa/acidentes+de+trabalho+mortais+total+e+por+sexo-1325,,
3043,europa,Evolução de Acidentes de viação por países,CE | DG MOVE | Entidades Nacionais | PORDATA,2026-05-19,https://www.pordata.pt/europa/acidentes+de+viacao-3043,,
2724,europa,Acidentes ferroviários: total e por tipo de acidente,Eurostat | ERA | Entidades Nacionais | PORDATA,2026-01-12,https://www.pordata.pt/europa/acidentes+ferroviarios+total+e+por+tipo+de+acidente-2724,,
3590,europa,Administrações Públicas: despesa em tribunais <em>per capita</em>,Eurostat | Entidades Nacionais | PORDATA,2026-03-24,https://www.pordata.pt/europa/administracoes+publicas+despesa+em+tribunais+per+capita-3590,,
1547,europa,"Administrações Públicas: despesas, receitas e défice/excedente público (Euro)",Eurostat | Entidades Nacionais | PORDATA,2026-04-23,https://www.pordata.pt/europa/administracoes+publicas+despesas++receitas+e+defice+excedente+publico+(euro)-1547,,
1762,europa,"Administrações Públicas: despesas, receitas e défice/excedente público, em % do PIB",Eurostat | Entidades Nacionais | PORDATA,2026-04-23,https://www.pordata.pt/europa/administracoes+publicas+despesas++receitas+e+defice+excedente+publico++em+percentagem+do+pib-1762,,
1968,europa,Administrações Públicas: despesas por categoria (Euro),Eurostat | Entidades Nacionais | PORDATA,2026-04-23,https://www.pordata.pt/europa/administracoes+publicas+despesas+por+categoria+(euro)-1968,,
1980,europa,Administrações Públicas: despesas por categoria (%),Eurostat | Entidades Nacionais | PORDATA,2026-04-23,https://www.pordata.pt/europa/administracoes+publicas+despesas+por+categoria+(percentagem)-1980,,
1763,europa,Administrações Públicas: dívida bruta em % do PIB,Eurostat | Entidades Nacionais | PORDATA,2026-04-23,https://www.pordata.pt/europa/administracoes+publicas+divida+bruta+em+percentagem+do+pib-1763,,
1967,europa,Administrações Públicas: impostos sobre o rendimento (Euro),Eurostat | Entidades Nacionais | PORDATA,2026-01-21,https://www.pordata.pt/europa/administracoes+publicas+impostos+sobre+o+rendimento+(euro)-1967,,
1964,europa,Administrações Públicas: receitas por categoria (Euro),Eurostat | Entidades Nacionais | PORDATA,2026-04-23,https://www.pordata.pt/europa/administracoes+publicas+receitas+por+categoria+(euro)-1964,,
1977,europa,Administrações Públicas: receitas por categoria (%),Eurostat | Entidades Nacionais | PORDATA,2026-04-23,https://www.pordata.pt/europa/administracoes+publicas+receitas+por+categoria+(percentagem)-1977,,
1628,europa,"Adultos a viverem sozinhos com crianças ou filhos, por sexo (%)",Eurostat | Institutos Nacionais de Estatística | PORDATA,2026-04-17,https://www.pordata.pt/europa/adultos+a+viverem+sozinhos+com+criancas+ou+filhos++por+sexo+(percentagem)-1628,,
1626,europa,Adultos a viverem sozinhos com crianças ou filhos: total e por sexo,Eurostat | Institutos Nacionais de Estatística | PORDATA,2026-04-17,https://www.pordata.pt/europa/adultos+a+viverem+sozinhos+com+criancas+ou+filhos+total+e+por+sexo-1626,,
2698,europa,Aeroportos comerciais: total e por tipo,Eurostat | Entidades Nacionais | Agência Europeia de Segurança Aérea (EASA) | Airclaims | PORDATA,2026-07-01,https://www.pordata.pt/europa/aeroportos+comerciais+total+e+por+tipo-2698,,
3656,europa,Agregados domésticos com cobertura de Internet de alta velocidade,Comissão Europeia (CE) - Direção-Geral das Redes de Comunicação | Conteúdos e Tecnologias | Eurostat | PORDATA,2026-06-18,https://www.pordata.pt/europa/agregados+domesticos+com+cobertura+de+internet+de+alta+velocidade-3656,,
1494,europa,"Agregados domésticos privados com computador, com ligação à Internet em casa e com ligação à Internet através de banda larga (%)",Eurostat | Institutos Nacionais de Estatística | PORDATA,2026-01-09,https://www.pordata.pt/europa/agregados+domesticos+privados+com+computador++com+ligacao+a+internet+em+casa+e+com+ligacao+a+internet+atraves+de+banda+larga+(percentagem)-1494,,
1629,europa,Agregados domésticos privados por tipo de composição do agregado (%),Eurostat | Institutos Nacionais de Estatística | PORDATA,2026-04-17,https://www.pordata.pt/europa/agregados+domesticos+privados+por+tipo+de+composicao+do+agregado+(percentagem)-1629,,
1615,europa,Agregados domésticos privados: total e por número de crianças,Eurostat | Institutos Nacionais de Estatística | PORDATA,2026-04-17,https://www.pordata.pt/europa/agregados+domesticos+privados+total+e+por+numero+de+criancas-1615,,
1614,europa,Agregados domésticos privados: total e por tipo de composição do agregado,Eurostat | Institutos Nacionais de Estatística | PORDATA,2026-04-17,https://www.pordata.pt/europa/agregados+domesticos+privados+total+e+por+tipo+de+composicao+do+agregado-1614,,
1627,europa,Agregados domésticos unipessoais de indivíduos com 65 e mais anos em % do total de agregados,Eurostat | Institutos Nacionais de Estatística | PORDATA,2026-04-17,https://www.pordata.pt/europa/agregados+domesticos+unipessoais+de+individuos+com+65+e+mais+anos+em+percentagem+do+total+de+agregados-1627,,
1616,europa,Agregados domésticos unipessoais: total e com 65 e mais anos,Eurostat | Institutos Nacionais de Estatística | PORDATA,2026-04-17,https://www.pordata.pt/europa/agregados+domesticos+unipessoais+total+e+com+65+e+mais+anos-1616,,
3642,europa,Águas marinhas afetadas pela eutrofização,Eurostat | Serviço de Monitorização do Meio Marinho do Copernicus (CMEMS) | Mercator Ocean International | PORDATA,2026-03-12,https://www.pordata.pt/europa/aguas+marinhas+afetadas+pela+eutrofizacao-3642,,
1352,europa,Ajuda financeira aos alunos em % da despesa pública em educação: total e por nível de ensino (1999-2011),Eurostat | UNESCO-UIS | OCDE | Entidades Nacionais | PORDATA,2025-12-29,https://www.pordata.pt/europa/ajuda+financeira+aos+alunos+em+percentagem+da+despesa+publica+em+educacao+total+e+por+nivel+de+ensino+(1999+2011)-1352,,
3596,europa,Ajuda pública ao desenvolvimento em % do rendimento nacional bruto,Comité de Assistência ao Desenvolvimento (CAD) da OCDE | PORDATA,2026-03-13,https://www.pordata.pt/europa/ajuda+publica+ao+desenvolvimento+em+percentagem+do+rendimento+nacional+bruto-3596,,
2436,europa,Alojamentos turísticos coletivos: total e por tipo,Eurostat | Entidades Nacionais | PORDATA,2026-07-03,https://www.pordata.pt/europa/alojamentos+turisticos+coletivos+total+e+por+tipo-2436,,
1303,europa,Alunos do sexo feminino matriculados no ensino superior (ISCED 5-8): total e por área de educação,Eurostat | UNESCO-UIS | OCDE | Entidades Nacionais | PORDATA,2026-03-19,https://www.pordata.pt/europa/alunos+do+sexo+feminino+matriculados+no+ensino+superior+(isced+5+8)+total+e+por+area+de+educacao-1303,,
1294,europa,Alunos do sexo feminino matriculados: total e por nível de ensino,Eurostat | UNESCO-UIS | OCDE | Entidades Nacionais | PORDATA,2026-03-17,https://www.pordata.pt/europa/alunos+do+sexo+feminino+matriculados+total+e+por+nivel+de+ensino-1294,,
1301,europa,Alunos do sexo masculino matriculados no ensino superior (ISCED 5-8): total e por área de educação,Eurostat | UNESCO-UIS | OCDE | Entidades Nacionais | PORDATA,2026-03-19,https://www.pordata.pt/europa/alunos+do+sexo+masculino+matriculados+no+ensino+superior+(isced+5+8)+total+e+por+area+de+educacao-1301,,
1293,europa,Alunos do sexo masculino matriculados: total e por nível de ensino,Eurostat | UNESCO-UIS | OCDE | Entidades Nacionais | PORDATA,2026-03-17,https://www.pordata.pt/europa/alunos+do+sexo+masculino+matriculados+total+e+por+nivel+de+ensino-1293,,
1658,europa,Alunos matriculados em % da população residente: total e por nível de ensino,Eurostat | UNESCO-UIS | OCDE | Entidades Nacionais | NU | Institutos Nacionais de Estatística | PORDATA,2026-07-10,https://www.pordata.pt/europa/alunos+matriculados+em+percentagem+da+populacao+residente+total+e+por+nivel+de+ensino-1658,,
1327,europa,Alunos matriculados no ensino básico 1.º e 2.º ciclos (ISCED 1): total e por subsistema de ensino,Eurostat | UNESCO-UIS | OCDE | Entidades Nacionais | PORDATA,2026-03-17,https://www.pordata.pt/europa/alunos+matriculados+no+ensino+basico+1.%c2%ba+e+2.%c2%ba+ciclos+(isced+1)+total+e+por+subsistema+de+ensino-1327,,
1328,europa,Alunos matriculados no ensino básico 3.º ciclo (ISCED 2): total e por subsistema de ensino,Eurostat | UNESCO-UIS | OCDE | Entidades Nacionais | PORDATA,2026-03-17,https://www.pordata.pt/europa/alunos+matriculados+no+ensino+basico+3.%c2%ba+ciclo+(isced+2)+total+e+por+subsistema+de+ensino-1328,,
1330,europa,Alunos matriculados no ensino pré-escolar (ISCED 02): total e por subsistema de ensino,Eurostat | UNESCO-UIS | OCDE | Entidades Nacionais | PORDATA,2026-03-17,https://www.pordata.pt/europa/alunos+matriculados+no+ensino+pre+escolar+(isced+02)+total+e+por+subsistema+de+ensino-1330,,
1329,europa,Alunos matriculados no ensino secundário (ISCED 3): total e por subsistema de ensino,Eurostat | UNESCO-UIS | OCDE | Entidades Nacionais | PORDATA,2026-03-17,https://www.pordata.pt/europa/alunos+matriculados+no+ensino+secundario+(isced+3)+total+e+por+subsistema+de+ensino-1329,,
1299,europa,Alunos matriculados no ensino superior (ISCED 5-8): total e por área de educação,Eurostat | UNESCO-UIS | OCDE | Entidades Nacionais | PORDATA,2026-03-19,https://www.pordata.pt/europa/alunos+matriculados+no+ensino+superior+(isced+5+8)+total+e+por+area+de+educacao-1299,,
1296,europa,Alunos matriculados no ensino superior (ISCED 5-8): total e por sexo,Eurostat | UNESCO-UIS | OCDE | Entidades Nacionais | PORDATA,2026-03-17,https://www.pordata.pt/europa/alunos+matriculados+no+ensino+superior+(isced+5+8)+total+e+por+sexo-1296,,
1877,europa,Alunos matriculados no ensino superior (ISCED 5-8): total e por subsistema de ensino (percentagem),Eurostat | UNESCO-UIS | OCDE | Entidades Nacionais | PORDATA,2026-03-17,https://www.pordata.pt/europa/alunos+matriculados+no+ensino+superior+(isced+5+8)+total+e+por+subsistema+de+ensino+(percentagem)-1877,,
1326,europa,Alunos matriculados no ensino superior (ISCED 5-8): total e por subsistema de ensino,Eurostat | UNESCO-UIS | OCDE | Entidades Nacionais | PORDATA,2026-03-17,https://www.pordata.pt/europa/alunos+matriculados+no+ensino+superior+(isced+5+8)+total+e+por+subsistema+de+ensino-1326,,
1291,europa,Alunos matriculados: total e por nível de ensino,Eurostat | UNESCO-UIS | OCDE | Entidades Nacionais | PORDATA,2026-03-17,https://www.pordata.pt/europa/alunos+matriculados+total+e+por+nivel+de+ensino-1291,,
1356,europa,Anos de escolaridade esperados (ISCED 02-8) (1998-2012),Eurostat | UNESCO-UIS | OCDE | NU | Entidades Nacionais | PORDATA,2020-01-31,https://www.pordata.pt/europa/anos+de+escolaridade+esperados+(isced+02+8)+(1998+2012)-1356,,
3654,europa,Anos de vida saudável à nascença: total e por sexo,Eurostat | Entidades Nacionais | PORDATA,2026-06-17,https://www.pordata.pt/europa/anos+de+vida+saudavel+a+nascenca+total+e+por+sexo-3654,,
1590,europa,Anos de vida saudável aos 65 anos: por sexo,Eurostat a partir de dados de Entidades Nacionais | PORDATA,2026-06-17,https://www.pordata.pt/europa/anos+de+vida+saudavel+aos+65+anos+por+sexo-1590,,
3602,europa,Apoio do governo à investigação e desenvolvimento (I&D) na agricultura <em>per capita</em>,Eurostat | OCDE | Entidades Nacionais | PORDATA,2026-08-07,https://www.pordata.pt/europa/apoio+do+governo+a+investigacao+e+desenvolvimento+(i+d)+na+agricultura+per+capita-3602,,
3536,europa,Apoio do governo à investigação e desenvolvimento (I&D) na agricultura,Eurostat | OCDE | Entidades Nacionais | PORDATA,2026-08-07,https://www.pordata.pt/europa/apoio+do+governo+a+investigacao+e+desenvolvimento+(i+d)+na+agricultura-3536,,
3358,europa,Aquisições de nacionalidade por 100 mil habitantes,Eurostat | NU | OIT | Entidades Nacionais | Institutos Nacionais de Estatística | PORDATA,2026-07-10,https://www.pordata.pt/europa/aquisicoes+de+nacionalidade+por+100+mil+habitantes-3358,,
1290,europa,Aquisições de nacionalidade,Eurostat | NU | OIT | Entidades Nacionais | PORDATA,2026-03-24,https://www.pordata.pt/europa/aquisicoes+de+nacionalidade-1290,,
1888,europa,Área ardida por incêndio,Eurostat | UNECE | ITTO | FAO | Entidades Nacionais | PORDATA,2026-05-20,https://www.pordata.pt/europa/area+ardida+por+incendio-1888,,
3537,europa,Área em agricultura biológica (%),Eurostat | Entidades Nacionais | PORDATA,2026-01-09,https://www.pordata.pt/europa/area+em+agricultura+biologica+(percentagem)-3537,,
3626,europa,Área florestal na superfície total do país (%),Eurostat | Entidades Nacionais | PORDATA,2026-01-09,https://www.pordata.pt/europa/area+florestal+na+superficie+total+do+pais+(percentagem)-3626,,
3632,europa,Áreas balneares com qualidade de água excelente,Eurostat | AEA | Entidades Nacionais | PORDATA,2026-01-12,https://www.pordata.pt/europa/areas+balneares+com+qualidade+de+agua+excelente-3632,,
3300,europa,Arguidos: total e por nacionalidade,Eurostat | UNODC | Entidades Nacionais | PORDATA,2026-04-29,https://www.pordata.pt/europa/arguidos+total+e+por+nacionalidade-3300,,
3298,europa,Arguidos: total e por sexo,Eurostat | UNODC | Entidades Nacionais | PORDATA,2026-04-29,https://www.pordata.pt/europa/arguidos+total+e+por+sexo-3298,,
1506,europa,Assinaturas do acesso à Internet,Eurostat | UIT | Entidades Nacionais | DG CONNECT | PORDATA,2026-01-15,https://www.pordata.pt/europa/assinaturas+do+acesso+a+internet+(1997+2019)-1506,,
1714,europa,Assinaturas do acesso à Internet por mil habitantes,Eurostat | NU | Institutos Nacionais de Estatística | UIT | Entidades Nacionais | DG CONNECT | PORDATA,2026-07-10,https://www.pordata.pt/europa/assinaturas+do+acesso+a+internet+por+mil+habitantes-1714,,
1505,europa,Assinaturas do serviço de telemóvel,Eurostat | UIT | Entidades Nacionais | DG CONNECT | PORDATA,2026-01-15,https://www.pordata.pt/europa/assinaturas+do+servico+de+telemovel+(1989+2016)-1505,,
1953,europa,Assinaturas do serviço de telemóvel por mil habitantes,Eurostat | NU | Institutos Nacionais de Estatística | UIT | Entidades Nacionais | DG CONNECT | PORDATA,2026-07-10,https://www.pordata.pt/europa/assinaturas+do+servico+de+telemovel+por+mil+habitantes-1953,,
1766,europa,Balança comercial em % do PIB,PORDATA,2026-01-12,https://www.pordata.pt/europa/balanca+comercial+em+percentagem+do+pib-1766,,
1554,europa,Balança comercial: exportação (Euro),Eurostat | BCE | Entidades Nacionais | PORDATA,2026-04-10,https://www.pordata.pt/europa/balanca+comercial+exportacao+(euro)-1554,,
1555,europa,Balança comercial: importação (Euro),Eurostat | BCE | Entidades Nacionais | PORDATA,2026-04-10,https://www.pordata.pt/europa/balanca+comercial+importacao+(euro)-1555,,
1553,europa,Balança comercial: saldo (Euro),Eurostat | BCE | Entidades Nacionais | PORDATA,2026-04-10,https://www.pordata.pt/europa/balanca+comercial+saldo+(euro)-1553,,
2746,europa,Balança corrente: exportações (Euro),Eurostat | BCE | Entidades Nacionais | PORDATA,2026-04-10,https://www.pordata.pt/europa/balanca+corrente+exportacoes+(euro)-2746,,
2742,europa,Balança corrente: importações (Euro),Eurostat | BCE | Entidades Nacionais | PORDATA,2026-04-10,https://www.pordata.pt/europa/balanca+corrente+importacoes+(euro)-2742,,
1551,europa,Balança corrente: saldos (Euro),Eurostat | BCE | Entidades Nacionais | PORDATA,2026-04-10,https://www.pordata.pt/europa/balanca+corrente+saldos+(euro)-1551,,
2665,europa,Balança corrente: saldos em % do PIB,PORDATA,2026-01-05,https://www.pordata.pt/europa/balanca+corrente+saldos+em+percentagem+do+pib-2665,,
2666,europa,Balança de capital (Euro),Eurostat | BCE | Entidades Nacionais | PORDATA,2026-04-10,https://www.pordata.pt/europa/balanca+de+capital+(euro)-2666,,
2747,europa,Balança de capital em % do PIB,PORDATA,2026-01-08,https://www.pordata.pt/europa/balanca+de+capital+em+percentagem+do+pib-2747,,
2696,europa,Balança de pagamentos tecnológica em % do PIB (1993-2015),OCDE | Eurostat | Entidades Nacionais | PORDATA,2023-01-05,https://www.pordata.pt/europa/balanca+de+pagamentos+tecnologica+em+percentagem+do+pib+(1993+2015)-2696,,
2744,europa,Balança financeira: investimento de carteira (Euro),Eurostat | BCE | Entidades Nacionais | PORDATA,2026-04-13,https://www.pordata.pt/europa/balanca+financeira+investimento+de+carteira+(euro)-2744,,
2743,europa,Balança financeira: investimento direto (Euro),Eurostat | BCE | Entidades Nacionais | PORDATA,2026-04-10,https://www.pordata.pt/europa/balanca+financeira+investimento+direto+(euro)-2743,,
1334,europa,Camas disponíveis em hospitais,Eurostat | OMS | OCDE | Entidades Nacionais | PORDATA,2026-07-13,https://www.pordata.pt/europa/camas+disponiveis+em+hospitais-1334,,
1700,europa,Camas em hospitais por 100 mil habitantes,Eurostat | OMS | OCDE | Entidades Nacionais | NU | Institutos Nacionais de Estatística | PORDATA,2026-07-13,https://www.pordata.pt/europa/camas+em+hospitais+por+100+mil+habitantes-1700,,
2438,europa,Camas nos alojamentos turísticos coletivos: total e por tipo de alojamento,Eurostat | Entidades Nacionais | PORDATA,2026-07-03,https://www.pordata.pt/europa/camas+nos+alojamentos+turisticos+coletivos+total+e+por+tipo+de+alojamento-2438,,
1264,europa,Evolução do número de Casamentos por países,Eurostat | NU | Institutos Nacionais de Estatística | PORDATA,2026-03-19,https://www.pordata.pt/europa/casamentos-1264,,
3354,europa,Condenados por 100 mil habitantes,Eurostat | UNODC | Entidades Nacionais | NU | Institutos Nacionais de Estatística | PORDATA,2026-07-10,https://www.pordata.pt/europa/condenados+por+100+mil+habitantes-3354,,
3301,europa,Condenados: total e por nacionalidade,Eurostat | UNODC | Entidades Nacionais | PORDATA,2026-04-29,https://www.pordata.pt/europa/condenados+total+e+por+nacionalidade-3301,,
3299,europa,Condenados: total e por sexo,Eurostat | UNODC | Entidades Nacionais | PORDATA,2026-04-29,https://www.pordata.pt/europa/condenados+total+e+por+sexo-3299,,
2967,europa,Consumo das famílias no território económico: total e por durabilidade (Euro),Eurostat | Institutos Nacionais de Estatística | PORDATA,2026-03-03,https://www.pordata.pt/europa/consumo+das+familias+no+territorio+economico+total+e+por+durabilidade+(euro)-2967,,
3545,europa,Consumo de antibióticos,DG SANTE | Eurostat | PORDATA,2026-03-06,https://www.pordata.pt/europa/consumo+de+antibioticos-3545,,
1473,europa,Consumo de energia elétrica: total e por tipo de setor consumidor,Eurostat | AIE | UNECE | Entidades Nacionais | PORDATA,2026-01-12,https://www.pordata.pt/europa/consumo+de+energia+eletrica+total+e+por+tipo+de+setor+consumidor-1473,,
3551,europa,Consumo de energia final das famílias <em>per capita</em>,Eurostat | AIE | UNECE | Entidades Nacionais | PORDATA,2026-01-09,https://www.pordata.pt/europa/consumo+de+energia+final+das+familias+per+capita-3551,,
1476,europa,Consumo de energia final: por tipo de produto energético,Eurostat | AIE | UNECE | Entidades Nacionais | PORDATA,2026-01-09,https://www.pordata.pt/europa/consumo+de+energia+final+por+tipo+de+produto+energetico-1476,,
1397,europa,Consumo de energia final: total e por tipo de setor consumidor,Eurostat | AIE | UNECE | Entidades Nacionais | PORDATA,2026-01-12,https://www.pordata.pt/europa/consumo+de+energia+final+total+e+por+tipo+de+setor+consumidor-1397,,
3546,europa,Consumo de energia primária e de energia final,Eurostat | AIE | UNECE | Entidades Nacionais | PORDATA,2026-01-09,https://www.pordata.pt/europa/consumo+de+energia+primaria+e+de+energia+final-3546,,
1520,europa,Consumo final efetivo das famílias: por tipo de bens e serviços (PPC),Eurostat | Institutos Nacionais de Estatística | PORDATA,2026-01-26,https://www.pordata.pt/europa/consumo+final+efetivo+das+familias+por+tipo+de+bens+e+servicos+(ppc)-1520,,
1535,europa,"Consumo final: total, público e privado (Euro)",Eurostat | Institutos Nacionais de Estatística | PORDATA,2026-03-03,https://www.pordata.pt/europa/consumo+final+total++publico+e+privado+(euro)-1535,,
1537,europa,"Consumo final: total, público e privado (PPC)",Eurostat | Institutos Nacionais de Estatística | PORDATA,2026-03-30,https://www.pordata.pt/europa/consumo+final+total++publico+e+privado+(ppc)-1537,,
1768,europa,"Consumo final: total, público e privado em % do PIB",Eurostat | Institutos Nacionais de Estatística | PORDATA,2026-03-23,https://www.pordata.pt/europa/consumo+final+total++publico+e+privado+em+percentagem+do+pib-1768,,
1396,europa,Consumo interno bruto de energia,Eurostat | AIE | UNECE | Entidades Nacionais | PORDATA,2026-01-09,https://www.pordata.pt/europa/consumo+interno+bruto+de+energia-1396,,
3330,europa,Consumo interno de materiais: total e por tipo de material,Eurostat | Institutos Nacionais de Estatística | PORDATA,2026-07-02,https://www.pordata.pt/europa/consumo+interno+de+materiais+total+e+por+tipo+de+material-3330,,
1538,europa,"Consumo privado: total, famílias e instituições sem fim lucrativo ao serviço das famílias (Euro)",Eurostat | Institutos Nacionais de Estatística | PORDATA,2026-03-03,https://www.pordata.pt/europa/consumo+privado+total++familias+e+instituicoes+sem+fim+lucrativo+ao+servico+das+familias+(euro)-1538,,
1539,europa,"Consumo privado: total, famílias e instituições sem fim lucrativo ao serviço das famílias (PPC)",Eurostat | Institutos Nacionais de Estatística | PORDATA,2026-03-30,https://www.pordata.pt/europa/consumo+privado+total++familias+e+instituicoes+sem+fim+lucrativo+ao+servico+das+familias+(ppc)-1539,,
1729,europa,Contribuição das energias renováveis na produção primária de energia (%),Eurostat | AIE | UNECE | Entidades Nacionais | PORDATA,2026-05-21,https://www.pordata.pt/europa/contribuicao+das+energias+renovaveis+na+producao+primaria+de+energia+(percentagem)-1729,,
3600,europa,Contribuição das energias renováveis no consumo de energia final (%),Eurostat | AIE | UNECE | Entidades Nacionais | PORDATA,2026-07-13,https://www.pordata.pt/europa/contribuicao+das+energias+renovaveis+no+consumo+de+energia+final+(percentagem)-3600,,
3627,europa,Contribuição dos impostos ambientais nas receitas fiscais totais (%),Eurostat | Entidades Nacionais | PORDATA,2026-02-11,https://www.pordata.pt/europa/contribuicao+dos+impostos+ambientais+nas+receitas+fiscais+totais+(percentagem)-3627,,
3621,europa,Contribuição para o compromisso de $100 mil milhões em despesas relacionadas com o clima,Eurostat | AEA | DG CLIMA | PORDATA,2026-02-16,https://www.pordata.pt/europa/contribuicao+para+o+compromisso+de++100+mil+milhoes+em+despesas+relacionadas+com+o+clima-3621,,
1568,europa,Contributo dos saldos natural e migratório para a variação populacional anual (%),Eurostat | NU | Institutos Nacionais de Estatística | PORDATA,2026-01-20,https://www.pordata.pt/europa/contributo+dos+saldos+natural+e+migratorio+para+a+variacao+populacional+anual+(percentagem)-1568,,
3285,europa,Registos de crimes por Categoria,Eurostat | UNODC | Entidades Nacionais | PORDATA,2026-04-29,https://www.pordata.pt/europa/crimes+por+categoria-3285,,
3164,europa,Custos com encargos sociais dos trabalhadores por conta de outrem nas empresas: por alguns setores de atividade económica,Eurostat | OCDE | Entidades Nacionais | PORDATA,2025-12-02,https://www.pordata.pt/europa/custos+com+encargos+sociais+dos+trabalhadores+por+conta+de+outrem+nas+empresas+por+alguns+setores+de+atividade+economica-3164,,
3163,europa,Custos com ordenados e salários dos trabalhadores por conta de outrem nas empresas: por alguns setores de atividade económica,Eurostat | OCDE | Entidades Nacionais | PORDATA,2025-12-02,https://www.pordata.pt/europa/custos+com+ordenados+e+salarios+dos+trabalhadores+por+conta+de+outrem+nas+empresas+por+alguns+setores+de+atividade+economica-3163,,
3162,europa,Custos com os trabalhadores por conta de outrem ao serviço nas empresas: por alguns setores de atividade económica,Eurostat | OCDE | Entidades Nacionais | PORDATA,2026-01-09,https://www.pordata.pt/europa/custos+com+os+trabalhadores+por+conta+de+outrem+ao+servico+nas+empresas+por+alguns+setores+de+atividade+economica-3162,,
3165,europa,Custos com salários e ordenados em % do total dos custos com o pessoal nas empresas: por alguns setores de atividade económica,Eurostat | OCDE | Entidades Nacionais | PORDATA,2022-10-28,https://www.pordata.pt/europa/custos+com+salarios+e+ordenados+em+percentagem+do+total+dos+custos+com+o+pessoal+nas+empresas+por+alguns+setores+de+atividade+economica-3165,,
3166,europa,Custos médios com o pessoal por trabalhador: por alguns setores de atividade económica,Eurostat | OCDE | Entidades Nacionais | PORDATA,2022-10-28,https://www.pordata.pt/europa/custos+medios+com+o+pessoal+por+trabalhador+por+alguns+setores+de+atividade+economica-3166,,
1802,europa,Densidade populacional,PORDATA,2026-03-19,https://www.pordata.pt/europa/densidade+populacional-1802,,
1698,europa,Dentistas por 100 mil habitantes,Eurostat | OMS | OCDE | Entidades Nacionais | NU | Institutos Nacionais de Estatística | PORDATA,2026-07-10,https://www.pordata.pt/europa/dentistas+por+100+mil+habitantes-1698,,
3601,europa,Dependência das importações de energia,Eurostat | AIE | UNECE | Entidades Nacionais | PORDATA,2026-01-09,https://www.pordata.pt/europa/dependencia+das+importacoes+de+energia-3601,,
1540,europa,Desigualdade na distribuição do rendimento (S80/S20),Eurostat | Entidades Nacionais | PORDATA,2026-03-26,https://www.pordata.pt/europa/desigualdade+na+distribuicao+do+rendimento+(s80+s20)-1540,,
2119,europa,"Desigualdades entre taxas de desemprego, dos 15 aos 74 anos: por nível de escolaridade",Eurostat | Institutos Nacionais de Estatística | PORDATA,2026-04-20,https://www.pordata.pt/europa/desigualdades+entre+taxas+de+desemprego++dos+15+aos+74+anos+por+nivel+de+escolaridade-2119,,
1962,europa,Despesa em cuidados de saúde em % do PIB,Eurostat | Institutos Nacionais de Estatística | OMS | OCDE | Entidades Nacionais | PORDATA,2026-03-03,https://www.pordata.pt/europa/despesa+em+cuidados+de+saude+em+percentagem+do+pib-1962,,
1963,europa,Despesa em cuidados de saúde por habitante (Euro),Eurostat | OMS | OCDE | Entidades Nacionais | NU | Institutos Nacionais de Estatística | PORDATA,2026-07-10,https://www.pordata.pt/europa/despesa+em+cuidados+de+saude+por+habitante+(euro)-1963,,
2580,europa,Despesa em cuidados de saúde: total e por tipo de agente financiador (Euro),Eurostat | OMS | OCDE | Entidades Nacionais | PORDATA,2026-01-20,https://www.pordata.pt/europa/despesa+em+cuidados+de+saude+total+e+por+tipo+de+agente+financiador+(euro)-2580,,
1288,europa,Despesa em cuidados de saúde: total e por tipo de prestador (Euro),Eurostat | OMS | OCDE | Entidades Nacionais | PORDATA,2026-03-06,https://www.pordata.pt/europa/despesa+em+cuidados+de+saude+total+e+por+tipo+de+prestador+(euro)-1288,,
2531,europa,Despesa média em viagens turísticas por turista (Euro/ECU),Eurostat | Entidades Nacionais | PORDATA,2026-01-20,https://www.pordata.pt/europa/despesa+media+em+viagens+turisticas+por+turista+(euro+ecu)-2531,,
2538,europa,Despesa média por viagem turística: total e por destino da viagem (Euro/ECU),Eurostat | Entidades Nacionais | PORDATA,2026-01-20,https://www.pordata.pt/europa/despesa+media+por+viagem+turistica+total+e+por+destino+da+viagem+(euro+ecu)-2538,,
1351,europa,Despesa pública em educação: total e por nível de ensino (PPC),Eurostat | UNESCO-UIS | OCDE | Entidades Nacionais | PORDATA,2026-07-01,https://www.pordata.pt/europa/despesa+publica+em+educacao+total+e+por+nivel+de+ensino+(ppc)-1351,,
1578,europa,Despesas da proteção social em % do PIB,Eurostat | Institutos Nacionais de Estatística | Ministérios dos Assuntos Sociais | PORDATA,2026-03-03,https://www.pordata.pt/europa/despesas+da+protecao+social+em+percentagem+do+pib-1578,,
1411,europa,Despesas da proteção social: total e por função (Euro),Eurostat | Institutos Nacionais de Estatística | Ministérios dos Assuntos Sociais | PORDATA,2026-01-20,https://www.pordata.pt/europa/despesas+da+protecao+social+total+e+por+funcao+(euro)-1411,,
1407,europa,"Despesas da proteção social: total e por função, a preços constantes (base=2010)",Eurostat | Institutos Nacionais de Estatística | Ministérios dos Assuntos Sociais | PORDATA,2026-01-20,https://www.pordata.pt/europa/despesas+da+protecao+social+total+e+por+funcao++a+precos+constantes-1407,,
1581,europa,"Despesas da proteção social: total e por função, por habitante (Euro)",Eurostat | Institutos Nacionais de Estatística | Ministérios dos Assuntos Sociais | NU | PORDATA,2026-07-10,https://www.pordata.pt/europa/despesas+da+protecao+social+total+e+por+funcao++por+habitante+(euro)-1581,,
1586,europa,Despesas da proteção social: total e por tipo (Euro),Eurostat | Institutos Nacionais de Estatística | Ministérios dos Assuntos Sociais | PORDATA,2026-01-12,https://www.pordata.pt/europa/despesas+da+protecao+social+total+e+por+tipo+(euro)-1586,,
1402,europa,"Despesas da proteção social: total e por tipo, a preços constantes (base=2010)",Eurostat | Institutos Nacionais de Estatística | Ministérios dos Assuntos Sociais | PORDATA,2026-01-20,https://www.pordata.pt/europa/despesas+da+protecao+social+total+e+por+tipo++a+precos+constantes-1402,,
1580,europa,"Despesas da proteção social: total e por tipo, por habitante (Euro)",Eurostat | Institutos Nacionais de Estatística | Ministérios dos Assuntos Sociais | NU | PORDATA,2026-07-10,https://www.pordata.pt/europa/despesas+da+protecao+social+total+e+por+tipo++por+habitante+(euro)-1580,,
1728,europa,Despesas de consumo final das famílias: por tipo de bens e serviços (%),Eurostat | Institutos Nacionais de Estatística | PORDATA,2026-03-23,https://www.pordata.pt/europa/despesas+de+consumo+final+das+familias+por+tipo+de+bens+e+servicos+(percentagem)-1728,,
1519,europa,Despesas de consumo final das famílias: total e  por tipo de bens e serviços (Euro),Eurostat | Institutos Nacionais de Estatística | PORDATA,2026-03-23,https://www.pordata.pt/europa/despesas+de+consumo+final+das+familias+total+e++por+tipo+de+bens+e+servicos+(euro)-1519,,
1740,europa,Despesas em atividades de investigação e desenvolvimento (I&D) do setor empresas em % do PIB,Eurostat | OCDE | Entidades Nacionais | Institutos Nacionais de Estatística | PORDATA,2026-03-03,https://www.pordata.pt/europa/despesas+em+atividades+de+investigacao+e+desenvolvimento+(i+d)+do+setor+empresas+em+percentagem+do+pib-1740,,
1674,europa,Despesas em atividades de investigação e desenvolvimento (I&D) em % do PIB: por setor de execução,Eurostat | OCDE | Entidades Nacionais | Institutos Nacionais de Estatística | PORDATA,2026-03-03,https://www.pordata.pt/europa/despesas+em+atividades+de+investigacao+e+desenvolvimento+(i+d)+em+percentagem+do+pib+por+setor+de+execucao-1674,,
1696,europa,Despesas em atividades de investigação e desenvolvimento (I&D): total e do setor empresas (Euro),Eurostat | OCDE | Entidades Nacionais | PORDATA,2026-01-21,https://www.pordata.pt/europa/despesas+em+atividades+de+investigacao+e+desenvolvimento+(i+d)+total+e+do+setor+empresas+(euro)-1696,,
1420,europa,Despesas em atividades de investigação e desenvolvimento (I&D): total e por área científica (Euro),Eurostat | OCDE | Entidades Nacionais | PORDATA,2026-01-21,https://www.pordata.pt/europa/despesas+em+atividades+de+investigacao+e+desenvolvimento+(i+d)+total+e+por+area+cientifica+(euro)-1420,,
1418,europa,Despesas em atividades de investigação e desenvolvimento (I&D): total e por setor de execução (Euro),Eurostat | OCDE | Entidades Nacionais | PORDATA,2026-01-21,https://www.pordata.pt/europa/despesas+em+atividades+de+investigacao+e+desenvolvimento+(i+d)+total+e+por+setor+de+execucao+(euro)-1418,,
1690,europa,Despesas em atividades de investigação e desenvolvimento (I&D): total e por setor de execução (%),Eurostat | OCDE | Entidades Nacionais | PORDATA,2026-01-21,https://www.pordata.pt/europa/despesas+em+atividades+de+investigacao+e+desenvolvimento+(i+d)+total+e+por+setor+de+execucao+(percentagem)-1690,,
2474,europa,Despesas em viagens turísticas de residentes: total e por destino da viagem (Euro/ECU),Eurostat | Entidades Nacionais | PORDATA,2026-01-20,https://www.pordata.pt/europa/despesas+em+viagens+turisticas+de+residentes+total+e+por+destino+da+viagem+(euro+ecu)-2474,,
1521,europa,Despesas médias de consumo final efetivo das famílias: por tipo de bens e serviços (PPC),Eurostat | Institutos Nacionais de Estatística | PORDATA,2026-01-26,https://www.pordata.pt/europa/despesas+medias+de+consumo+final+efetivo+das+familias+por+tipo+de+bens+e+servicos+(ppc)-1521,,
2976,europa,Dimensão média das empresas: por alguns setores de atividade económica,Eurostat | OCDE | Entidades Nacionais | PORDATA,2026-01-15,https://www.pordata.pt/europa/dimensao+media+das+empresas+por+alguns+setores+de+atividade+economica-2976,,
3158,europa,Dimensão média das empresas: total,Eurostat | OCDE | Entidades Nacionais | PORDATA,2026-01-21,https://www.pordata.pt/europa/dimensao+media+das+empresas+total-3158,,
3659,europa,Dimensão média das explorações agrícolas,Eurostat | Entidades Nacionais | PORDATA,2023-02-02,https://www.pordata.pt/europa/dimensao+media+das+exploracoes+agricolas-3659,,
3204,europa,Dimensão média das grandes empresas: por alguns setores de atividade económica,Eurostat | OCDE | Entidades Nacionais | PORDATA,2026-01-15,https://www.pordata.pt/europa/dimensao+media+das+grandes+empresas+por+alguns+setores+de+atividade+economica-3204,,
3216,europa,Dimensão média das pequenas e médias empresas: por alguns setores de atividade económica,Eurostat | OCDE | Entidades Nacionais | PORDATA,2026-01-15,https://www.pordata.pt/europa/dimensao+media+das+pequenas+e+medias+empresas+por+alguns+setores+de+atividade+economica-3216,,
1613,europa,Dimensão média dos agregados domésticos privados,Eurostat | Institutos Nacionais de Estatística | PORDATA,2026-04-20,https://www.pordata.pt/europa/dimensao+media+dos+agregados+domesticos+privados-1613,,
1324,europa,Diplomados do sexo feminino no ensino superior (ISCED 5-8): total e por área de educação,Eurostat | UNESCO-UIS | OCDE | Entidades Nacionais | PORDATA,2026-05-19,https://www.pordata.pt/europa/diplomados+do+sexo+feminino+no+ensino+superior+(isced+5+8)+total+e+por+area+de+educacao-1324,,
1323,europa,Diplomados do sexo masculino no ensino superior (ISCED 5-8): total e por área de educação,Eurostat | UNESCO-UIS | OCDE | Entidades Nacionais | PORDATA,2026-05-19,https://www.pordata.pt/europa/diplomados+do+sexo+masculino+no+ensino+superior+(isced+5+8)+total+e+por+area+de+educacao-1323,,
1322,europa,Diplomados no ensino superior (ISCED 5-8): total e por área de educação,Eurostat | UNESCO-UIS | OCDE | Entidades Nacionais | PORDATA,2026-05-19,https://www.pordata.pt/europa/diplomados+no+ensino+superior+(isced+5+8)+total+e+por+area+de+educacao-1322,,
1319,europa,Diplomados no ensino superior (ISCED 5-8): total e por sexo,Eurostat | UNESCO-UIS | OCDE | Entidades Nacionais | PORDATA,2026-05-08,https://www.pordata.pt/europa/diplomados+no+ensino+superior+(isced+5+8)+total+e+por+sexo-1319,,
3647,europa,Dirigentes de explorações agrícolas: total e por grupo etário,Eurostat | Entidades Nacionais | PORDATA,2023-05-19,https://www.pordata.pt/europa/dirigentes+de+exploracoes+agricolas+total+e+por+grupo+etario-3647,,
3648,europa,Dirigentes de explorações agrícolas: total e por sexo,Eurostat | Entidades Nacionais | PORDATA,2023-05-19,https://www.pordata.pt/europa/dirigentes+de+exploracoes+agricolas+total+e+por+sexo-3648,,
3561,europa,Disparidade entre homens e mulheres no emprego,Eurostat | Institutos Nacionais de Estatística | PORDATA,2026-03-13,https://www.pordata.pt/europa/disparidade+entre+homens+e+mulheres+no+emprego-3561,,
3560,europa,Disparidade salarial entre homens e mulheres,Eurostat | Entidades Nacionais | PORDATA,2026-02-24,https://www.pordata.pt/europa/disparidade+salarial+entre+homens+e+mulheres-3560,,
3007,europa,Dívida externa líquida em % do PIB,Eurostat | BCE | Entidades Nacionais | PORDATA,2026-03-20,https://www.pordata.pt/europa/divida+externa+liquida+em+percentagem+do+pib-3007,,
3006,europa,Dívida externa líquida,Eurostat | BCE | Entidades Nacionais | PORDATA,2026-01-08,https://www.pordata.pt/europa/divida+externa+liquida-3006,,
1548,europa,Dívida pública: dívida das Administrações Públicas (Euro),Eurostat | Entidades Nacionais | PORDATA,2026-04-23,https://www.pordata.pt/europa/divida+publica+divida+das+administracoes+publicas+(euro)-1548,,
1270,europa,Número de Divórcios por países,Eurostat | NU | Institutos Nacionais de Estatística | PORDATA,2026-03-19,https://www.pordata.pt/europa/divorcios-1270,,
1331,europa,Docentes com funções letivas do ensino básico 1.º e 2.º ciclos (ISCED 1): total e por sexo,Eurostat | UNESCO-UIS | OCDE | Entidades Nacionais | PORDATA,2026-03-05,https://www.pordata.pt/europa/docentes+com+funcoes+letivas+do+ensino+basico+1.%c2%ba+e+2.%c2%ba+ciclos+(isced+1)+total+e+por+sexo-1331,,
1332,europa,Docentes com funções letivas do ensino básico 3.º ciclo (ISCED 2): total e por sexo,Eurostat | UNESCO-UIS | OCDE | Entidades Nacionais | PORDATA,2026-03-05,https://www.pordata.pt/europa/docentes+com+funcoes+letivas+do+ensino+basico+3.%c2%ba+ciclo+(isced+2)+total+e+por+sexo-1332,,
1342,europa,Docentes com funções letivas do ensino pré-escolar (ISCED 02): total e por sexo,Eurostat | UNESCO-UIS | OCDE | Entidades Nacionais | PORDATA,2026-03-05,https://www.pordata.pt/europa/docentes+com+funcoes+letivas+do+ensino+pre+escolar+(isced+02)+total+e+por+sexo-1342,,
1335,europa,Docentes com funções letivas do ensino secundário (ISCED 3): total e por sexo,Eurostat | UNESCO-UIS | OCDE | Entidades Nacionais | PORDATA,2026-03-05,https://www.pordata.pt/europa/docentes+com+funcoes+letivas+do+ensino+secundario+(isced+3)+total+e+por+sexo-1335,,
1344,europa,Docentes do ensino superior (ISCED 5-8): total e por sexo,Eurostat | UNESCO-UIS | OCDE | Entidades Nacionais | PORDATA,2026-03-05,https://www.pordata.pt/europa/docentes+do+ensino+superior+(isced+5+8)+total+e+por+sexo-1344,,
1736,europa,Docentes do sexo feminino em % dos docentes: por nível de ensino,Eurostat | UNESCO-UIS | OCDE | Entidades Nacionais | PORDATA,2026-03-05,https://www.pordata.pt/europa/docentes+do+sexo+feminino+em+percentagem+dos+docentes+por+nivel+de+ensino-1736,,
2442,europa,Dormidas de turistas em alojamentos turísticos coletivos: total e por tipo de alojamento,Eurostat | Entidades Nacionais | PORDATA,2026-01-21,https://www.pordata.pt/europa/dormidas+de+turistas+em+alojamentos+turisticos+coletivos+total+e+por+tipo+de+alojamento-2442,,
2533,europa,Dormidas de turistas em alojamentos turísticos coletivos: total e por tipo de turista (percentagem),Eurostat | Entidades Nacionais | PORDATA,2026-01-21,https://www.pordata.pt/europa/dormidas+de+turistas+em+alojamentos+turisticos+coletivos+total+e+por+tipo+de+turista+(percentagem)-2533,,
2443,europa,Dormidas de turistas em alojamentos turísticos coletivos: total e por tipo de turista,Eurostat | Entidades Nacionais | PORDATA,2026-01-21,https://www.pordata.pt/europa/dormidas+de+turistas+em+alojamentos+turisticos+coletivos+total+e+por+tipo+de+turista-2443,,
2483,europa,Dormidas de turistas por 100 camas disponíveis em alojamentos turísticos coletivos,Eurostat | Entidades Nacionais | PORDATA,2026-07-03,https://www.pordata.pt/europa/dormidas+de+turistas+por+100+camas+disponiveis+em+alojamentos+turisticos+coletivos-2483,,
1660,europa,Dotações orçamentais públicas para investigação e desenvolvimento (I&D) em % do PIB,Eurostat | OCDE | Entidades Nacionais | Institutos Nacionais de Estatística | PORDATA,2026-08-10,https://www.pordata.pt/europa/dotacoes+orcamentais+publicas+para+investigacao+e+desenvolvimento+(i+d)+em+percentagem+do+pib-1660,,
2409,europa,Doutoramentos (ISCED 8) por 100 mil habitantes,Eurostat | UNESCO-UIS | OCDE | Entidades Nacionais | NU | Institutos Nacionais de Estatística | PORDATA,2026-07-10,https://www.pordata.pt/europa/doutoramentos+(isced+8)+por+100+mil+habitantes-2409,,
1320,europa,Doutoramentos (ISCED 8): total e por área de educação,Eurostat | UNESCO-UIS | OCDE | Entidades Nacionais | PORDATA,2026-05-19,https://www.pordata.pt/europa/doutoramentos+(isced+8)+total+e+por+area+de+educacao-1320,,
1315,europa,Doutoramentos (ISCED 8): total e por sexo,Eurostat | UNESCO-UIS | OCDE | Entidades Nacionais | PORDATA,2026-05-08,https://www.pordata.pt/europa/doutoramentos+(isced+8)+total+e+por+sexo-1315,,
3651,europa,Embarcações de pesca por países,Eurostat | DG MARE | PORDATA,2026-04-16,https://www.pordata.pt/europa/embarcacoes+de+pesca-3651,,
3611,europa,Emissão média de CO<sub>2</sub> por km dos automóveis novos de passageiros,Eurostat | AEA | DG CLIMA | PORDATA,2026-01-19,https://www.pordata.pt/europa/emissao+media+de+co2+por+km+dos+automoveis+novos+de+passageiros-3611,,
3539,europa,Emissões de amoníaco pela agricultura,Eurostat | AEA | ETC/ACC | PORDATA,2025-10-30,https://www.pordata.pt/europa/emissoes+de+amoniaco+pela+agricultura-3539,,
3476,europa,Emissões de gases com efeito de estufa - Metas Europa 2020,Eurostat | AEA | JRC | ETC/ACC | DG CLIMA | PORDATA,2026-01-06,https://www.pordata.pt/europa/emissoes+de+gases+com+efeito+de+estufa+++metas+europa+2020-3476,,
3360,europa,Emissões de gases com efeito de estufa <em>per capita</em>,Eurostat | AEA | JRC | ETC/ACC | DG CLIMA | NU | Institutos Nacionais de Estatística | PORDATA,2026-07-10,https://www.pordata.pt/europa/emissoes+de+gases+com+efeito+de+estufa+per+capita-3360,,
1481,europa,Emissões de gases com efeito de estufa: total e por alguns setores de emissões de gases,Eurostat | AEA | JRC | ETC/ACC | DG CLIMA | PORDATA,2026-06-08,https://www.pordata.pt/europa/emissoes+de+gases+com+efeito+de+estufa+total+e+por+alguns+setores+de+emissoes+de+gases-1481,,
3746,europa,"Emissões líquidas de gases de efeito estufa do setor do Uso do Solo, Alterações de Uso do Solo e Florestas (LULUCF)",Eurostat | AEA | Entidades Nacionais | PORDATA,2026-05-20,https://www.pordata.pt/europa/emissoes+liquidas+de+gases+de+efeito+estufa+do+setor+do+uso+do+solo++alteracoes+de+uso+do+solo+e+florestas+(lulucf)-3746,,
3616,europa,Emissões líquidas de gases de efeito estufa,Eurostat | AEA | Entidades Nacionais | PORDATA,2026-01-20,https://www.pordata.pt/europa/emissoes+liquidas+de+gases+de+efeito+estufa-3616,,
3704,europa,Emprego na agricultura por 100 mil habitantes,Eurostat | Institutos Nacionais de Estatística | NU | PORDATA,2026-07-10,https://www.pordata.pt/europa/emprego+na+agricultura+por+100+mil+habitantes-3704,,
3646,europa,Emprego no setor da agricultura,Eurostat | Institutos Nacionais de Estatística | PORDATA,2026-01-21,https://www.pordata.pt/europa/emprego+no+setor+da+agricultura-3646,,
3665,europa,Emprego no setor da silvicultura,Eurostat | Institutos Nacionais de Estatística | PORDATA,2025-10-28,https://www.pordata.pt/europa/emprego+no+setor+da+silvicultura-3665,,
3661,europa,Emprego no setor das pescas e aquicultura,Eurostat | Institutos Nacionais de Estatística | PORDATA,2025-10-28,https://www.pordata.pt/europa/emprego+no+setor+das+pescas+e+aquicultura-3661,,
1498,europa,Empresas com 10 e mais pessoas ao serviço com ligação à Internet % do total de empresas: por alguns setores de atividade económica,Eurostat | Institutos Nacionais de Estatística | Ministérios | PORDATA,2026-01-15,https://www.pordata.pt/europa/empresas+com+10+e+mais+pessoas+ao+servico+com+ligacao+a+internet+percentagem+do+total+de+empresas+por+alguns+setores+de+atividade+economica-1498,,
1496,europa,Empresas com 10 e mais pessoas ao serviço com ligação à Internet % do total de empresas: por escalão de pessoal ao serviço,Eurostat | Institutos Nacionais de Estatística | Ministérios | PORDATA,2026-01-15,https://www.pordata.pt/europa/empresas+com+10+e+mais+pessoas+ao+servico+com+ligacao+a+internet+percentagem+do+total+de+empresas+por+escalao+de+pessoal+ao+servico-1496,,
1500,europa,Empresas com 10 e mais pessoas ao serviço com <em>website</em> ou <em>homepage</em> em % do total de empresas: por alguns setores de atividade económica,Eurostat | Institutos Nacionais de Estatística | Ministérios | PORDATA,2026-01-15,https://www.pordata.pt/europa/empresas+com+10+e+mais+pessoas+ao+servico+com+website+ou+homepage+em+percentagem+do+total+de+empresas+por+alguns+setores+de+atividade+economica-1500,,
1495,europa,Empresas com 10 e mais pessoas ao serviço com <em>website</em> ou <em>homepage</em> em % do total de empresas: por escalão de pessoal ao serviço,Eurostat | Institutos Nacionais de Estatística | Ministérios | PORDATA,2026-01-15,https://www.pordata.pt/europa/empresas+com+10+e+mais+pessoas+ao+servico+com+website+ou+homepage+em+percentagem+do+total+de+empresas+por+escalao+de+pessoal+ao+servico-1495,,
1499,europa,Empresas com 10 e mais pessoas ao serviço que utilizam computador em % do total de empresas: por alguns setores de atividade económica (2003-2015),Eurostat | Institutos Nacionais de Estatística | Ministérios | PORDATA,2026-01-15,https://www.pordata.pt/europa/empresas+com+10+e+mais+pessoas+ao+servico+que+utilizam+computador+em+percentagem+do+total+de+empresas+por+alguns+setores+de+atividade+economica+(2003+2015)-1499,,
1497,europa,Empresas com 10 e mais pessoas ao serviço que utilizam computador em % do total de empresas: por escalão de pessoal ao serviço (2003-2015),Eurostat | Institutos Nacionais de Estatística | Ministérios | PORDATA,2026-01-06,https://www.pordata.pt/europa/empresas+com+10+e+mais+pessoas+ao+servico+que+utilizam+computador+em+percentagem+do+total+de+empresas+por+escalao+de+pessoal+ao+servico+(2003+2015)-1497,,
3211,europa,Empresas médias em % do total de empresas: por alguns setores de atividade económica,Eurostat | OCDE | Entidades Nacionais | PORDATA,2026-01-15,https://www.pordata.pt/europa/empresas+medias+em+percentagem+do+total+de+empresas+por+alguns+setores+de+atividade+economica-3211,,
3208,europa,Empresas médias: por alguns setores de atividade económica,Eurostat | OCDE | Entidades Nacionais | PORDATA,2026-01-15,https://www.pordata.pt/europa/empresas+medias+por+alguns+setores+de+atividade+economica-3208,,
2970,europa,Empresas: por alguns setores de atividade económica,Eurostat | OCDE | Entidades Nacionais | PORDATA,2026-01-15,https://www.pordata.pt/europa/empresas+por+alguns+setores+de+atividade+economica-2970,,
2980,europa,Empresas sobreviventes a 1 ano de vida: total e por alguns setores de atividade económica,Eurostat | OCDE | Entidades Nacionais | PORDATA,2026-01-21,https://www.pordata.pt/europa/empresas+sobreviventes+a+1+ano+de+vida+total+e+por+alguns+setores+de+atividade+economica-2980,,
2969,europa,Número total de Empresas,Eurostat | OCDE | Entidades Nacionais | PORDATA,2026-01-21,https://www.pordata.pt/europa/empresas+total-2969,,
1287,europa,Enfermeiros e pessoal auxiliar de cuidados de saúde,Eurostat | OMS | OCDE | Entidades Nacionais | PORDATA,2026-07-13,https://www.pordata.pt/europa/enfermeiros+e+pessoal+auxiliar+de+cuidados+de+saude-1287,,
2444,europa,Entradas de turistas em alojamentos turísticos coletivos: total e por tipo de alojamento,Eurostat | Entidades Nacionais | PORDATA,2026-01-21,https://www.pordata.pt/europa/entradas+de+turistas+em+alojamentos+turisticos+coletivos+total+e+por+tipo+de+alojamento-2444,,
2445,europa,Entradas de turistas em alojamentos turísticos coletivos: total e por tipo de turista,Eurostat | Entidades Nacionais | PORDATA,2026-01-21,https://www.pordata.pt/europa/entradas+de+turistas+em+alojamentos+turisticos+coletivos+total+e+por+tipo+de+turista-2445,,
3634,europa,Erosão hídrica dos solos estimada - taxa de área afetada por erosão severa,Eurostat | JRC | PORDATA,2026-03-20,https://www.pordata.pt/europa/erosao+hidrica+dos+solos+estimada+++taxa+de+area+afetada+por+erosao+severa-3634,,
1260,europa,Esperança de vida à nascença: total e por sexo,Eurostat a partir de dados de Institutos Nacionais de Estatística | PORDATA,2025-12-24,https://www.pordata.pt/europa/esperanca+de+vida+a+nascenca+total+e+por+sexo-1260,,
1262,europa,Esperança de vida aos 65 anos: por sexo,Eurostat a partir de dados de Institutos Nacionais de Estatística | PORDATA,2025-12-24,https://www.pordata.pt/europa/esperanca+de+vida+aos+65+anos+por+sexo-1262,,
3493,europa,Explorações agrícolas: total e por dimensão,Eurostat | Entidades Nacionais | PORDATA,2023-02-02,https://www.pordata.pt/europa/exploracoes+agricolas+total+e+por+dimensao-3493,,
3518,europa,"Exportações de bens: total, UE27 e extra-UE27 (Euro)",Eurostat | BCE | Entidades Nacionais | PORDATA,2026-04-14,https://www.pordata.pt/europa/exportacoes+de+bens+total++ue27+e+extra+ue27+(euro)-3518,,
3521,europa,"Exportações de serviços: total, UE27 e extra-UE27 (Euro)",Eurostat | BCE | Entidades Nacionais | PORDATA,2026-04-14,https://www.pordata.pt/europa/exportacoes+de+servicos+total++ue27+e+extra+ue27+(euro)-3521,,
1385,europa,Exportações: total e por tipo de produto energético,Eurostat | AIE | UNECE | Entidades Nacionais | PORDATA,2026-01-09,https://www.pordata.pt/europa/exportacoes+total+e+por+tipo+de+produto+energetico-1385,,
3068,europa,Extensão das autoestradas,Eurostat | Entidades Internacionais | Entidades Nacionais | Comissão Europeia | PORDATA,2026-01-05,https://www.pordata.pt/europa/extensao+das+autoestradas-3068,,
3069,europa,Extensão das linhas ferroviárias exploradas,Eurostat | Entidades Internacionais | Entidades Nacionais | Comissão Europeia | PORDATA,2026-01-12,https://www.pordata.pt/europa/extensao+das+linhas+ferroviarias+exploradas-3069,,
3597,europa,,Comité de Assistência ao Desenvolvimento (CAD) da OCDE | PORDATA,2026-02-20,https://www.pordata.pt/europa/financiamento+da+uniao+europeia+aos+paises+em+desenvolvimento-3597,,
1353,europa,"Financiamento público em educação por nível de administração: central, regional e local (%) (1999-2011)",Eurostat | UNESCO-UIS | OCDE | Entidades Nacionais | PORDATA,2020-03-09,https://www.pordata.pt/europa/financiamento+publico+em+educacao+por+nivel+de+administracao+central++regional+e+local+(percentagem)+(1999+2011)-1353,,
1936,europa,Profissionais de Fisioterapia,Eurostat | OMS | OCDE | Entidades Nacionais | PORDATA,2026-01-12,https://www.pordata.pt/europa/fisioterapeutas+(1999+2018)-1936,,
1925,europa,Fisioterapeutas por 100 mil habitantes,Eurostat | OMS | OCDE | Entidades Nacionais | NU | Institutos Nacionais de Estatística | PORDATA,2026-07-10,https://www.pordata.pt/europa/fisioterapeutas+por+100+mil+habitantes-1925,,
1622,europa,Fluxos migratórios internacionais,Eurostat | NU | OIT | Entidades Nacionais | PORDATA,2026-02-23,https://www.pordata.pt/europa/fluxos+migratorios+internacionais-1622,,
3649,europa,Formação bruta de capital fixo da agricultura,Eurostat | Entidades Nacionais | DG AGRI | PORDATA,2026-01-09,https://www.pordata.pt/europa/formacao+bruta+de+capital+fixo+da+agricultura-3649,,
2700,europa,Frota de aeronaves comerciais para transporte de passageiros: total e por capacidade da aeronave,Eurostat | Entidades Nacionais | Agência Europeia de Segurança Aérea (EASA) | Airclaims | PORDATA,2026-05-07,https://www.pordata.pt/europa/frota+de+aeronaves+comerciais+para+transporte+de+passageiros+total+e+por+capacidade+da+aeronave-2700,,
2699,europa,Frota de aeronaves comerciais: total e por configuração da aeronave,Eurostat | Entidades Nacionais | Agência Europeia de Segurança Aérea (EASA) | Airclaims | PORDATA,2026-05-07,https://www.pordata.pt/europa/frota+de+aeronaves+comerciais+total+e+por+configuracao+da+aeronave-2699,,
2701,europa,Frota de aeronaves comerciais: total e por idade da aeronave,Eurostat | Entidades Nacionais | Agência Europeia de Segurança Aérea (EASA) | Airclaims | PORDATA,2026-05-07,https://www.pordata.pt/europa/frota+de+aeronaves+comerciais+total+e+por+idade+da+aeronave-2701,,
2975,europa,Grandes empresas em % do total de empresas: por alguns setores de atividade económica,Eurostat | OCDE | Entidades Nacionais | PORDATA,2026-01-15,https://www.pordata.pt/europa/grandes+empresas+em+percentagem+do+total+de+empresas+por+alguns+setores+de+atividade+economica-2975,,
2974,europa,Grandes empresas: por alguns setores de atividade económica,Eurostat | OCDE | Entidades Nacionais | PORDATA,2026-01-15,https://www.pordata.pt/europa/grandes+empresas+por+alguns+setores+de+atividade+economica-2974,,
2408,europa,Idade média da mãe ao nascimento de um filho,Eurostat a partir de dados de Institutos Nacionais de Estatística | PORDATA,2026-02-23,https://www.pordata.pt/europa/idade+media+da+mae+ao+nascimento+de+um+filho-2408,,
3468,europa,Idade média da mãe ao nascimento do primeiro filho,Eurostat a partir de dados de Institutos Nacionais de Estatística | PORDATA,2026-02-23,https://www.pordata.pt/europa/idade+media+da+mae+ao+nascimento+do+primeiro+filho-3468,,
3633,europa,Impacto da seca nos ecossistemas,Eurostat | AEA | Serviço de Monitorização do Meio Terrestre do Copernicus (CLMS) | PORDATA,2026-01-14,https://www.pordata.pt/europa/impacto+da+seca+nos+ecossistemas-3633,,
3591,europa,Importações da União Europeia de países em desenvolvimento,Eurostat | BCE | Entidades Nacionais | PORDATA,2026-02-18,https://www.pordata.pt/europa/importacoes+da+uniao+europeia+de+paises+em+desenvolvimento-3591,,
3517,europa,"Importações de bens: total, UE27 e extra-UE27 (Euro)",Eurostat | BCE | Entidades Nacionais | PORDATA,2026-04-14,https://www.pordata.pt/europa/importacoes+de+bens+total++ue27+e+extra+ue27+(euro)-3517,,
3520,europa,"Importações de serviços: total, UE27 e extra-UE27 (Euro)",Eurostat | BCE | Entidades Nacionais | PORDATA,2026-04-14,https://www.pordata.pt/europa/importacoes+de+servicos+total++ue27+e+extra+ue27+(euro)-3520,,
1377,europa,Importações: total e por tipo de produto energético,Eurostat | AIE | UNECE | Entidades Nacionais | PORDATA,2026-05-14,https://www.pordata.pt/europa/importacoes+total+e+por+tipo+de+produto+energetico-1377,,
3640,europa,Impostos ambientais em % do PIB,Eurostat | Institutos Nacionais de Estatística | Entidades Nacionais | PORDATA,2026-03-03,https://www.pordata.pt/europa/impostos+ambientais+em+percentagem+do+pib-3640,,
3639,europa,Impostos ambientais: total e por categoria de imposto,Eurostat | Entidades Nacionais | PORDATA,2026-02-11,https://www.pordata.pt/europa/impostos+ambientais+total+e+por+categoria+de+imposto-3639,,
1374,europa,Incêndios florestais e área ardida,Eurostat | UNECE | ITTO | FAO | Entidades Nacionais | PORDATA,2026-05-20,https://www.pordata.pt/europa/incendios+florestais+e+area+ardida-1374,,
1929,europa,Índice de dependência de idosos,Eurostat | NU | Institutos Nacionais de Estatística | PORDATA,2026-01-27,https://www.pordata.pt/europa/indice+de+dependencia+de+idosos-1929,,
1928,europa,Índice de dependência de jovens,Eurostat | NU | Institutos Nacionais de Estatística | PORDATA,2026-01-27,https://www.pordata.pt/europa/indice+de+dependencia+de+jovens-1928,,
1927,europa,Índice de dependência total,Eurostat | NU | Institutos Nacionais de Estatística | PORDATA,2026-01-27,https://www.pordata.pt/europa/indice+de+dependencia+total-1927,,
1609,europa,Índice de envelhecimento,Eurostat | NU | Institutos Nacionais de Estatística | PORDATA,2026-01-27,https://www.pordata.pt/europa/indice+de+envelhecimento-1609,,
3543,europa,Índice de exploração da água (Wei +),AEA | Eurostat | FAO | JRC | OCDE | PORDATA,2026-01-15,https://www.pordata.pt/europa/indice+de+exploracao+da+agua+(wei++)-3543,,
1541,europa,Evolução do Índice de Gini (%) por Países,Eurostat | Entidades Nacionais | PORDATA,2026-03-26,https://www.pordata.pt/europa/indice+de+gini+(percentagem)-1541,,
3605,europa,Índice de impermeabilização do solo (%),Eurostat | AEA | Serviço de Monitorização do Meio Terrestre do Copernicus (CLMS) | PORDATA,2026-05-06,https://www.pordata.pt/europa/indice+de+impermeabilizacao+do+solo+(percentagem)-3605,,
1930,europa,Evolução do Índice de longevidade por países,Eurostat | NU | Institutos Nacionais de Estatística | PORDATA,2026-01-27,https://www.pordata.pt/europa/indice+de+longevidade-1930,,
3595,europa,Índice de perceção de corrupção,Transparência Internacional | PORDATA,2026-03-05,https://www.pordata.pt/europa/indice+de+percecao+de+corrupcao-3595,,
1251,europa,Índice sintético de fecundidade,Eurostat a partir de dados de Institutos Nacionais de Estatística | PORDATA,2026-02-23,https://www.pordata.pt/europa/indice+sintetico+de+fecundidade-1251,,
1487,europa,"Indivíduos que acederam à Internet, em média, pelos menos uma vez por semana, em % do total de indivíduos: por condição perante o trabalho",Eurostat | Institutos Nacionais de Estatística | PORDATA,2026-01-09,https://www.pordata.pt/europa/individuos+que+acederam+a+internet++em+media++pelos+menos+uma+vez+por+semana++em+percentagem+do+total+de+individuos+por+condicao+perante+o+trabalho-1487,,
1486,europa,"Indivíduos que acederam à Internet, em média, pelos menos uma vez por semana, em % do total de indivíduos: por grupo etário",Eurostat | Institutos Nacionais de Estatística | PORDATA,2026-01-09,https://www.pordata.pt/europa/individuos+que+acederam+a+internet++em+media++pelos+menos+uma+vez+por+semana++em+percentagem+do+total+de+individuos+por+grupo+etario-1486,,
1488,europa,"Indivíduos que acederam à Internet, em média, pelos menos uma vez por semana, em % do total de indivíduos: por nível de escolaridade mais elevado completo",Eurostat | Institutos Nacionais de Estatística | PORDATA,2026-01-15,https://www.pordata.pt/europa/individuos+que+acederam+a+internet++em+media++pelos+menos+uma+vez+por+semana++em+percentagem+do+total+de+individuos+por+nivel+de+escolaridade+mais+elevado+completo-1488,,
1489,europa,"Indivíduos que acederam à Internet, em média, pelos menos uma vez por semana, em % do total de indivíduos: por sexo",Eurostat | Institutos Nacionais de Estatística | PORDATA,2026-01-09,https://www.pordata.pt/europa/individuos+que+acederam+a+internet++em+media++pelos+menos+uma+vez+por+semana++em+percentagem+do+total+de+individuos+por+sexo-1489,,
1492,europa,Indivíduos que utilizaram computador nos últimos 3 meses em % do total de indivíduos: por condição perante o trabalho,Eurostat | Institutos Nacionais de Estatística | PORDATA,2026-01-05,https://www.pordata.pt/europa/individuos+que+utilizaram+computador+nos+ultimos+3+meses+em+percentagem+do+total+de+individuos+por+condicao+perante+o+trabalho+(2002+2017)-1492,,
1493,europa,Indivíduos que utilizaram computador nos últimos 3 meses em % do total de indivíduos: por grupo etário,Eurostat | Institutos Nacionais de Estatística | PORDATA,2026-01-05,https://www.pordata.pt/europa/individuos+que+utilizaram+computador+nos+ultimos+3+meses+em+percentagem+do+total+de+individuos+por+grupo+etario+(2002+2017)-1493,,
1491,europa,Indivíduos que utilizaram computador nos últimos 3 meses em % do total de indivíduos: por nível de escolaridade completo mais elevado,Eurostat | Institutos Nacionais de Estatística | PORDATA,2026-01-05,https://www.pordata.pt/europa/individuos+que+utilizaram+computador+nos+ultimos+3+meses+em+percentagem+do+total+de+individuos+por+nivel+de+escolaridade+completo+mais+elevado+(2002+2017)-1491,,
1490,europa,Indivíduos que utilizaram computador nos últimos 3 meses em % do total de indivíduos: por sexo,Eurostat | Institutos Nacionais de Estatística | PORDATA,2026-01-05,https://www.pordata.pt/europa/individuos+que+utilizaram+computador+nos+ultimos+3+meses+em+percentagem+do+total+de+individuos+por+sexo+(2002+2017)-1490,,
3558,europa,"Insucesso na leitura, matemática e ciências",OCDE | PORDATA,2026-01-06,https://www.pordata.pt/europa/insucesso+na+leitura++matematica+e+ciencias-3558,,
3131,europa,Intensidade carbónica da economia,Eurostat | AEA | JRC | ETC/ACC | DG CLIMA | Institutos Nacionais de Estatística | PORDATA,2026-06-08,https://www.pordata.pt/europa/intensidade+carbonica+da+economia-3131,,
3641,europa,Intensidade das emissões atmosféricas da indústria,Eurostat | Entidades Nacionais | PORDATA,2026-01-14,https://www.pordata.pt/europa/intensidade+das+emissoes+atmosfericas+da+industria-3641,,
3269,europa,Intensidade elétrica da economia: por tipo de setor consumidor,Eurostat | Institutos Nacionais de Estatística | AIE | UNECE | Entidades Nacionais | PORDATA,2026-03-03,https://www.pordata.pt/europa/intensidade+eletrica+da+economia+por+tipo+de+setor+consumidor-3269,,
3268,europa,Intensidade elétrica da economia,Eurostat | Institutos Nacionais de Estatística | AIE | UNECE | Entidades Nacionais | PORDATA,2026-03-03,https://www.pordata.pt/europa/intensidade+eletrica+da+economia-3268,,
3267,europa,Intensidade energética da economia: por tipo de setor consumidor,Eurostat | Institutos Nacionais de Estatística | AIE | UNECE | Entidades Nacionais | PORDATA,2026-03-03,https://www.pordata.pt/europa/intensidade+energetica+da+economia+por+tipo+de+setor+consumidor-3267,,
3271,europa,Intensidade energética da economia,Eurostat | Institutos Nacionais de Estatística | AIE | UNECE | Entidades Nacionais | PORDATA,2026-03-03,https://www.pordata.pt/europa/intensidade+energetica+da+economia-3271,,
3283,europa,Intensidade energética de produção de renováveis da economia,Eurostat | Institutos Nacionais de Estatística | AIE | UNECE | Entidades Nacionais | PORDATA,2026-03-03,https://www.pordata.pt/europa/intensidade+energetica+de+producao+de+renovaveis+da+economia-3283,,
3226,europa,Investigadores (ETI) em atividades de investigação e desenvolvimento (I&D) nas empresas: total e por área científica,Eurostat | OCDE | Entidades Nacionais | PORDATA,2026-01-21,https://www.pordata.pt/europa/investigadores+(eti)++em+atividades+de+investigacao+e+desenvolvimento+(i+d)++nas+empresas+total+e+por+area+cientifica-3226,,
3225,europa,Investigadores (ETI) em atividades de investigação e desenvolvimento (I&D): total e do setor empresas,Eurostat | OCDE | Entidades Nacionais | PORDATA,2026-01-21,https://www.pordata.pt/europa/investigadores+(eti)+em+atividades+de+investigacao+e+desenvolvimento+(i+d)+total+e+do+setor+empresas-3225,,
1427,europa,Investigadores (ETI) em atividades de investigação e desenvolvimento (I&D): total e por área científica,Eurostat | OCDE | Entidades Nacionais | PORDATA,2026-01-21,https://www.pordata.pt/europa/investigadores+(eti)+em+atividades+de+investigacao+e+desenvolvimento+(i+d)+total+e+por+area+cientifica-1427,,
1424,europa,Investigadores (ETI) em atividades de investigação e desenvolvimento (I&D): total e por setor de execução,Eurostat | OCDE | Entidades Nacionais | PORDATA,2026-01-21,https://www.pordata.pt/europa/investigadores+(eti)+em+atividades+de+investigacao+e+desenvolvimento+(i+d)+total+e+por+setor+de+execucao-1424,,
3181,europa,Investimento das empresas: por alguns setores de atividade económica,Eurostat | OCDE | Entidades Nacionais | PORDATA,2026-01-14,https://www.pordata.pt/europa/investimento+das+empresas+por+alguns+setores+de+atividade+economica-3181,,
1542,europa,Investimento: Formação Bruta de Capital Fixo (Euro),Eurostat | Institutos Nacionais de Estatística | PORDATA,2026-03-03,https://www.pordata.pt/europa/investimento+formacao+bruta+de+capital+fixo+(euro)-1542,,
3568,europa,Investimento: Formação bruta de capital fixo em % do PIB,Eurostat | Institutos Nacionais de Estatística | PORDATA,2026-01-14,https://www.pordata.pt/europa/investimento+formacao+bruta+de+capital+fixo+em+percentagem+do+pib-3568,,
2678,europa,Investimento: Formação Bruta de Capital Fixo por setor institucional (Euro),Eurostat | Institutos Nacionais de Estatística | PORDATA,2026-01-21,https://www.pordata.pt/europa/investimento+formacao+bruta+de+capital+fixo+por+setor+institucional+(euro)-2678,,
3186,europa,Investimento médio por empresa: por alguns setores de atividade económica,Eurostat | OCDE | Entidades Nacionais | PORDATA,2026-01-20,https://www.pordata.pt/europa/investimento+medio+por+empresa+por+alguns+setores+de+atividade+economica-3186,,
2026,europa,Limiar de risco de pobreza (Euro),Eurostat | Entidades Nacionais | PORDATA,2026-03-16,https://www.pordata.pt/europa/limiar+de+risco+de+pobreza+(euro)-2026,,
2027,europa,Limiar de risco de pobreza (PPC),Eurostat | Entidades Nacionais | PORDATA,2026-03-16,https://www.pordata.pt/europa/limiar+de+risco+de+pobreza+(ppc)-2027,,
3067,europa,Limite de taxa de álcool no sangue,Eurostat | Entidades Internacionais | Entidades Nacionais | Comissão Europeia | PORDATA,2025-10-30,https://www.pordata.pt/europa/limite+de+taxa+de+alcool+no+sangue-3067,,
3066,europa,Limites de velocidade: dentro das localidades e autoestradas,Eurostat | Entidades Internacionais | Entidades Nacionais | Comissão Europeia | PORDATA,2025-12-18,https://www.pordata.pt/europa/limites+de+velocidade+dentro+das+localidades+e+autoestradas-3066,,
3355,europa,Magistrados Judiciais por 100 mil habitantes,Eurostat | UNODC | Entidades Nacionais | NU | Institutos Nacionais de Estatística | PORDATA,2026-07-10,https://www.pordata.pt/europa/magistrados+judiciais+por+100+mil+habitantes-3355,,
3302,europa,Magistrados judiciais: total e por sexo,Eurostat | UNODC | Entidades Nacionais | PORDATA,2026-04-29,https://www.pordata.pt/europa/magistrados+judiciais+total+e+por+sexo-3302,,
1926,europa,Médicos por 100 mil habitantes,Eurostat | OMS | OCDE | Entidades Nacionais | NU | Institutos Nacionais de Estatística | PORDATA,2026-07-15,https://www.pordata.pt/europa/medicos+por+100+mil+habitantes-1926,,
1277,europa,Médicos: por algumas especialidades,Eurostat | OMS | OCDE | Entidades Nacionais | PORDATA,2026-07-24,https://www.pordata.pt/europa/medicos+por+algumas+especialidades-1277,,
1913,europa,Médicos: total e por sexo,Eurostat | OMS | OCDE | Entidades Nacionais | PORDATA,2026-07-15,https://www.pordata.pt/europa/medicos+total+e+por+sexo-1913,,
3578,europa,Mercadorias transportadas por ferrovia e navegação interior (%),Eurostat | International Transport Fórum (ITF) | UNECE | Direção-Geral da Mobilidade e dos Transportes da Comissão Europeia | PORDATA,2026-03-05,https://www.pordata.pt/europa/mercadorias+transportadas+por+ferrovia+e+navegacao+interior+(percentagem)-3578,,
2721,europa,"Mercadorias transportadas por ferrovia: total, transporte doméstico e transporte internacional",Entidades Nacionais | Eurostat | Ministérios | PORDATA,2026-06-08,https://www.pordata.pt/europa/mercadorias+transportadas+por+ferrovia+total++transporte+domestico+e+transporte+internacional-2721,,
2713,europa,Mercadorias transportadas por via aérea: entrada e saída,Eurostat | Entidades Nacionais | PORDATA,2025-10-30,https://www.pordata.pt/europa/mercadorias+transportadas+por+via+aerea+entrada+e+saida-2713,,
3031,europa,"Mercadorias transportadas por via aérea internacional: total, UE27 e extra-UE27",Eurostat | Entidades Nacionais | PORDATA,2025-10-30,https://www.pordata.pt/europa/mercadorias+transportadas+por+via+aerea+internacional+total++ue27+e+extra+ue27-3031,,
2712,europa,"Mercadorias transportadas por via aérea: total, voos domésticos e voos internacionais",Eurostat | Entidades Nacionais | PORDATA,2025-10-30,https://www.pordata.pt/europa/mercadorias+transportadas+por+via+aerea+total++voos+domesticos+e+voos+internacionais-2712,,
2715,europa,Mercadorias transportadas por via marítima: descarregadas e carregadas,Eurostat | Entidades Nacionais | PORDATA,2026-01-21,https://www.pordata.pt/europa/mercadorias+transportadas+por+via+maritima+descarregadas+e+carregadas-2715,,
3050,europa,"Mercadorias transportadas por via marítima internacional nos portos principais: total, UE27 e extra-UE27",Eurostat | Entidades Nacionais | PORDATA,2026-01-28,https://www.pordata.pt/europa/mercadorias+transportadas+por+via+maritima+internacional+nos+portos+principais+total++ue27+e+extra+ue27-3050,,
3049,europa,"Mercadorias transportadas por via marítima nos portos principais: total, doméstico e internacional",Eurostat | Entidades Nacionais | PORDATA,2026-01-28,https://www.pordata.pt/europa/mercadorias+transportadas+por+via+maritima+nos+portos+principais+total++domestico+e+internacional-3049,,
3209,europa,Microempresas em % do total de empresas: por alguns setores de atividade económica,Eurostat | OCDE | Entidades Nacionais | PORDATA,2026-01-15,https://www.pordata.pt/europa/microempresas+em+percentagem+do+total+de+empresas+por+alguns+setores+de+atividade+economica-3209,,
3206,europa,Microempresas: por alguns setores de atividade económica,Eurostat | OCDE | Entidades Nacionais | PORDATA,2026-01-15,https://www.pordata.pt/europa/microempresas+por+alguns+setores+de+atividade+economica-3206,,
1824,europa,Mortalidade materna (na gravidez ou pós parto),Eurostat | OMS | Entidades Nacionais | PORDATA,2026-01-15,https://www.pordata.pt/europa/mortalidade+materna-1824,,
2979,europa,Mortes de empresas: total e por alguns setores de atividade económica,Eurostat | OCDE | Entidades Nacionais | PORDATA,2026-01-21,https://www.pordata.pt/europa/mortes+de+empresas+total+e+por+alguns+setores+de+atividade+economica-2979,,
3815,europa,Mortes prematuras causadas por exposição a partículas finas (PM2.5) por 100 mil residentes,Eurostat | AEA | Centro Temático Europeu sobre Poluição Atmosférica | Transportes | Ruído e Poluição Industrial (ETC/ATNI) | PORDATA,2026-01-14,https://www.pordata.pt/europa/mortes+prematuras+causadas+por+exposicao+a+particulas+finas+(pm2+5)+por+100+mil+residentes-3815,,
3564,europa,Mulheres em cargos de direção executiva e não executiva das empresas (%),Instituto Europeu para a Igualdade de Género | PORDATA,2026-03-27,https://www.pordata.pt/europa/mulheres+em+cargos+de+direcao+das+empresas+(percentagem)-3564,,
1994,europa,Mulheres no pessoal total e investigadores (ETI) em atividades de investigação e desenvolvimento (I&D) (%),Eurostat | OCDE | Entidades Nacionais | PORDATA,2026-01-21,https://www.pordata.pt/europa/mulheres+no+pessoal+total+e+investigadores+(eti)+em+atividades+de+investigacao+e+desenvolvimento+(i+d)+(percentagem)-1994,,
1305,europa,Mulheres no total de alunos matriculados (ISCED 5-8): total e por área de educação (%),Eurostat | UNESCO-UIS | OCDE | Entidades Nacionais | PORDATA,2026-03-19,https://www.pordata.pt/europa/mulheres+no+total+de+alunos+matriculados+(isced+5+8)+total+e+por+area+de+educacao+(percentagem)-1305,,
1659,europa,Mulheres no total de alunos matriculados (%): total e por nível de ensino,Eurostat | UNESCO-UIS | OCDE | Entidades Nacionais | PORDATA,2026-03-17,https://www.pordata.pt/europa/mulheres+no+total+de+alunos+matriculados+(percentagem)+total+e+por+nivel+de+ensino-1659,,
1662,europa,Mulheres no total de doutoramentos (ISCED 8) (%),Eurostat | UNESCO-UIS | OCDE | Entidades Nacionais | PORDATA,2026-05-08,https://www.pordata.pt/europa/mulheres+no+total+de+doutoramentos+(isced+8)+(percentagem)-1662,,
3563,europa,Mulheres nos parlamentos e governos nacionais (%),Instituto Europeu para a Igualdade de Género | PORDATA,2026-02-18,https://www.pordata.pt/europa/mulheres+nos+parlamentos+e+governos+nacionais+(percentagem)-3563,,
3559,europa,Mulheres vítimas de violência física e sexual (%),Eurostat | PORDATA,2026-01-20,https://www.pordata.pt/europa/mulheres+vitimas+de+violencia+fisica+e+sexual+(percentagem)-3559,,
1800,europa,Nados-vivos fora do casamento (%),Eurostat | NU | Institutos Nacionais de Estatística | PORDATA,2026-07-02,https://www.pordata.pt/europa/nados+vivos+fora+do+casamento+(percentagem)-1800,,
3027,europa,Nados-vivos segundo a ordem no total de nados-vivos (%),Eurostat a partir de dados de Institutos Nacionais de Estatística | PORDATA,2026-02-23,https://www.pordata.pt/europa/nados+vivos+segundo+a+ordem+no+total+de+nados+vivos+(percentagem)-3027,,
1247,europa,"Nados-vivos: total, no casamento e fora do casamento",Eurostat | NU | Institutos Nacionais de Estatística | PORDATA,2026-07-02,https://www.pordata.pt/europa/nados+vivos+total++no+casamento+e+fora+do+casamento-1247,,
2978,europa,Nascimentos de empresas: total e por alguns setores de atividade económica,Eurostat | OCDE | Entidades Nacionais | PORDATA,2026-01-21,https://www.pordata.pt/europa/nascimentos+de+empresas+total+e+por+alguns+setores+de+atividade+economica-2978,,
3055,europa,Navios de mar com passagem nos portos principais: total e por alguns tipos de embarcação,Eurostat | Entidades Nacionais | PORDATA,2025-11-27,https://www.pordata.pt/europa/navios+de+mar+com+passagem+nos+portos+principais+total+e+por+alguns+tipos+de+embarcacao-3055,,
3541,europa,Nitrato nas águas subterrâneas,Eurostat | AEA | PORDATA,2026-01-20,https://www.pordata.pt/europa/nitrato+nas+aguas+subterraneas-3541,,
1705,europa,Número de habitantes por médico,Eurostat | OMS | OCDE | Entidades Nacionais | NU | Institutos Nacionais de Estatística | PORDATA,2026-07-15,https://www.pordata.pt/europa/numero+de+habitantes+por+medico-1705,,
1818,europa,Número de indivíduos em idade ativa por idoso,Eurostat | NU | Institutos Nacionais de Estatística | PORDATA,2026-01-27,https://www.pordata.pt/europa/numero+de+individuos+em+idade+ativa+por+idoso-1818,,
2981,europa,Número de nascimentos de empresas por número de mortes de empresas: total e por alguns setores de atividade económica,Eurostat | OCDE | Entidades Nacionais | PORDATA,2026-01-21,https://www.pordata.pt/europa/numero+de+nascimentos+de+empresas+por+numero+de+mortes+de+empresas+total+e+por+alguns+setores+de+atividade+economica-2981,,
3078,europa,Número de veículos ligeiros de passageiros por mil habitantes,Eurostat | Entidades Internacionais | Entidades Nacionais | Comissão Europeia | NU | Institutos Nacionais de Estatística | PORDATA,2026-08-04,https://www.pordata.pt/europa/numero+de+veiculos+ligeiros+de+passageiros+por+mil+habitantes-3078,,
1665,europa,Número médio de alunos por docente no ensino básico 1.º e 2.º ciclos (ISCED 1),Eurostat | UNESCO-UIS | OCDE | Entidades Nacionais | PORDATA,2026-03-17,https://www.pordata.pt/europa/numero+medio+de+alunos+por+docente+no+ensino+basico+1.%c2%ba+e+2.%c2%ba+ciclos+(isced+1)-1665,,
1666,europa,Número médio de alunos por docente no ensino básico 3.º ciclo (ISCED 2),Eurostat | UNESCO-UIS | OCDE | Entidades Nacionais | PORDATA,2026-03-17,https://www.pordata.pt/europa/numero+medio+de+alunos+por+docente+no+ensino+basico+3.%c2%ba+ciclo+(isced+2)-1666,,
1669,europa,Número médio de alunos por docente no ensino pré-escolar (ISCED 02),Eurostat | UNESCO-UIS | OCDE | Entidades Nacionais | PORDATA,2026-03-17,https://www.pordata.pt/europa/numero+medio+de+alunos+por+docente+no+ensino+pre+escolar+(isced+02)-1669,,
1667,europa,Número médio de alunos por docente no ensino secundário (ISCED 3),Eurostat | UNESCO-UIS | OCDE | Entidades Nacionais | PORDATA,2026-03-17,https://www.pordata.pt/europa/numero+medio+de+alunos+por+docente+no+ensino+secundario+(isced+3)-1667,,
1668,europa,Número médio de alunos por docente no ensino superior (ISCED 5-8),Eurostat | UNESCO-UIS | OCDE | Entidades Nacionais | PORDATA,2026-03-17,https://www.pordata.pt/europa/numero+medio+de+alunos+por+docente+no+ensino+superior+(isced+5+8)-1668,,
1536,europa,Número médio de divisões por pessoa: total e por tipo de agregado doméstico,Eurostat | Entidades Nacionais | PORDATA,2026-03-26,https://www.pordata.pt/europa/numero+medio+de+divisoes+por+pessoa+total+e+por+tipo+de+agregado+domestico-1536,,
2534,europa,Número médio de dormidas por entrada nos alojamentos turísticos coletivos: total e por tipo de turista,Eurostat | Entidades Nacionais | PORDATA,2026-01-21,https://www.pordata.pt/europa/numero+medio+de+dormidas+por+entrada+nos+alojamentos+turisticos+coletivos+total+e+por+tipo+de+turista-2534,,
3046,europa,"Número médio de passageiros por voo comercial: total, voos domésticos e voos internacionais",Eurostat | Entidades Nacionais | PORDATA,2026-01-19,https://www.pordata.pt/europa/numero+medio+de+passageiros+por+voo+comercial+total++voos+domesticos+e+voos+internacionais-3046,,
2532,europa,Número médio de viagens turísticas por turista,Eurostat | Entidades Nacionais | PORDATA,2025-10-16,https://www.pordata.pt/europa/numero+medio+de+viagens+turisticas+por+turista-2532,,
3079,europa,Número médio de vítimas por acidente rodoviário,CE | DG MOVE | Entidades Nacionais | PORDATA,2026-05-19,https://www.pordata.pt/europa/numero+medio+de+vitimas+por+acidente+rodoviario-3079,,
1253,europa,Óbitos infantis: fetais tardios e neonatais,Eurostat | NU | Institutos Nacionais de Estatística | PORDATA,2025-12-24,https://www.pordata.pt/europa/obitos+infantis+fetais+tardios+e+neonatais-1253,,
2484,europa,Óbitos por algumas causas de morte em % do total de óbitos,Eurostat | OMS | Entidades Nacionais | NU | Institutos Nacionais de Estatística | PORDATA,2026-07-13,https://www.pordata.pt/europa/obitos+por+algumas+causas+de+morte+em+percentagem+do+total+de+obitos-2484,,
1612,europa,Óbitos: por algumas causas de morte,Eurostat | OMS | Entidades Nacionais | PORDATA,2026-01-15,https://www.pordata.pt/europa/obitos+por+algumas+causas+de+morte-1612,,
1252,europa,Óbitos: total e no primeiro ano de vida,Eurostat | NU | Institutos Nacionais de Estatística | PORDATA,2026-07-13,https://www.pordata.pt/europa/obitos+total+e+no+primeiro+ano+de+vida-1252,,
3318,europa,Ocupação efetiva das prisões (%),Eurostat | UNODC | Entidades Nacionais | PORDATA,2026-04-29,https://www.pordata.pt/europa/ocupacao+efetiva+das+prisoes+(percentagem)-3318,,
3557,europa,Participação de adultos na aprendizagem,Eurostat | Institutos Nacionais de Estatística | PORDATA,2026-04-19,https://www.pordata.pt/europa/participacao+de+adultos+na+aprendizagem-3557,,
3556,europa,Participação no ensino pré-escolar,Eurostat | UNESCO-UIS | OCDE | Entidades Nacionais | PORDATA,2026-03-17,https://www.pordata.pt/europa/participacao+no+ensino+pre+escolar+total+e+por+sexo+(percentagem)-3556,,
3577,europa,Passageiros transportados por autocarros e comboios (%),Eurostat | Fórum Internacional de Transportes (ITF / OCDE) | UNECE | Entidades Nacionais | Direção-Geral da Mobilidade e dos Transportes da Comissão Europeia | PORDATA,2026-07-24,https://www.pordata.pt/europa/passageiros+transportados+por+autocarros+e+comboios+(percentagem)-3577,,
2720,europa,"Passageiros transportados por ferrovia: total, transporte doméstico e transporte internacional",Entidades Nacionais | Eurostat | Ministérios | PORDATA,2025-10-30,https://www.pordata.pt/europa/passageiros+transportados+por+ferrovia+total++transporte+domestico+e+transporte+internacional-2720,,
2707,europa,Passageiros transportados por via aérea: chegadas e partidas,Eurostat | Entidades Nacionais | PORDATA,2026-01-06,https://www.pordata.pt/europa/passageiros+transportados+por+via+aerea+chegadas+e+partidas-2707,,
2708,europa,"Passageiros transportados por via aérea em voos internacionais: total, UE27 e extra-UE27",Eurostat | Entidades Nacionais | PORDATA,2025-10-30,https://www.pordata.pt/europa/passageiros+transportados+por+via+aerea+em+voos+internacionais+total++ue27+e+extra+ue27-2708,,
2706,europa,"Passageiros transportados por via aérea: total, voos domésticos e voos internacionais",Eurostat | Entidades Nacionais | PORDATA,2025-10-30,https://www.pordata.pt/europa/passageiros+transportados+por+via+aerea+total++voos+domesticos+e+voos+internacionais-2706,,
2714,europa,Passageiros transportados por via marítima: desembarcados e embarcados,Eurostat | Entidades Nacionais | PORDATA,2025-11-27,https://www.pordata.pt/europa/passageiros+transportados+por+via+maritima+desembarcados+e+embarcados-2714,,
3053,europa,"Passageiros transportados por via marítima nos portos principais: total, doméstico e internacional",Eurostat | Entidades Nacionais | PORDATA,2026-01-28,https://www.pordata.pt/europa/passageiros+transportados+por+via+maritima+nos+portos+principais+total++domestico+e+internacional-3053,,
3228,europa,Patentes concedidas pelo Gabinete de Patentes e Marcas dos EUA (USPTO) às empresas (1977-2009),Eurostat | EPO | PORDATA,2026-01-05,https://www.pordata.pt/europa/patentes+concedidas+pelo+gabinete+de+patentes+e+marcas+dos+eua+(uspto)+as+empresas+(1977+2009)-3228,,
1468,europa,Patentes concedidas pelo Gabinete de Patentes e Marcas dos EUA (USPTO): por setor institucional (1977-2009),Eurostat | EPO | PORDATA,2026-01-06,https://www.pordata.pt/europa/patentes+concedidas+pelo+gabinete+de+patentes+e+marcas+dos+eua+(uspto)+por+setor+institucional+(1977+2009)-1468,,
1443,europa,Patentes concedidas pelo Gabinete de Patentes e Marcas dos EUA (USPTO): total e por secções da Classificação Internacional de Patentes (CIP) (1977-2010),Eurostat | EPO | PORDATA,2026-01-06,https://www.pordata.pt/europa/patentes+concedidas+pelo+gabinete+de+patentes+e+marcas+dos+eua+(uspto)+total+e+por+seccoes+da+classificacao+internacional+de+patentes+(cip)+(1977+2010)-1443,,
3584,europa,Pedidos de asilo por milhão de habitantes,Eurostat | Institutos Nacionais de Estatística | Ministérios da Administração Interna | Agências ligadas às Migrações | PORDATA,2026-04-27,https://www.pordata.pt/europa/pedidos+de+asilo+por+milhao+de+habitantes-3584,,
1439,europa,Pedidos de patentes à Organização Europeia de Patentes (EPO),Eurostat | EPO | PORDATA,2026-01-06,https://www.pordata.pt/europa/pedidos+de+patentes+a+organizacao+europeia+de+patentes+(epo)+(1977+2017)-1439,,
1430,europa,Pedidos de patentes ao Instituto Europeu de Patentes (EPO): por domínio tecnológico,Eurostat | EPO | PORDATA,2026-01-05,https://www.pordata.pt/europa/pedidos+de+patentes+ao+instituto+europeu+de+patentes+(epo)+por+dominio+tecnologico+(1980+2013)-1430,,
3576,europa,Pedidos de patentes ao Instituto Europeu de Patentes (IEP) por milhão de habitantes,Eurostat | EPO | PORDATA,2026-03-25,https://www.pordata.pt/europa/pedidos+submetidos+ao+instituto+europeu+de+patentes+(iep)+por+milhao+de+habitantes-3576,,
3745,europa,Pegada material <em>per capita</em>,Eurostat | Institutos Nacionais de Estatística | PORDATA,2026-07-22,https://www.pordata.pt/europa/pegada+material+per+capita-3745,,
3652,europa,Peixe capturado - toneladas de pescado,Eurostat | PORDATA,2026-01-20,https://www.pordata.pt/europa/peixe+capturado-3652,,
3653,europa,Peixe produzido em aquicultura,Eurostat | Entidades Nacionais | PORDATA,2026-02-18,https://www.pordata.pt/europa/peixe+produzido+em+aquicultura-3653,,
2419,europa,Pensionistas de invalidez: total e por sexo,Eurostat | Institutos Nacionais de Estatística | Ministérios dos Assuntos Sociais | PORDATA,2026-07-22,https://www.pordata.pt/europa/pensionistas+de+invalidez+total+e+por+sexo-2419,,
2420,europa,Pensionistas de sobrevivência: total e por sexo,Eurostat | Institutos Nacionais de Estatística | Ministérios dos Assuntos Sociais | PORDATA,2026-07-22,https://www.pordata.pt/europa/pensionistas+de+sobrevivencia+total+e+por+sexo-2420,,
2431,europa,Pensionistas de velhice no total da população residente com 65 e mais anos (%),Eurostat | Institutos Nacionais de Estatística | Ministérios dos Assuntos Sociais | NU | PORDATA,2026-07-22,https://www.pordata.pt/europa/pensionistas+de+velhice+no+total+da+populacao+residente+com+65+e+mais+anos+(percentagem)-2431,,
2418,europa,Pensionistas de velhice: total e por sexo,Eurostat | Institutos Nacionais de Estatística | Ministérios dos Assuntos Sociais | PORDATA,2026-07-22,https://www.pordata.pt/europa/pensionistas+de+velhice+total+e+por+sexo-2418,,
2435,europa,Pensionistas em % da população ativa,Eurostat | Institutos Nacionais de Estatística | Ministérios dos Assuntos Sociais | PORDATA,2026-07-22,https://www.pordata.pt/europa/pensionistas+em+percentagem+da+populacao+ativa-2435,,
2425,europa,Pensionistas no total da população residente com 15 e mais anos (%),Eurostat | Institutos Nacionais de Estatística | Ministérios dos Assuntos Sociais | NU | PORDATA,2026-07-22,https://www.pordata.pt/europa/pensionistas+no+total+da+populacao+residente+com+15+e+mais+anos+(percentagem)-2425,,
2424,europa,Pensionistas: total e por categoria,Eurostat | Institutos Nacionais de Estatística | Ministérios dos Assuntos Sociais | PORDATA,2026-07-22,https://www.pordata.pt/europa/pensionistas+total+e+por+categoria-2424,,
1414,europa,Pensões: despesa total e por categoria (Euro),Eurostat | Institutos Nacionais de Estatística | Ministérios dos Assuntos Sociais | PORDATA,2026-01-20,https://www.pordata.pt/europa/pensoes+despesa+total+e+por+categoria+(euro)-1414,,
1701,europa,"Pensões: despesa total e por categoria, por habitante (Euro)",Eurostat | Institutos Nacionais de Estatística | Ministérios dos Assuntos Sociais | NU | PORDATA,2026-07-10,https://www.pordata.pt/europa/pensoes+despesa+total+e+por+categoria++por+habitante+(euro)-1701,,
1413,europa,"Pensões: despesa total e por categoria por habitante, a preços constantes (base=2010)",Eurostat | Institutos Nacionais de Estatística | Ministérios dos Assuntos Sociais | PORDATA,2026-01-20,https://www.pordata.pt/europa/pensoes+despesa+total+e+por+categoria+por+habitante++a+precos+constantes-1413,,
1579,europa,Pensões: despesa total em % do PIB,Eurostat | Institutos Nacionais de Estatística | Ministérios dos Assuntos Sociais | PORDATA,2026-03-03,https://www.pordata.pt/europa/pensoes+despesa+total+em+percentagem+do+pib-1579,,
2973,europa,Pequenas e médias empresas: por alguns setores de atividade económica,Eurostat | OCDE | Entidades Nacionais | PORDATA,2026-01-15,https://www.pordata.pt/europa/pequenas+e+medias+empresas+por+alguns+setores+de+atividade+economica-2973,,
3210,europa,Pequenas empresas em % do total de empresas: por alguns setores de atividade económica,Eurostat | OCDE | Entidades Nacionais | PORDATA,2026-01-15,https://www.pordata.pt/europa/pequenas+empresas+em+percentagem+do+total+de+empresas+por+alguns+setores+de+atividade+economica-3210,,
3207,europa,Pequenas empresas: por alguns setores de atividade económica,Eurostat | OCDE | Entidades Nacionais | PORDATA,2026-01-15,https://www.pordata.pt/europa/pequenas+empresas+por+alguns+setores+de+atividade+economica-3207,,
3593,europa,Perceção de independência do sistema judicial,Direção-Geral da Justiça e dos Consumidores da Comissão Europeia | PORDATA,2026-01-09,https://www.pordata.pt/europa/percecao+de+independencia+do+sistema+judicial-3593,,
3620,europa,Perdas económicas relacionadas com o clima <em>per capita</em>,Eurostat | AEA | Munich Re. | PORDATA,2026-01-14,https://www.pordata.pt/europa/perdas+economicas+relacionadas+com+o+clima+per+capita-3620,,
3619,europa,Perdas económicas relacionadas com o clima (Euro),Eurostat | AEA | Munich Re. | PORDATA,2026-01-14,https://www.pordata.pt/europa/perdas+economicas+relacionadas+com+o+clima-3619,,
3309,europa,Pessoal ao serviço em estabelecimentos prisionais para adultos: total e por sexo,Eurostat | UNODC | Entidades Nacionais | PORDATA,2026-04-29,https://www.pordata.pt/europa/pessoal+ao+servico+em+estabelecimentos+prisionais+para+adultos+total+e+por+sexo-3309,,
3310,europa,Pessoal ao serviço em estabelecimentos prisionais para menores: total e por sexo,Eurostat | UNODC | Entidades Nacionais | PORDATA,2026-04-29,https://www.pordata.pt/europa/pessoal+ao+servico+em+estabelecimentos+prisionais+para+menores+total+e+por+sexo-3310,,
3214,europa,Pessoal ao serviço nas empresas médias: por alguns setores de atividade económica,PORDATA,2026-01-12,https://www.pordata.pt/europa/pessoal+ao+servico+nas+empresas+medias+por+alguns+setores+de+atividade+economica-3214,,
3155,europa,Pessoal ao serviço nas empresas: por alguns setores de atividade económica,Eurostat | OCDE | Entidades Nacionais | PORDATA,2026-01-14,https://www.pordata.pt/europa/pessoal+ao+servico+nas+empresas+por+alguns+setores+de+atividade+economica-3155,,
3154,europa,Pessoal ao serviço nas empresas: total,Eurostat | OCDE | Entidades Nacionais | PORDATA,2026-01-21,https://www.pordata.pt/europa/pessoal+ao+servico+nas+empresas+total-3154,,
3157,europa,Pessoal ao serviço nas grandes empresas: por alguns setores de atividade económica,Eurostat | OCDE | Entidades Nacionais | PORDATA,2026-01-14,https://www.pordata.pt/europa/pessoal+ao+servico+nas+grandes+empresas+por+alguns+setores+de+atividade+economica-3157,,
3212,europa,Pessoal ao serviço nas microempresas: por alguns setores de atividade económica,PORDATA,2026-01-12,https://www.pordata.pt/europa/pessoal+ao+servico+nas+microempresas+por+alguns+setores+de+atividade+economica-3212,,
3215,europa,Pessoal ao serviço nas pequenas e médias empresas: por alguns setores de atividade económica,PORDATA,2022-11-03,https://www.pordata.pt/europa/pessoal+ao+servico+nas+pequenas+e+medias+empresas+por+alguns+setores+de+atividade+economica-3215,,
3213,europa,Pessoal ao serviço nas pequenas empresas: por alguns setores de atividade económica,PORDATA,2025-12-02,https://www.pordata.pt/europa/pessoal+ao+servico+nas+pequenas+empresas+por+alguns+setores+de+atividade+economica-3213,,
3356,europa,Pessoal ao serviço nas polícias por 100 mil habitantes,Eurostat | UNODC | Entidades Nacionais | NU | Institutos Nacionais de Estatística | PORDATA,2026-07-10,https://www.pordata.pt/europa/pessoal+ao+servico+nas+policias+por+100+mil+habitantes-3356,,
3303,europa,Pessoal ao serviço nas polícias: total e por sexo,Eurostat | UNODC | Entidades Nacionais | PORDATA,2026-04-29,https://www.pordata.pt/europa/pessoal+ao+servico+nas+policias+total+e+por+sexo-3303,,
3575,europa,Pessoal em atividades de investigação e desenvolvimento (I&D): equivalente a tempo integral em % da população ativa,Eurostat | OCDE | Entidades Nacionais | PORDATA,2026-01-21,https://www.pordata.pt/europa/pessoal+em+atividades+de+investigacao+e+desenvolvimento+(i+d)+em+percentagem+da+populacao+ativa++por+setor+de+execucao-3575,,
3224,europa,Pessoal total (ETI) em atividades de investigação e desenvolvimento (I&D): total e do setor empresas,Eurostat | OCDE | Entidades Nacionais | PORDATA,2026-01-21,https://www.pordata.pt/europa/pessoal+total+(eti)+em+atividades+de+investigacao+e+desenvolvimento+(i+d)+total+e+do+setor+empresas-3224,,
1429,europa,Pessoal total (ETI) em atividades de investigação e desenvolvimento (I&D): total e por área científica,Eurostat | OCDE | Entidades Nacionais | PORDATA,2026-01-21,https://www.pordata.pt/europa/pessoal+total+(eti)+em+atividades+de+investigacao+e+desenvolvimento+(i+d)+total+e+por+area+cientifica-1429,,
1423,europa,Pessoal total (ETI) em atividades de investigação e desenvolvimento (I&D): total e por setor de execução,Eurostat | OCDE | Entidades Nacionais | PORDATA,2026-01-21,https://www.pordata.pt/europa/pessoal+total+(eti)+em+atividades+de+investigacao+e+desenvolvimento+(i+d)+total+e+por+setor+de+execucao-1423,,
1425,europa,Pessoal total e investigadores (ETI) em atividades de investigação e desenvolvimento (I&D): total e do sexo feminino,Eurostat | OCDE | Entidades Nacionais | PORDATA,2026-01-21,https://www.pordata.pt/europa/pessoal+total+e+investigadores+(eti)+em+atividades+de+investigacao+e+desenvolvimento+(i+d)+total+e+do+sexo+feminino-1425,,
1691,europa,Pessoal total e investigadores em atividades de investigação e desenvolvimento (I&D): equivalente a tempo integral por mil ativos,Eurostat | OCDE | Entidades Nacionais | Institutos Nacionais de Estatística | PORDATA,2026-04-19,https://www.pordata.pt/europa/pessoal+total+e+investigadores+em+atividades+de+investigacao+e+desenvolvimento+(i+d)+equivalente+a+tempo+integral+por+mil+ativos-1691,,
3579,europa,PIB <em>per capita</em> (PPC),Eurostat | Institutos Nacionais de Estatística | PORDATA,2026-08-03,https://www.pordata.pt/europa/pib+per+capita+(ppc)-3579,,
3523,europa,PIB <em>per capita</em> (UE27=100),Eurostat | Institutos Nacionais de Estatística | PORDATA,2026-08-03,https://www.pordata.pt/europa/pib+per+capita+(ue27+100)-3523,,
2683,europa,PIB por componentes (Euro),Eurostat | Institutos Nacionais de Estatística | PORDATA,2026-03-03,https://www.pordata.pt/europa/pib+por+componentes+(euro)-2683,,
3567,europa,PIB real <em>per capita</em> (Euro),Eurostat | Institutos Nacionais de Estatística | PORDATA,2026-03-05,https://www.pordata.pt/europa/pib+real+per+capita+(euro)-3567,,
3554,europa,"População, entre os 25 e os 34 anos, com o ensino superior (ISCED 5-8): total e por sexo (%)",Eurostat | Institutos Nacionais de Estatística | PORDATA,2026-04-19,https://www.pordata.pt/europa/populacao++entre+os+25+e+os+34+anos++com+o+ensino+superior+(isced+5+8)+total+e+por+sexo+(percentagem)-3554,,
3401,europa,"População, entre os 30 e os 34 anos, com o ensino superior (ISCED 5-8) (%)",Eurostat | Institutos Nacionais de Estatística | PORDATA,2026-04-20,https://www.pordata.pt/europa/populacao++entre+os+30+e+os+34+anos++com+o+ensino+superior+(isced+5+8)+(percentagem)-3401,,
3532,europa,População a viver em agregados com intensidade laboral muito reduzida,Eurostat | Entidades Nacionais | PORDATA,2026-03-26,https://www.pordata.pt/europa/populacao+a+viver+em+agregados+com+intensidade+laboral+muito+reduzida+(percentagem)-3532,,
1592,europa,"População ativa, dos 15 aos 64 anos: total e por nível de escolaridade completo mais elevado",Eurostat | Institutos Nacionais de Estatística | PORDATA,2026-04-20,https://www.pordata.pt/europa/populacao+ativa++dos+15+aos+64+anos+total+e+por+nivel+de+escolaridade+completo+mais+elevado-1592,,
1755,europa,População ativa no total da população em idade ativa (%),Eurostat | Institutos Nacionais de Estatística | NU | PORDATA,2026-07-10,https://www.pordata.pt/europa/populacao+ativa+no+total+da+populacao+em+idade+ativa+(percentagem)-1755,,
2432,europa,População ativa por pensionista,Eurostat | Institutos Nacionais de Estatística | Ministérios dos Assuntos Sociais | PORDATA,2026-07-22,https://www.pordata.pt/europa/populacao+ativa+por+pensionista-2432,,
1838,europa,População ativa: total e por grupo etário,Eurostat | Institutos Nacionais de Estatística | PORDATA,2026-04-19,https://www.pordata.pt/europa/populacao+ativa+total+e+por+grupo+etario-1838,,
1588,europa,População ativa: total e por nacionalidade,Eurostat | Institutos Nacionais de Estatística | PORDATA,2026-04-20,https://www.pordata.pt/europa/populacao+ativa+total+e+por+nacionalidade-1588,,
1587,europa,População ativa: total e por sexo,Eurostat | Institutos Nacionais de Estatística | PORDATA,2026-04-17,https://www.pordata.pt/europa/populacao+ativa+total+e+por+sexo-1587,,
1944,europa,Evolução da População ativa por países,Eurostat | Institutos Nacionais de Estatística | PORDATA,2026-04-19,https://www.pordata.pt/europa/populacao+ativa-1944,,
3547,europa,População com boa ou muito boa perceção do seu estado de saúde: total e por sexo (%),Eurostat | Entidades Nacionais | PORDATA,2026-03-27,https://www.pordata.pt/europa/populacao+com+boa+ou+muito+boa+percecao+do+seu+estado+de+saude+total+e+por+sexo+(percentagem)-3547,,
3548,europa,População com necessidades insatisfeitas de cuidados médicos: total e por sexo (%),Eurostat | Entidades Nacionais | PORDATA,2026-03-27,https://www.pordata.pt/europa/populacao+com+necessidades+insatisfeitas+de+cuidados+medicos+total+e+por+sexo+(percentagem)-3548,,
3237,europa,População com o ensino secundário e pós secundário (ISCED 3-4) em % da população entre os 25 e os 64 anos: total e por grupo etário,Eurostat | Institutos Nacionais de Estatística | PORDATA,2026-04-20,https://www.pordata.pt/europa/populacao+com+o+ensino+secundario+e+pos+secundario+(isced+3+4)+em+percentagem+da+populacao+entre+os+25+e+os+64+anos+total+e+por+grupo+etario-3237,,
3492,europa,População com o ensino secundário e pós secundário (ISCED 3-4) em % da população entre os 25 e os 64 anos: total e por sexo,Eurostat | Institutos Nacionais de Estatística | PORDATA,2026-04-19,https://www.pordata.pt/europa/populacao+com+o+ensino+secundario+e+pos+secundario+(isced+3+4)+em+percentagem+da+populacao+entre+os+25+e+os+64+anos+total+e+por+sexo-3492,,
3239,europa,População com o ensino superior (ISCED 5-8) em % da população entre os 25 e os 64 anos: total e por grupo etário,Eurostat | Institutos Nacionais de Estatística | PORDATA,2026-04-20,https://www.pordata.pt/europa/populacao+com+o+ensino+superior+(isced+5+8)+em+percentagem+da+populacao+entre+os+25+e+os+64+anos+total+e+por+grupo+etario-3239,,
3490,europa,População com o ensino superior (ISCED 5-8) em % da população entre os 25 e os 64 anos: total e sexo,Eurostat | Institutos Nacionais de Estatística | PORDATA,2026-04-19,https://www.pordata.pt/europa/populacao+com+o+ensino+superior+(isced+5+8)+em+percentagem+da+populacao+entre+os+25+e+os+64+anos+total+e+sexo-3490,,
3655,europa,População com pelo menos competências digitais básicas: total e por sexo (%),Eurostat | Entidades Nacionais | PORDATA,2026-01-09,https://www.pordata.pt/europa/populacao+com+pelo+menos+competencias+digitais+basicas+total+e+por+sexo+(percentagem)-3655,,
1883,europa,População desempregada por duração do desemprego (%),Eurostat | Institutos Nacionais de Estatística | PORDATA,2026-04-20,https://www.pordata.pt/europa/populacao+desempregada+por+duracao+do+desemprego+(percentagem)-1883,,
1884,europa,População desempregada por grupo etário (%),Eurostat | Institutos Nacionais de Estatística | PORDATA,2026-04-20,https://www.pordata.pt/europa/populacao+desempregada+por+grupo+etario+(percentagem)-1884,,
1776,europa,População desempregada por sexo (%),Eurostat | Institutos Nacionais de Estatística | PORDATA,2026-04-17,https://www.pordata.pt/europa/populacao+desempregada+por+sexo+(percentagem)-1776,,
1752,europa,População desempregada: total e por duração do desemprego,Eurostat | Institutos Nacionais de Estatística | PORDATA,2026-04-20,https://www.pordata.pt/europa/populacao+desempregada+total+e+por+duracao+do+desemprego-1752,,
1796,europa,População desempregada: total e por grupo etário,Eurostat | Institutos Nacionais de Estatística | PORDATA,2026-04-20,https://www.pordata.pt/europa/populacao+desempregada+total+e+por+grupo+etario-1796,,
1634,europa,População desempregada: total e por profissão anterior,Eurostat | Institutos Nacionais de Estatística | PORDATA,2026-04-20,https://www.pordata.pt/europa/populacao+desempregada+total+e+por+profissao+anterior-1634,,
1630,europa,População desempregada: total e por sexo,Eurostat | Institutos Nacionais de Estatística | PORDATA,2026-04-17,https://www.pordata.pt/europa/populacao+desempregada+total+e+por+sexo-1630,,
3427,europa,População em risco de pobreza ou exclusão social (evolução em relação a 2008),Eurostat | Entidades Nacionais | PORDATA,2026-01-21,https://www.pordata.pt/europa/populacao+em+risco+de+pobreza+ou+exclusao+social+(evolucao+em+relacao+a+2008)+(2008+2020)-3427,,
2331,europa,População em risco de pobreza ou exclusão social: total e por grupo etário (%),Eurostat | Entidades Nacionais | PORDATA,2026-03-26,https://www.pordata.pt/europa/populacao+em+risco+de+pobreza+ou+exclusao+social+total+e+por+grupo+etario+(percentagem)-2331,,
2330,europa,População em risco de pobreza ou exclusão social: total e por sexo (percentagem),Eurostat | Entidades Nacionais | PORDATA,2026-03-26,https://www.pordata.pt/europa/populacao+em+risco+de+pobreza+ou+exclusao+social+total+e+por+sexo+(percentagem)-2330,,
3400,europa,População em risco de pobreza ou exclusão social: total e por sexo,Eurostat | Entidades Nacionais | PORDATA,2026-03-26,https://www.pordata.pt/europa/populacao+em+risco+de+pobreza+ou+exclusao+social+total+e+por+sexo-3400,,
1604,europa,População empregada a tempo completo e parcial ? Homens,Eurostat | Institutos Nacionais de Estatística | PORDATA,2026-04-20,https://www.pordata.pt/europa/populacao+empregada+a+tempo+completo+e+parcial+++homens-1604,,
1611,europa,População empregada a tempo completo e parcial ? Mulheres,Eurostat | Institutos Nacionais de Estatística | PORDATA,2026-04-20,https://www.pordata.pt/europa/populacao+empregada+a+tempo+completo+e+parcial+++mulheres-1611,,
2465,europa,População empregada em alojamentos turísticos coletivos: total e a tempo completo,Eurostat | Institutos Nacionais de Estatística | PORDATA,2026-04-20,https://www.pordata.pt/europa/populacao+empregada+em+alojamentos+turisticos+coletivos+total+e+a+tempo+completo-2465,,
2467,europa,População empregada em alojamentos turísticos coletivos: total e por tipo de contrato,Eurostat | Institutos Nacionais de Estatística | PORDATA,2026-04-20,https://www.pordata.pt/europa/populacao+empregada+em+alojamentos+turisticos+coletivos+total+e+por+tipo+de+contrato-2467,,
1598,europa,População empregada estrangeira,Eurostat | Institutos Nacionais de Estatística | PORDATA,2026-04-20,https://www.pordata.pt/europa/populacao+empregada+estrangeira-1598,,
1744,europa,População empregada por setor de atividade económica ? Homens (NACE Rev.1.1) (1992-2008),Eurostat | Institutos Nacionais de Estatística | PORDATA,2026-01-04,https://www.pordata.pt/europa/populacao+empregada+por+setor+de+atividade+economica+++homens+(nace+rev.1.1)+(1992+2008)-1744,,
1742,europa,População empregada por setor de atividade económica ? Homens (NACE Rev.2),Eurostat | Institutos Nacionais de Estatística | PORDATA,2026-04-20,https://www.pordata.pt/europa/populacao+empregada+por+setor+de+atividade+economica+++homens+(nace+rev.2)-1742,,
1745,europa,População empregada por setor de atividade económica ? Mulheres (NACE Rev.1.1) (1992-2008),Eurostat | Institutos Nacionais de Estatística | PORDATA,2026-01-04,https://www.pordata.pt/europa/populacao+empregada+por+setor+de+atividade+economica+++mulheres+(nace+rev.1.1)+(1992+2008)-1745,,
1743,europa,População empregada por setor de atividade económica ? Mulheres (NACE Rev.2),Eurostat | Institutos Nacionais de Estatística | PORDATA,2026-04-20,https://www.pordata.pt/europa/populacao+empregada+por+setor+de+atividade+economica+++mulheres+(nace+rev.2)-1743,,
1738,europa,População empregada por situação na profissão ? Homens,Eurostat | Institutos Nacionais de Estatística | PORDATA,2026-04-20,https://www.pordata.pt/europa/populacao+empregada+por+situacao+na+profissao+++homens-1738,,
1739,europa,População empregada por situação na profissão ? Mulheres,Eurostat | Institutos Nacionais de Estatística | PORDATA,2026-04-20,https://www.pordata.pt/europa/populacao+empregada+por+situacao+na+profissao+++mulheres-1739,,
1603,europa,População empregada: total e a tempo completo e parcial,Eurostat | Institutos Nacionais de Estatística | PORDATA,2026-04-20,https://www.pordata.pt/europa/populacao+empregada+total+e+a+tempo+completo+e+parcial-1603,,
1851,europa,População empregada: total e por grupo etário,Eurostat | Institutos Nacionais de Estatística | PORDATA,2026-04-20,https://www.pordata.pt/europa/populacao+empregada+total+e+por+grupo+etario-1851,,
1601,europa,População empregada: total e por nível de escolaridade completo mais elevado,Eurostat | Institutos Nacionais de Estatística | PORDATA,2026-04-20,https://www.pordata.pt/europa/populacao+empregada+total+e+por+nivel+de+escolaridade+completo+mais+elevado-1601,,
3386,europa,População empregada: total e por profissões,Eurostat | Institutos Nacionais de Estatística | PORDATA,2026-04-20,https://www.pordata.pt/europa/populacao+empregada+total+e+por+profissoes-3386,,
1625,europa,População empregada: total e por setor de atividade económica (NACE Rev.1.1) (1992-2008),Eurostat | Institutos Nacionais de Estatística | PORDATA,2025-12-29,https://www.pordata.pt/europa/populacao+empregada+total+e+por+setor+de+atividade+economica+(nace+rev.1.1)+(1992+2008)-1625,,
1623,europa,População empregada: total e por setor de atividade económica (NACE Rev.2),Eurostat | Institutos Nacionais de Estatística | PORDATA,2026-04-20,https://www.pordata.pt/europa/populacao+empregada+total+e+por+setor+de+atividade+economica+(nace+rev.2)-1623,,
1597,europa,População empregada: total e por sexo,Eurostat | Institutos Nacionais de Estatística | PORDATA,2026-04-17,https://www.pordata.pt/europa/populacao+empregada+total+e+por+sexo-1597,,
1602,europa,População empregada: total e por situação na profissão,Eurostat | Institutos Nacionais de Estatística | PORDATA,2026-04-20,https://www.pordata.pt/europa/populacao+empregada+total+e+por+situacao+na+profissao-1602,,
1624,europa,População estrangeira em % da população residente,Eurostat | NU | OIT | Entidades Nacionais | PORDATA,2026-01-21,https://www.pordata.pt/europa/populacao+estrangeira+em+percentagem+da+populacao+residente-1624,,
3816,europa,População fora do mercado de trabalho devido à prestação de cuidados: total e por sexo (%),Eurostat | Institutos Nacionais de Estatística | PORDATA,2026-04-19,https://www.pordata.pt/europa/populacao+fora+do+mercado+de+trabalho+devido+a+prestacao+de+cuidados+total+e+por+sexo+(percentagem)-3816,,
1942,europa,População inativa com 15 e mais anos: total e por grupo etário,Eurostat | Institutos Nacionais de Estatística | PORDATA,2026-04-20,https://www.pordata.pt/europa/populacao+inativa+com+15+e+mais+anos+total+e+por+grupo+etario-1942,,
1594,europa,População inativa com 15 e mais anos: total e por sexo,Eurostat | Institutos Nacionais de Estatística | PORDATA,2026-04-17,https://www.pordata.pt/europa/populacao+inativa+com+15+e+mais+anos+total+e+por+sexo-1594,,
3562,europa,População inativa devido a responsabilidades familiares: total e por sexo (%),Eurostat | Institutos Nacionais de Estatística | PORDATA,2026-04-20,https://www.pordata.pt/europa/populacao+inativa+devido+a+responsabilidades+familiares+total+e+por+sexo+(percentagem)-3562,,
1593,europa,População inativa estrangeira com 15 e mais anos,Eurostat | Institutos Nacionais de Estatística | PORDATA,2026-04-17,https://www.pordata.pt/europa/populacao+inativa+estrangeira+com+15+e+mais+anos-1593,,
3566,europa,População incapaz de aquecer convenientemente a habitação (%),Eurostat | Entidades Nacionais | PORDATA,2026-03-27,https://www.pordata.pt/europa/populacao+incapaz+de+aquecer+convenientemente+a+habitacao+(percentagem)-3566,,
1528,europa,População por tipo de alojamento (%),Eurostat | Entidades Nacionais | PORDATA,2026-03-26,https://www.pordata.pt/europa/populacao+por+tipo+de+alojamento+(percentagem)-1528,,
3388,europa,População por tipo de ocupação do alojamento de residência habitual (%),Eurostat | Entidades Nacionais | PORDATA,2026-03-26,https://www.pordata.pt/europa/populacao+por+tipo+de+ocupacao+do+alojamento+de+residencia+habitual+(percentagem)-3388,,
1349,europa,População que completou pelo menos o ensino secundário (ISCED 3 ou mais) em % da população entre os 25 e os 64 anos: total e por sexo,Eurostat | Institutos Nacionais de Estatística | PORDATA,2026-04-17,https://www.pordata.pt/europa/populacao+que+completou+pelo+menos+o+ensino+secundario+(isced+3+ou+mais)+em+percentagem+da+populacao+entre+os+25+e+os+64+anos+total+e+por+sexo-1349,,
3587,europa,"População que reporta ocorrências de crime, violência e vandalismo na sua área (%)",Eurostat | Entidades Nacionais | PORDATA,2026-01-20,https://www.pordata.pt/europa/populacao+que+reporta+ocorrencias+de+crime++violencia+e+vandalismo+na+sua+area+(percentagem)-3587,,
3586,europa,População que vive em agregados domésticos e que refere a existência de ruído (%),Eurostat | Entidades Nacionais | PORDATA,2024-05-27,https://www.pordata.pt/europa/populacao+que+vive+em+agregados+domesticos+e+que+refere+a+existencia+de+ruido+(percentagem)-3586,,
3535,europa,População que vive em alojamentos em más condições (%),Eurostat | Entidades Nacionais | PORDATA,2026-01-20,https://www.pordata.pt/europa/populacao+que+vive+em+alojamentos+em+mas+condicoes+(percentagem)-3535,,
3565,europa,"População que vive sem banheira, duche e retrete no interior do alojamento (%)",Eurostat | Entidades Nacionais | PORDATA,2026-01-15,https://www.pordata.pt/europa/populacao+que+vive+sem+banheira++duche+e+retrete+no+interior+do+alojamento+(percentagem)-3565,,
1570,europa,"População residente, estimativas a 1 de janeiro: total e por sexo",Eurostat | NU | Institutos Nacionais de Estatística | PORDATA,2026-07-10,https://www.pordata.pt/europa/populacao+residente++estimativas+a+1+de+janeiro+total+e+por+sexo-1570,,
1867,europa,População residente do sexo feminino: total e por grandes grupos etários (percentagem),Eurostat | NU | Institutos Nacionais de Estatística | PORDATA,2026-01-27,https://www.pordata.pt/europa/populacao+residente+do+sexo+feminino+total+e+por+grandes+grupos+etarios+(percentagem)-1867,,
1608,europa,População residente do sexo feminino: total e por grandes grupos etários,Eurostat | NU | Institutos Nacionais de Estatística | PORDATA,2026-01-27,https://www.pordata.pt/europa/populacao+residente+do+sexo+feminino+total+e+por+grandes+grupos+etarios-1608,,
1276,europa,População residente do sexo feminino: total e por grupo etário,Eurostat | NU | Institutos Nacionais de Estatística | PORDATA,2026-01-27,https://www.pordata.pt/europa/populacao+residente+do+sexo+feminino+total+e+por+grupo+etario-1276,,
1866,europa,População residente do sexo masculino: total e por grandes grupos etários (percentagem),Eurostat | NU | Institutos Nacionais de Estatística | PORDATA,2026-01-27,https://www.pordata.pt/europa/populacao+residente+do+sexo+masculino+total+e+por+grandes+grupos+etarios+(percentagem)-1866,,
1607,europa,População residente do sexo masculino: total e por grandes grupos etários,Eurostat | NU | Institutos Nacionais de Estatística | PORDATA,2026-01-27,https://www.pordata.pt/europa/populacao+residente+do+sexo+masculino+total+e+por+grandes+grupos+etarios-1607,,
1275,europa,População residente do sexo masculino: total e por grupo etário,Eurostat | NU | Institutos Nacionais de Estatística | PORDATA,2026-01-27,https://www.pordata.pt/europa/populacao+residente+do+sexo+masculino+total+e+por+grupo+etario-1275,,
3516,europa,População residente em % da população da UE27,Eurostat | NU | Institutos Nacionais de Estatística | PORDATA,2026-07-10,https://www.pordata.pt/europa/populacao+residente+em+percentagem+da+populacao+da+ue27-3516,,
2265,europa,População residente: idade mediana,Eurostat | NU | Institutos Nacionais de Estatística | PORDATA,2026-01-27,https://www.pordata.pt/europa/populacao+residente+idade+mediana-2265,,
2527,europa,População residente que viajou em turismo em % da população residente: total e por destino da viagem,Eurostat | Entidades Nacionais | NU | Institutos Nacionais de Estatística | PORDATA,2026-01-27,https://www.pordata.pt/europa/populacao+residente+que+viajou+em+turismo+em+percentagem+da+populacao+residente+total+e+por+destino+da+viagem-2527,,
2815,europa,População residente que viajou em turismo em % da população residente: total e por grupo etário,Eurostat | Entidades Nacionais | NU | Institutos Nacionais de Estatística | PORDATA,2026-01-27,https://www.pordata.pt/europa/populacao+residente+que+viajou+em+turismo+em+percentagem+da+populacao+residente+total+e+por+grupo+etario-2815,,
2450,europa,População residente que viajou em turismo: total e por destino da viagem,Eurostat | Entidades Nacionais | PORDATA,2026-01-15,https://www.pordata.pt/europa/populacao+residente+que+viajou+em+turismo+total+e+por+destino+da+viagem-2450,,
2449,europa,População residente que viajou em turismo: total e por grupo etário,Eurostat | Entidades Nacionais | PORDATA,2026-01-15,https://www.pordata.pt/europa/populacao+residente+que+viajou+em+turismo+total+e+por+grupo+etario-2449,,
2448,europa,População residente que viajou em turismo: total e por sexo,Eurostat | Entidades Nacionais | PORDATA,2026-01-20,https://www.pordata.pt/europa/populacao+residente+que+viajou+em+turismo+total+e+por+sexo-2448,,
1416,europa,População residente servida por sistemas de tratamento de águas residuais urbanas (%),Eurostat | OCDE | Institutos Nacionais de Estatística | PORDATA,2026-01-06,https://www.pordata.pt/europa/populacao+residente+servida+por+sistemas+de+tratamento+de+aguas+residuais+urbanas+(percentagem)-1416,,
3807,europa,"População residente: total, nacionais e estrangeiros",Eurostat | NU | OIT | Entidades Nacionais | PORDATA,2026-01-21,https://www.pordata.pt/europa/populacao+residente+total++nacionais+e+estrangeiros-3807,,
1865,europa,População residente: total e por grandes grupos etários (percentagem),Eurostat | NU | Institutos Nacionais de Estatística | PORDATA,2026-01-27,https://www.pordata.pt/europa/populacao+residente+total+e+por+grandes+grupos+etarios+(percentagem)-1865,,
1606,europa,População residente: total e por grandes grupos etários,Eurostat | NU | Institutos Nacionais de Estatística | PORDATA,2026-01-27,https://www.pordata.pt/europa/populacao+residente+total+e+por+grandes+grupos+etarios-1606,,
1274,europa,População residente: total e por grupo etário,Eurostat | NU | Institutos Nacionais de Estatística | PORDATA,2026-01-27,https://www.pordata.pt/europa/populacao+residente+total+e+por+grupo+etario-1274,,
1571,europa,População residente: total e por sexo,Eurostat | NU | Institutos Nacionais de Estatística | PORDATA,2026-07-10,https://www.pordata.pt/europa/populacao+residente+total+e+por+sexo-1571,,
1951,europa,População residente,Eurostat | NU | Institutos Nacionais de Estatística | PORDATA,2026-07-10,https://www.pordata.pt/europa/populacao+residente-1951,,
1526,europa,População sem capacidade de aquisição de alguns equipamentos domésticos (%),Eurostat | Entidades Nacionais | PORDATA,2026-01-21,https://www.pordata.pt/europa/populacao+sem+capacidade+de+aquisicao+de+alguns+equipamentos+domesticos+(percentagem)-1526,,
2125,europa,População sem capacidade para assegurar o pagamento de despesas inesperadas: total e por grupos de rendimento (%),Eurostat | Entidades Nacionais | PORDATA,2026-03-26,https://www.pordata.pt/europa/populacao+sem+capacidade+para+assegurar+o+pagamento+de+despesas+inesperadas+total+e+por+grupos+de+rendimento+(percentagem)-2125,,
2126,europa,"População sem capacidade para assegurar uma refeição de carne, peixe ou equivalente vegetariano de 2 em 2 dias: total e por grupos de rendimento (%)",Eurostat | Entidades Nacionais | PORDATA,2026-03-26,https://www.pordata.pt/europa/populacao+sem+capacidade+para+assegurar+uma+refeicao+de+carne++peixe+ou+equivalente+vegetariano+de+2+em+2+dias+total+e+por+grupos+de+rendimento+(percentagem)-2126,,
3236,europa,População sem o ensino secundário (ISCED 0-2) em % da população entre os 25 e os 64 anos: total e por grupo etário,Eurostat | Institutos Nacionais de Estatística | PORDATA,2026-04-20,https://www.pordata.pt/europa/populacao+sem+o+ensino+secundario+(isced+0+2)+em+percentagem+da+populacao+entre+os+25+e+os+64+anos+total+e+por+grupo+etario-3236,,
3491,europa,População sem o ensino secundário (ISCED 0-2) em % da população entre os 25 e os 64 anos: total e por sexo,Eurostat | Institutos Nacionais de Estatística | PORDATA,2026-04-19,https://www.pordata.pt/europa/populacao+sem+o+ensino+secundario+(isced+0+2)+em+percentagem+da+populacao+entre+os+25+e+os+64+anos+total+e+por+sexo-3491,,
3540,europa,População servida pelo menos por sistemas de tratamento secundário de águas residuais (%),Eurostat | OCDE | Institutos Nacionais de Estatística | PORDATA,2026-01-15,https://www.pordata.pt/europa/populacao+servida+pelo+menos+por+sistemas+de+tratamento+secundario+de+aguas+residuais+(percentagem)-3540,,
2672,europa,Posição de investimento internacional: ativos e passivos financeiros face ao estrangeiro (Euro),Eurostat | BCE | Entidades Nacionais | PORDATA,2026-01-26,https://www.pordata.pt/europa/posicao+de+investimento+internacional+ativos+e+passivos+financeiros+face+ao+estrangeiro+(euro)-2672,,
2674,europa,Posição de investimento internacional em % do PIB,Eurostat | BCE | Entidades Nacionais | PORDATA,2026-04-14,https://www.pordata.pt/europa/posicao+de+investimento+internacional+em+percentagem+do+pib-2674,,
1406,europa,"Precipitação: chuva, granizo e neve",Eurostat | OCDE | Institutos Nacionais de Estatística | PORDATA,2026-01-05,https://www.pordata.pt/europa/precipitacao-1406,,
1479,europa,Preços da eletricidade para utilizadores domésticos e industriais (PPC),Eurostat | Institutos Nacionais de Estatística | Ministérios | Agências de Energia | Companhias de Eletricidade (em caso de monopólios) | PORDATA,2026-03-18,https://www.pordata.pt/europa/precos+da+eletricidade+para+utilizadores+domesticos+e+industriais+(ppc)-1479,,
1477,europa,Preços da eletricidade para utilizadores domésticos e industriais,Eurostat | Institutos Nacionais de Estatística | Ministérios | Agências de Energia | Companhias de Eletricidade (em caso de monopólios) | PORDATA,2026-03-18,https://www.pordata.pt/europa/precos+da+eletricidade+para+utilizadores+domesticos+e+industriais-1477,,
1480,europa,Preços do gás natural para utilizadores domésticos e industriais (PPC),Eurostat | Institutos Nacionais de Estatística | Ministérios | Agências de Energia | Companhias de Eletricidade (em caso de monopólios) | PORDATA,2026-03-19,https://www.pordata.pt/europa/precos+do+gas+natural+para+utilizadores+domesticos+e+industriais+(ppc)-1480,,
1478,europa,Preços do gás natural para utilizadores domésticos e industriais,Eurostat | Institutos Nacionais de Estatística | Ministérios | Agências de Energia | Companhias de Eletricidade (em caso de monopólios) | PORDATA,2026-03-19,https://www.pordata.pt/europa/precos+do+gas+natural+para+utilizadores+domesticos+e+industriais-1478,,
3552,europa,Prevalência do tabagismo: total e por sexo,Direção-Geral de Saúde e Segurança dos Alimentos da Comissão Europeia | PORDATA,2026-01-06,https://www.pordata.pt/europa/prevalencia+do+tabagismo+total+e+por+sexo-3552,,
3311,europa,Prisões: lotação oficial e reclusos,Eurostat | UNODC | Entidades Nacionais | PORDATA,2026-04-29,https://www.pordata.pt/europa/prisoes+lotacao+oficial+e+reclusos-3311,,
3333,europa,"Processos cíveis e/ou comerciais nos tribunais de 1ª instância: entrados, findos e pendentes",Eurostat | UNODC | Entidades Nacionais | PORDATA,2026-07-08,https://www.pordata.pt/europa/processos+civeis+e+ou+comerciais+nos+tribunais+de+1%c2%aa+instancia+entrados++findos+e+pendentes-3333,,
3305,europa,"Processos criminais nos Tribunais de 1ª instância: entrados, findos e pendentes",Eurostat | UNODC | Entidades Nacionais | PORDATA,2026-07-08,https://www.pordata.pt/europa/processos+criminais+nos+tribunais+de+1%c2%aa+instancia+entrados++findos+e+pendentes-3305,,
3494,europa,Produção bruta de eletricidade: total e por alguns tipos de fonte energética,Eurostat | AIE | UNECE | Entidades Nacionais | PORDATA,2026-01-09,https://www.pordata.pt/europa/producao+bruta+de+eletricidade+total+e+por+alguns+tipos+de+fonte+energetica-3494,,
3698,europa,Produção das principais culturas agrícolas,Eurostat | Entidades Nacionais | PORDATA,2024-11-08,https://www.pordata.pt/europa/producao+das+principais+culturas+agricolas-3698,,
3423,europa,Produção de resíduos municipais,Eurostat | OCDE | Institutos Nacionais de Estatística | PORDATA,2026-03-31,https://www.pordata.pt/europa/producao+de+residuos+municipais-3423,,
3613,europa,Produção de resíduos (excluindo os principais resíduos minerais) por perigosidade <em>per capita</em>,Eurostat | Entidades Nacionais | PORDATA,2026-01-14,https://www.pordata.pt/europa/producao+de+residuos+por+perigosidade+per+capita-3613,,
1382,europa,"Produção de resíduos: total, da atividade económica e dos agregados domésticos",Eurostat | OCDE | Entidades Nacionais | PORDATA,2026-01-19,https://www.pordata.pt/europa/producao+de+residuos+total++da+atividade+economica+e+dos+agregados+domesticos-1382,,
1735,europa,Produção nacional de energia em % da produção total de energia da UE27: por tipo de produto energético,Eurostat | AIE | UNECE | Entidades Nacionais | PORDATA,2026-05-21,https://www.pordata.pt/europa/producao+nacional+de+energia+em+percentagem+da+producao+total+de+energia+da+ue27+por+tipo+de+produto+energetico-1735,,
1367,europa,Produção primária de energia: total e por alguns tipos de produto energético,Eurostat | AIE | UNECE | Entidades Nacionais | PORDATA,2026-01-09,https://www.pordata.pt/europa/producao+primaria+de+energia+total+e+por+alguns+tipos+de+produto+energetico-1367,,
1369,europa,Produção primária de energias renováveis: total e por tipo de energia renovável,Eurostat | AIE | UNECE | Entidades Nacionais | PORDATA,2026-01-09,https://www.pordata.pt/europa/producao+primaria+de+energias+renovaveis+total+e+por+tipo+de+energia+renovavel-1369,,
3599,europa,Produtividade da energia,Eurostat | AIE | UNECE | Entidades Nacionais | PORDATA,2026-01-14,https://www.pordata.pt/europa/produtividade+da+energia-3599,,
3678,europa,Produtividade das principais culturas agrícolas,Eurostat | Entidades Nacionais | PORDATA,2024-11-08,https://www.pordata.pt/europa/produtividade+das+principais+culturas+agricolas-3678,,
1992,europa,"Produtividade do trabalho, por hora de trabalho (UE27=100)",Eurostat | Institutos Nacionais de Estatística | PORDATA,2026-05-27,https://www.pordata.pt/europa/produtividade+do+trabalho++por+hora+de+trabalho+(ue27+100)-1992,,
3019,europa,Produtividade do trabalho por hora trabalhada (Euro),Eurostat | Institutos Nacionais de Estatística | PORDATA,2026-02-12,https://www.pordata.pt/europa/produtividade+do+trabalho+por+hora+trabalhada+(euro)-3019,,
1786,europa,Produto Interno Bruto (Euro),Eurostat | Institutos Nacionais de Estatística | PORDATA,2026-03-03,https://www.pordata.pt/europa/produto+interno+bruto+(euro)-1786,,
1271,europa,Profissionais de saúde: dentistas,Eurostat | OMS | OCDE | Entidades Nacionais | PORDATA,2026-01-20,https://www.pordata.pt/europa/profissionais+de+saude+dentistas-1271,,
1699,europa,Profissionais de saúde: enfermeiros e pessoal auxiliar de cuidados de saúde por 100 mil habitantes,Eurostat | OMS | OCDE | Entidades Nacionais | NU | Institutos Nacionais de Estatística | PORDATA,2026-07-13,https://www.pordata.pt/europa/profissionais+de+saude+enfermeiros+e+pessoal+auxiliar+de+cuidados+de+saude+por+100+mil+habitantes-1699,,
3583,europa,Proporção de rendimento dos 40% mais pobres da população,Eurostat | Entidades Nacionais | PORDATA,2026-03-26,https://www.pordata.pt/europa/proporcao+de+rendimento+dos+40percentagem+mais+pobres+da+populacao-3583,,
2437,europa,Quartos em estabelecimentos hoteleiros e similares,Eurostat | Entidades Nacionais | PORDATA,2026-07-03,https://www.pordata.pt/europa/quartos+em+estabelecimentos+hoteleiros+e+similares-2437,,
2664,europa,Quota de mercado das exportações mundiais,Eurostat | BCE | FMI | Entidades Nacionais | PORDATA,2026-07-15,https://www.pordata.pt/europa/quota+de+mercado+das+exportacoes+mundiais-2664,,
1365,europa,Quota de mercado do maior produtor de eletricidade em % da produção total,Eurostat | AIE | UNECE | Entidades Nacionais | PORDATA,2026-05-12,https://www.pordata.pt/europa/quota+de+mercado+do+maior+produtor+de+eletricidade+em+percentagem+da+producao+total-1365,,
1376,europa,Receitas da proteção social em % do PIB,Eurostat | Institutos Nacionais de Estatística | Ministérios dos Assuntos Sociais | PORDATA,2026-03-03,https://www.pordata.pt/europa/receitas+da+protecao+social+em+percentagem+do+pib-1376,,
1576,europa,Receitas da proteção social por habitante (Euro),Eurostat | Institutos Nacionais de Estatística | Ministérios dos Assuntos Sociais | NU | PORDATA,2026-07-10,https://www.pordata.pt/europa/receitas+da+protecao+social+por+habitante+(euro)-1576,,
1392,europa,Receitas da proteção social: total e por setor de origem (Euro),Eurostat | Institutos Nacionais de Estatística | Ministérios dos Assuntos Sociais | PORDATA,2026-01-20,https://www.pordata.pt/europa/receitas+da+protecao+social+total+e+por+setor+de+origem+(euro)-1392,,
1383,europa,"Receitas da proteção social: total e por setor de origem, a preços constantes (base=2010)",Eurostat | Institutos Nacionais de Estatística | Ministérios dos Assuntos Sociais | PORDATA,2026-01-20,https://www.pordata.pt/europa/receitas+da+protecao+social+total+e+por+setor+de+origem++a+precos+constantes-1383,,
1390,europa,"Receitas da proteção social: total e por setor de origem, por habitante (PPC)",Eurostat | Institutos Nacionais de Estatística | Ministérios dos Assuntos Sociais | PORDATA,2026-01-20,https://www.pordata.pt/europa/receitas+da+protecao+social+total+e+por+setor+de+origem++por+habitante+(ppc)-1390,,
1357,europa,Receitas da proteção social: total e por tipo (Euro),Eurostat | Institutos Nacionais de Estatística | Ministérios dos Assuntos Sociais | PORDATA,2026-01-20,https://www.pordata.pt/europa/receitas+da+protecao+social+total+e+por+tipo+(euro)-1357,,
1368,europa,"Receitas da proteção social: total e por tipo, a preços constantes (base=2010)",Eurostat | Institutos Nacionais de Estatística | Ministérios dos Assuntos Sociais | PORDATA,2026-01-20,https://www.pordata.pt/europa/receitas+da+protecao+social+total+e+por+tipo++a+precos+constantes-1368,,
1370,europa,"Receitas da proteção social: total e por tipo, por habitante (PPC)",Eurostat | Institutos Nacionais de Estatística | Ministérios dos Assuntos Sociais | PORDATA,2026-01-20,https://www.pordata.pt/europa/receitas+da+protecao+social+total+e+por+tipo++por+habitante+(ppc)-1370,,
3314,europa,Reclusos: por situação jurídica do processo de julgamento,Eurostat | UNODC | Entidades Nacionais | PORDATA,2026-04-29,https://www.pordata.pt/europa/reclusos+por+situacao+juridica+do+processo+de+julgamento-3314,,
3313,europa,Reclusos: total e por nacionalidade,Eurostat | UNODC | Entidades Nacionais | PORDATA,2026-04-29,https://www.pordata.pt/europa/reclusos+total+e+por+nacionalidade-3313,,
3312,europa,Reclusos: total e por sexo,Eurostat | UNODC | Entidades Nacionais | PORDATA,2026-04-29,https://www.pordata.pt/europa/reclusos+total+e+por+sexo-3312,,
1817,europa,Relação de masculinidade,Eurostat | NU | Institutos Nacionais de Estatística | PORDATA,2026-07-10,https://www.pordata.pt/europa/relacao+de+masculinidade-1817,,
2429,europa,"Remessas de emigrantes, imigrantes e saldo (Euro)",Eurostat | BCE | Entidades Nacionais | PORDATA,2026-01-08,https://www.pordata.pt/europa/remessas+de+emigrantes++imigrantes+e+saldo+(euro)-2429,,
2430,europa,"Remessas de emigrantes, imigrantes e saldo em % do PIB",Eurostat | BCE | Entidades Nacionais | Institutos Nacionais de Estatística | PORDATA,2026-03-03,https://www.pordata.pt/europa/remessas+de+emigrantes++imigrantes+e+saldo+em+percentagem+do+pib-2430,,
3525,europa,"Remessas de emigrantes: total, UE e extra-UE (Euro)",Eurostat | BCE | Entidades Nacionais | PORDATA,2026-01-21,https://www.pordata.pt/europa/remessas+de+emigrantes+total++ue+e+extra+ue+(euro)-3525,,
3526,europa,"Remessas de imigrantes: total, UE e extra-UE (Euro)",Eurostat | BCE | Entidades Nacionais | PORDATA,2026-01-21,https://www.pordata.pt/europa/remessas+de+imigrantes+total++ue+e+extra+ue+(euro)-3526,,
1915,europa,Remuneração dos empregados (Euro),Eurostat | Institutos Nacionais de Estatística | PORDATA,2026-03-05,https://www.pordata.pt/europa/remuneracao+dos+empregados+(euro)-1915,,
1918,europa,Remuneração dos empregados (PPC),Eurostat | Institutos Nacionais de Estatística | PORDATA,2026-03-30,https://www.pordata.pt/europa/remuneracao+dos+empregados+(ppc)-1918,,
2687,europa,Rendimento disponível bruto (Euro),Eurostat | Institutos Nacionais de Estatística | PORDATA,2026-01-21,https://www.pordata.pt/europa/rendimento+disponivel+bruto+(euro)-2687,,
2966,europa,Rendimento disponível bruto: total e por setor institucional (Euro),Eurostat | Institutos Nacionais de Estatística | PORDATA,2026-01-21,https://www.pordata.pt/europa/rendimento+disponivel+bruto+total+e+por+setor+institucional+(euro)-2966,,
3533,europa,Rendimento dos fatores agrícolas por unidade de trabalho ano (UTA),Eurostat | Entidades Nacionais | DG AGRI | PORDATA,2026-01-15,https://www.pordata.pt/europa/rendimento+dos+fatores+agricolas+por+unidade+de+trabalho+ano+(uta)-3533,,
1720,europa,Rendimento médio equivalente: por nível de escolaridade (Euro),Eurostat | Entidades Nacionais | PORDATA,2026-03-26,https://www.pordata.pt/europa/rendimento+medio+equivalente+por+nivel+de+escolaridade+(euro)-1720,,
1937,europa,Rendimento médio equivalente: por nível de escolaridade (PPC),Eurostat | Entidades Nacionais | PORDATA,2026-03-26,https://www.pordata.pt/europa/rendimento+medio+equivalente+por+nivel+de+escolaridade+(ppc)-1937,,
1938,europa,Rendimento médio equivalente: por tipo de agregado doméstico (Euro),Eurostat | Entidades Nacionais | PORDATA,2026-03-26,https://www.pordata.pt/europa/rendimento+medio+equivalente+por+tipo+de+agregado+domestico+(euro)-1938,,
1939,europa,Rendimento médio equivalente: por tipo de agregado doméstico (PPC),Eurostat | Entidades Nacionais | PORDATA,2026-03-26,https://www.pordata.pt/europa/rendimento+medio+equivalente+por+tipo+de+agregado+domestico+(ppc)-1939,,
2676,europa,Rendimento nacional bruto (Euro),Eurostat | Institutos Nacionais de Estatística | PORDATA,2026-01-21,https://www.pordata.pt/europa/rendimento+nacional+bruto+(euro)-2676,,
3428,europa,Resíduos de embalagem reciclados no total de resíduos de embalagem (%),Eurostat | OCDE | Institutos Nacionais de Estatística | PORDATA,2026-01-05,https://www.pordata.pt/europa/residuos+de+embalagem+reciclados+no+total+de+residuos+de+embalagem+(percentagem)-3428,,
1640,europa,Salário mínimo nacional (Euro),Eurostat | Institutos Nacionais de Estatística | Ministérios dos Assuntos Sociais | Trabalho ou Emprego | PORDATA,2026-01-30,https://www.pordata.pt/europa/salario+minimo+nacional+(euro)-1640,,
1753,europa,Salário mínimo nacional (PPC),Eurostat | Institutos Nacionais de Estatística | Ministérios dos Assuntos Sociais | Trabalho ou Emprego | PORDATA,2026-01-30,https://www.pordata.pt/europa/salario+minimo+nacional+(ppc)-1753,,
3519,europa,"Saldo da balança de bens: total, UE27 e extra-UE27 (Euro)",Eurostat | BCE | Entidades Nacionais | PORDATA,2026-04-14,https://www.pordata.pt/europa/saldo+da+balanca+de+bens+total++ue27+e+extra+ue27+(euro)-3519,,
3522,europa,"Saldo da balança de serviços: total, UE27 e extra-UE27 (Euro)",Eurostat | BCE | Entidades Nacionais | PORDATA,2026-04-14,https://www.pordata.pt/europa/saldo+da+balanca+de+servicos+total++ue27+e+extra+ue27+(euro)-3522,,
3527,europa,"Saldo das remessas de emigrantes e imigrantes: total, UE e extra-UE (Euro)",Eurostat | BCE | Entidades Nacionais | PORDATA,2026-01-26,https://www.pordata.pt/europa/saldo+das+remessas+de+emigrantes+e+imigrantes+total++ue+e+extra+ue+(euro)-3527,,
3338,europa,Saldo processual dos Tribunais de 1ª instância: tipo de processos,Eurostat | UNODC | Entidades Nacionais | PORDATA,2026-07-08,https://www.pordata.pt/europa/saldo+processual+dos+tribunais+de+1%c2%aa+instancia+tipo+de+processos-3338,,
1282,europa,"Saldos populacionais anuais: total, natural e migratório",Eurostat | NU | Institutos Nacionais de Estatística | PORDATA,2026-07-13,https://www.pordata.pt/europa/saldos+populacionais+anuais+total++natural+e+migratorio-1282,,
3703,europa,Superfície agrícola utilizada na superfície total do país (%),Eurostat | Entidades Nacionais | Institutos Nacionais de Estatística | PORDATA,2026-01-23,https://www.pordata.pt/europa/superficie+agricola+utilizada+na+superficie+total+do+pais+(percentagem)-3703,,
3644,europa,Superfície agrícola utilizada,Eurostat | Entidades Nacionais | PORDATA,2023-02-02,https://www.pordata.pt/europa/superficie+agricola+utilizada-3644,,
3697,europa,Superfície das principais culturas agrícolas,Eurostat | Entidades Nacionais | PORDATA,2024-11-08,https://www.pordata.pt/europa/superficie+das+principais+culturas+agricolas-3697,,
3717,europa,Superfície de áreas marinhas protegidas (percentagem),Eurostat | AEA | DG Ambiente | Centro Temático Europeu sobre a Diversidade Biológica (ETC/BD) | Entidades Nacionais | PORDATA,2026-01-14,https://www.pordata.pt/europa/superficie+de+areas+marinhas+protegidas+(percentagem)-3717,,
3624,europa,Superfície de áreas marinhas protegidas,Eurostat | AEA | DG Ambiente | Centro Temático Europeu sobre a Diversidade Biológica (ETC/BD) | Entidades Nacionais | PORDATA,2026-01-14,https://www.pordata.pt/europa/superficie+de+areas+marinhas+protegidas-3624,,
3628,europa,Superfície de áreas protegidas terrestres (%),Eurostat | AEA | DG Ambiente | Centro Temático Europeu sobre a Diversidade Biológica (ETC/BD) | Entidades Nacionais | PORDATA,2026-01-14,https://www.pordata.pt/europa/superficie+de+areas+protegidas+terrestres+(percentagem)-3628,,
2489,europa,Evolução da Superfície por Países,Eurostat | Institutos Nacionais de Estatística | PORDATA,2026-01-23,https://www.pordata.pt/europa/superficie-2489,,
1935,europa,Taxa bruta de emigração,Eurostat | NU | OIT | Entidades Nacionais | Institutos Nacionais de Estatística | PORDATA,2026-07-10,https://www.pordata.pt/europa/taxa+bruta+de+emigracao-1935,,
1934,europa,Taxa bruta de imigração,Eurostat | NU | OIT | Entidades Nacionais | Institutos Nacionais de Estatística | PORDATA,2026-07-10,https://www.pordata.pt/europa/taxa+bruta+de+imigracao-1934,,
1941,europa,Taxa bruta de mortalidade,Eurostat | NU | Institutos Nacionais de Estatística | PORDATA,2026-07-13,https://www.pordata.pt/europa/taxa+bruta+de+mortalidade-1941,,
1605,europa,Taxa bruta de natalidade,Eurostat | NU | Institutos Nacionais de Estatística | PORDATA,2026-07-10,https://www.pordata.pt/europa/taxa+bruta+de+natalidade-1605,,
1350,europa,Taxa de abandono escolar: total e por sexo,Eurostat | Institutos Nacionais de Estatística | PORDATA,2026-04-19,https://www.pordata.pt/europa/taxa+de+abandono+escolar+total+e+por+sexo-1350,,
3135,europa,"Taxa de atividade, dos 15 aos 64 anos: por nível de escolaridade completo mais elevado",Eurostat | Institutos Nacionais de Estatística | PORDATA,2026-04-20,https://www.pordata.pt/europa/taxa+de+atividade++dos+15+aos+64+anos+por+nivel+de+escolaridade+completo+mais+elevado-3135,,
3828,europa,,Eurostat | Institutos Nacionais de Estatística | PORDATA,2026-04-20,https://www.pordata.pt/europa/taxa+de+atividade+total+e+por+grupo+etario-3828,,
1754,europa,Taxa de atividade: total e por sexo,Eurostat | Institutos Nacionais de Estatística | PORDATA,2026-04-17,https://www.pordata.pt/europa/taxa+de+atividade+total+e+por+sexo-1754,,
3335,europa,Taxa de congestão dos Tribunais de 1ª instância: tipo de processos (%),Eurostat | UNODC | Entidades Nacionais | PORDATA,2026-07-08,https://www.pordata.pt/europa/taxa+de+congestao+dos+tribunais+de+1%c2%aa+instancia+tipo+de+processos+(percentagem)-3335,,
1955,europa,"Taxa de crescimento da população residente, natural e migratório",PORDATA,2026-07-13,https://www.pordata.pt/europa/taxa+de+crescimento+da+populacao+residente++natural+e+migratorio-1955,,
1533,europa,Taxa de crescimento do PIB,Eurostat | Institutos Nacionais de Estatística | PORDATA,2026-03-03,https://www.pordata.pt/europa/taxa+de+crescimento+do+pib-1533,,
1798,europa,"Taxa de desemprego, dos 15 aos 64 anos, por grupo etário",Eurostat | Institutos Nacionais de Estatística | PORDATA,2026-04-19,https://www.pordata.pt/europa/taxa+de+desemprego++dos+15+aos+64+anos++por+grupo+etario-1798,,
1750,europa,"Taxa de desemprego, dos 15 aos 74 anos, por nível de escolaridade ? Homens",Eurostat | Institutos Nacionais de Estatística | PORDATA,2026-04-20,https://www.pordata.pt/europa/taxa+de+desemprego++dos+15+aos+74+anos++por+nivel+de+escolaridade+++homens-1750,,
1751,europa,"Taxa de desemprego, dos 15 aos 74 anos, por nível de escolaridade ? Mulheres",Eurostat | Institutos Nacionais de Estatística | PORDATA,2026-04-20,https://www.pordata.pt/europa/taxa+de+desemprego++dos+15+aos+74+anos++por+nivel+de+escolaridade+++mulheres-1751,,
2387,europa,"Taxa de desemprego, dos 15 aos 74 anos: total, nacionais e estrangeiros",Eurostat | Institutos Nacionais de Estatística | PORDATA,2026-04-20,https://www.pordata.pt/europa/taxa+de+desemprego++dos+15+aos+74+anos+total++nacionais+e+estrangeiros-2387,,
1633,europa,"Taxa de desemprego, dos 15 aos 74 anos: total e por nível de escolaridade",Eurostat | Institutos Nacionais de Estatística | PORDATA,2026-04-20,https://www.pordata.pt/europa/taxa+de+desemprego++dos+15+aos+74+anos+total+e+por+nivel+de+escolaridade-1633,,
1775,europa,"Taxa de desemprego, dos 15 aos 74 anos: total e por sexo",Eurostat | Institutos Nacionais de Estatística | PORDATA,2026-04-17,https://www.pordata.pt/europa/taxa+de+desemprego++dos+15+aos+74+anos+total+e+por+sexo-1775,,
2264,europa,Taxa de desemprego de longa duração: total e por sexo,Eurostat | Institutos Nacionais de Estatística | PORDATA,2026-03-13,https://www.pordata.pt/europa/taxa+de+desemprego+de+longa+duracao+total+e+por+sexo-2264,,
1565,europa,Taxa de divórcio,Eurostat | NU | Institutos Nacionais de Estatística | PORDATA,2026-07-10,https://www.pordata.pt/europa/taxa+de+divorcio-1565,,
3337,europa,Taxa de eficácia dos Tribunais de 1ª instância: tipo de processos (%),Eurostat | UNODC | Entidades Nacionais | PORDATA,2026-07-08,https://www.pordata.pt/europa/taxa+de+eficacia+dos+tribunais+de+1%c2%aa+instancia+tipo+de+processos+(percentagem)-3337,,
1805,europa,"Taxa de emprego, dos 15 aos 64 anos, por grupo etário ? Homens",Eurostat | Institutos Nacionais de Estatística | PORDATA,2026-04-20,https://www.pordata.pt/europa/taxa+de+emprego++dos+15+aos+64+anos++por+grupo+etario+++homens-1805,,
1806,europa,"Taxa de emprego, dos 15 aos 64 anos, por grupo etário ? Mulheres",Eurostat | Institutos Nacionais de Estatística | PORDATA,2026-04-20,https://www.pordata.pt/europa/taxa+de+emprego++dos+15+aos+64+anos++por+grupo+etario+++mulheres-1806,,
2520,europa,"Taxa de emprego, dos 15 aos 64 anos, por grupo etário",Eurostat | Institutos Nacionais de Estatística | PORDATA,2026-04-19,https://www.pordata.pt/europa/taxa+de+emprego++dos+15+aos+64+anos++por+grupo+etario-2520,,
1804,europa,"Taxa de emprego, dos 15 aos 64 anos, por nível de escolaridade ? Homens",Eurostat | Institutos Nacionais de Estatística | PORDATA,2026-04-20,https://www.pordata.pt/europa/taxa+de+emprego++dos+15+aos+64+anos++por+nivel+de+escolaridade+++homens-1804,,
1807,europa,"Taxa de emprego, dos 15 aos 64 anos, por nível de escolaridade ? Mulheres",Eurostat | Institutos Nacionais de Estatística | PORDATA,2026-04-20,https://www.pordata.pt/europa/taxa+de+emprego++dos+15+aos+64+anos++por+nivel+de+escolaridade+++mulheres-1807,,
2521,europa,"Taxa de emprego, dos 15 aos 64 anos, por nível de escolaridade",Eurostat | Institutos Nacionais de Estatística | PORDATA,2026-04-20,https://www.pordata.pt/europa/taxa+de+emprego++dos+15+aos+64+anos++por+nivel+de+escolaridade-2521,,
3396,europa,"Taxa de emprego, dos 20 aos 64 anos, por sexo",Eurostat | Institutos Nacionais de Estatística | PORDATA,2026-04-20,https://www.pordata.pt/europa/taxa+de+emprego++dos+20+aos+64+anos++por+sexo-3396,,
2386,europa,"Taxa de emprego: total, nacionais e estrangeiros",Eurostat | Institutos Nacionais de Estatística | PORDATA,2026-04-20,https://www.pordata.pt/europa/taxa+de+emprego+total++nacionais+e+estrangeiros-2386,,
1758,europa,Taxa de emprego: total e por sexo,Eurostat | Institutos Nacionais de Estatística | PORDATA,2026-04-17,https://www.pordata.pt/europa/taxa+de+emprego+total+e+por+sexo-1758,,
1610,europa,Taxa de fecundidade geral,Eurostat | NU | Institutos Nacionais de Estatística | PORDATA,2026-07-02,https://www.pordata.pt/europa/taxa+de+fecundidade+geral-1610,,
1781,europa,Taxa de inatividade: total e por sexo,Eurostat | Institutos Nacionais de Estatística | PORDATA,2026-04-17,https://www.pordata.pt/europa/taxa+de+inatividade+total+e+por+sexo-1781,,
2656,europa,Taxa de Inflação (Taxa de Variação do Índice de Preços no Consumidor): total e por tipo de bens e serviços,Eurostat | Institutos Nacionais de Estatística | PORDATA,2026-02-04,https://www.pordata.pt/europa/taxa+de+inflacao+(taxa+de+variacao+do+indice+de+precos+no+consumidor)+total+e+por+tipo+de+bens+e+servicos-2656,,
2336,europa,Taxa de intensidade da pobreza: total e por grupo etário,Eurostat | Entidades Nacionais | PORDATA,2026-03-26,https://www.pordata.pt/europa/taxa+de+intensidade+da+pobreza+total+e+por+grupo+etario-2336,,
2335,europa,Taxa de intensidade da pobreza: total e por sexo,Eurostat | Entidades Nacionais | PORDATA,2026-03-26,https://www.pordata.pt/europa/taxa+de+intensidade+da+pobreza+total+e+por+sexo-2335,,
3187,europa,Taxa de investimento das empresas: por alguns setores de atividade económica,Eurostat | OCDE | Entidades Nacionais | PORDATA,2022-10-28,https://www.pordata.pt/europa/taxa+de+investimento+das+empresas+por+alguns+setores+de+atividade+economica-3187,,
3569,europa,Taxa de jovens não empregados que não estão em educação ou formação: total e por sexo,Eurostat | Institutos Nacionais de Estatística | PORDATA,2026-03-13,https://www.pordata.pt/europa/taxa+de+jovens+nao+empregados+que+nao+estao+em+educacao+ou+formacao+total+e+por+sexo-3569,,
2983,europa,Taxa de mortalidade das empresas: total e por alguns setores de atividade económica,Eurostat | OCDE | Entidades Nacionais | PORDATA,2026-05-21,https://www.pordata.pt/europa/taxa+de+mortalidade+das+empresas+total+e+por+alguns+setores+de+atividade+economica-2983,,
3549,europa,Taxa de mortalidade evitável,Eurostat | OMS | Entidades Nacionais | PORDATA,2026-03-16,https://www.pordata.pt/europa/taxa+de+mortalidade+evitavel-3549,,
1589,europa,Taxa de mortalidade infantil,Eurostat | NU | Institutos Nacionais de Estatística | PORDATA,2026-07-13,https://www.pordata.pt/europa/taxa+de+mortalidade+infantil-1589,,
1825,europa,Taxa de mortalidade materna,Eurostat | OMS | Entidades Nacionais | NU | Institutos Nacionais de Estatística | PORDATA,2026-07-02,https://www.pordata.pt/europa/taxa+de+mortalidade+materna-1825,,
2982,europa,Taxa de natalidade das empresas: total e por alguns setores de atividade económica,Eurostat | OCDE | Entidades Nacionais | PORDATA,2026-05-21,https://www.pordata.pt/europa/taxa+de+natalidade+das+empresas+total+e+por+alguns+setores+de+atividade+economica-2982,,
1564,europa,Taxa de nupcialidade,Eurostat | NU | Institutos Nacionais de Estatística | PORDATA,2026-07-10,https://www.pordata.pt/europa/taxa+de+nupcialidade-1564,,
3542,europa,Taxa de obesidade em adultos (+18 anos),Eurostat | Entidades Nacionais | PORDATA,2026-03-30,https://www.pordata.pt/europa/taxa+de+obesidade-3542,,
2692,europa,Taxa de poupança das famílias,Eurostat | Institutos Nacionais de Estatística | PORDATA,2026-03-25,https://www.pordata.pt/europa/taxa+de+poupanca+das+familias-2692,,
3788,europa,Taxa de privação material severa: total e por grupo etário,Eurostat | Entidades Nacionais | PORDATA,2026-03-27,https://www.pordata.pt/europa/taxa+de+privacao+material+e+social+severa+total+e+por+grupo+etario-3788,,
3789,europa,Taxa de privação material severa: total e por sexo,Eurostat | Entidades Nacionais | PORDATA,2026-03-27,https://www.pordata.pt/europa/taxa+de+privacao+material+e+social+severa+total+e+por+sexo-3789,,
3531,europa,Taxa de privação material e social severa,Eurostat | Entidades Nacionais | PORDATA,2026-03-26,https://www.pordata.pt/europa/taxa+de+privacao+material+e+social+severa-3531,,
2333,europa,Taxa de privação material severa: total e por grupo etário,Eurostat | Entidades Nacionais | PORDATA,2022-11-04,https://www.pordata.pt/europa/taxa+de+privacao+material+severa+total+e+por+grupo+etario+(2004+2020)-2333,,
2332,europa,Taxa de privação material severa: total e por sexo,Eurostat | Entidades Nacionais | PORDATA,2026-01-21,https://www.pordata.pt/europa/taxa+de+privacao+material+severa+total+e+por+sexo+(2004+2020)-2332,,
3750,europa,Taxa de privação severa das condições da habitação,Eurostat | Entidades Nacionais | PORDATA,2026-01-21,https://www.pordata.pt/europa/taxa+de+privacao+severa+das+condicoes+da+habitacao-3750,,
3607,europa,Taxa de reciclagem de resíduos municipais,Eurostat | OCDE | Institutos Nacionais de Estatística | PORDATA,2026-03-27,https://www.pordata.pt/europa/taxa+de+reciclagem+de+residuos+municipais-3607,,
3336,europa,Taxa de resolução dos Tribunais de 1ª instância: tipo de processos (%),Eurostat | UNODC | Entidades Nacionais | PORDATA,2026-07-08,https://www.pordata.pt/europa/taxa+de+resolucao+dos+tribunais+de+1%c2%aa+instancia+tipo+de+processos+(percentagem)-3336,,
1940,europa,Taxa de risco de pobreza: antes e após transferências sociais,Eurostat | Entidades Nacionais | PORDATA,2026-03-26,https://www.pordata.pt/europa/taxa+de+risco+de+pobreza+antes+e+apos+transferencias+sociais-1940,,
1808,europa,Taxa de risco de pobreza após transferências sociais: agregados domésticos de indivíduos com 65 e mais anos,Eurostat | Entidades Nacionais | PORDATA,2026-03-30,https://www.pordata.pt/europa/taxa+de+risco+de+pobreza+apos+transferencias+sociais+agregados+domesticos+de+individuos+com+65+e+mais+anos-1808,,
2169,europa,Taxa de risco de pobreza após transferências sociais: indivíduos com 65 e mais anos,Eurostat | Entidades Nacionais | PORDATA,2026-03-26,https://www.pordata.pt/europa/taxa+de+risco+de+pobreza+apos+transferencias+sociais+individuos+com+65+e+mais+anos-2169,,
2170,europa,Taxa de risco de pobreza após transferências sociais: indivíduos com menos de 16 anos,Eurostat | Entidades Nacionais | PORDATA,2026-03-26,https://www.pordata.pt/europa/taxa+de+risco+de+pobreza+apos+transferencias+sociais+individuos+com+menos+de+16+anos-2170,,
1811,europa,Taxa de risco de pobreza após transferências sociais: população empregada por tipo de agregado doméstico,Eurostat | Entidades Nacionais | PORDATA,2026-03-26,https://www.pordata.pt/europa/taxa+de+risco+de+pobreza+apos+transferencias+sociais+populacao+empregada+por+tipo+de+agregado+domestico-1811,,
2417,europa,Taxa de risco de pobreza após transferências sociais: por nível de escolaridade,Eurostat | Entidades Nacionais | PORDATA,2026-03-26,https://www.pordata.pt/europa/taxa+de+risco+de+pobreza+apos+transferencias+sociais+por+nivel+de+escolaridade-2417,,
1809,europa,Taxa de risco de pobreza após transferências sociais: por tipo de agregado doméstico com crianças dependentes,Eurostat | Entidades Nacionais | PORDATA,2026-03-30,https://www.pordata.pt/europa/taxa+de+risco+de+pobreza+apos+transferencias+sociais+por+tipo+de+agregado+domestico+com+criancas+dependentes-1809,,
2171,europa,Taxa de risco de pobreza após transferências sociais: total e por sexo,Eurostat | Entidades Nacionais | PORDATA,2026-03-26,https://www.pordata.pt/europa/taxa+de+risco+de+pobreza+apos+transferencias+sociais+total+e+por+sexo-2171,,
3534,europa,Taxa de risco de pobreza da população empregada,Eurostat | Entidades Nacionais | PORDATA,2026-03-26,https://www.pordata.pt/europa/taxa+de+risco+de+pobreza+da+populacao+empregada-3534,,
3406,europa,Taxa de sobrecarga das despesas em habitação: total e por tipo de ocupação do alojamento,Eurostat | Entidades Nacionais | PORDATA,2026-03-26,https://www.pordata.pt/europa/taxa+de+sobrecarga+das+despesas+em+habitacao+total+e+por+tipo+de+ocupacao+do+alojamento-3406,,
2984,europa,Taxa de sobrevivência das empresas com 1 ano de vida: total e por alguns setores de atividade económica,Eurostat | OCDE | Entidades Nacionais | PORDATA,2026-01-21,https://www.pordata.pt/europa/taxa+de+sobrevivencia+das+empresas+com+1+ano+de+vida+total+e+por+alguns+setores+de+atividade+economica-2984,,
3612,europa,Taxa de utilização circular de materiais,Eurostat | Institutos Nacionais de Estatística | Entidades Nacionais | Autoridades aduaneiras | PORDATA,2026-01-14,https://www.pordata.pt/europa/taxa+de+utilizacao+circular+de+materiais-3612,,
3589,europa,Taxa padronizada de mortalidade por homicídio,Eurostat | OMS | Entidades Nacionais | PORDATA,2026-03-16,https://www.pordata.pt/europa/taxa+padronizada+de+mortalidade+por+homicidio+total+e+por+sexo-3589,,
1258,europa,Taxas de mortalidade neonatal e taxa de mortalidade fetal tardia,Eurostat | NU | Institutos Nacionais de Estatística | PORDATA,2026-07-02,https://www.pordata.pt/europa/taxas+de+mortalidade+neonatal+e+taxa+de+mortalidade+fetal+tardia-1258,,
2680,europa,Taxas de rendibilidade de obrigações do tesouro,Bancos centrais nacionais | Banco Central Europeu | Eurostat | PORDATA,2026-01-26,https://www.pordata.pt/europa/taxas+de+rendibilidade+de+obrigacoes+do+tesouro-2680,,
2402,europa,Trabalhadores com contrato de trabalho temporário em % do total de empregados: total e por sexo,Eurostat | Institutos Nacionais de Estatística | PORDATA,2026-04-20,https://www.pordata.pt/europa/trabalhadores+com+contrato+de+trabalho+temporario+em+percentagem+do+total+de+empregados+total+e+por+sexo-2402,,
1620,europa,Trabalhadores com contrato de trabalho temporário: total e por nível de escolaridade completo mais elevado,Eurostat | Institutos Nacionais de Estatística | PORDATA,2026-04-20,https://www.pordata.pt/europa/trabalhadores+com+contrato+de+trabalho+temporario+total+e+por+nivel+de+escolaridade+completo+mais+elevado-1620,,
1619,europa,Trabalhadores com contrato de trabalho temporário: total e por sexo,Eurostat | Institutos Nacionais de Estatística | PORDATA,2026-04-20,https://www.pordata.pt/europa/trabalhadores+com+contrato+de+trabalho+temporario+total+e+por+sexo-1619,,
3156,europa,Trabalhadores por conta de outrem ao serviço nas empresas: por alguns setores de atividade económica,Eurostat | OCDE | Entidades Nacionais | PORDATA,2026-01-05,https://www.pordata.pt/europa/trabalhadores+por+conta+de+outrem+ao+servico+nas+empresas+por+alguns+setores+de+atividade+economica-3156,,
2466,europa,Trabalhadores por conta de outrem em alojamentos turísticos coletivos,Eurostat | Institutos Nacionais de Estatística | PORDATA,2026-04-20,https://www.pordata.pt/europa/trabalhadores+por+conta+de+outrem+em+alojamentos+turisticos+coletivos-2466,,
2470,europa,Trabalhadores por conta de outrem em % da população empregada em alojamentos turísticos coletivos,Eurostat | Institutos Nacionais de Estatística | PORDATA,2026-04-20,https://www.pordata.pt/europa/trabalhadores+por+conta+de+outrem+em+percentagem+da+populacao+empregada+em+alojamentos+turisticos+coletivos-2470,,
1617,europa,Trabalhadores por conta de outrem: total e por nível de escolaridade completo mais elevado,Eurostat | Institutos Nacionais de Estatística | PORDATA,2026-04-20,https://www.pordata.pt/europa/trabalhadores+por+conta+de+outrem+total+e+por+nivel+de+escolaridade+completo+mais+elevado-1617,,
2540,europa,Trabalhadores por conta própria como empregadores: total e por nível de escolaridade completo mais elevado,Eurostat | Institutos Nacionais de Estatística | PORDATA,2026-04-20,https://www.pordata.pt/europa/trabalhadores+por+conta+propria+como+empregadores+total+e+por+nivel+de+escolaridade+completo+mais+elevado-2540,,
1618,europa,Trabalhadores por conta própria não empregadores: total e por nível de escolaridade completo mais elevado,Eurostat | Institutos Nacionais de Estatística | PORDATA,2026-04-20,https://www.pordata.pt/europa/trabalhadores+por+conta+propria+nao+empregadores+total+e+por+nivel+de+escolaridade+completo+mais+elevado-1618,,
2541,europa,Trabalhadores por conta própria: total e por nível de escolaridade completo mais elevado,Eurostat | Institutos Nacionais de Estatística | PORDATA,2026-04-20,https://www.pordata.pt/europa/trabalhadores+por+conta+propria+total+e+por+nivel+de+escolaridade+completo+mais+elevado-2541,,
3425,europa,Tratamento de resíduos municipais: total e tipo de tratamento,Eurostat | OCDE | Institutos Nacionais de Estatística | PORDATA,2026-03-27,https://www.pordata.pt/europa/tratamento+de+residuos+municipais+total+e+tipo+de+tratamento-3425,,
3743,europa,Utilização e risco de pesticidas químicos,DG SANTE | Eurostat | PORDATA,2026-01-14,https://www.pordata.pt/europa/utilizacao+e+risco+de+pesticidas+quimicos-3743,,
3179,europa,Valor acrescentado a custos de fatores das empresas: por alguns setores de atividade económica,Eurostat | OCDE | Entidades Nacionais | PORDATA,2026-01-14,https://www.pordata.pt/europa/valor+acrescentado+a+custos+de+fatores+das+empresas+por+alguns+setores+de+atividade+economica-3179,,
3688,europa,Valor acrescentado bruto da agricultura em % do PIB,Eurostat | Entidades Nacionais | DG AGRI | Institutos Nacionais de Estatística | PORDATA,2026-03-03,https://www.pordata.pt/europa/valor+acrescentado+bruto+da+agricultura+em+percentagem+do+pib-3688,,
3650,europa,Valor acrescentado bruto da agricultura,Eurostat | Entidades Nacionais | DG AGRI | PORDATA,2026-01-09,https://www.pordata.pt/europa/valor+acrescentado+bruto+da+agricultura-3650,,
3687,europa,Valor acrescentado bruto da silvicultura em % do PIB,Eurostat | UNECE | ITTO | FAO | Entidades Nacionais | Institutos Nacionais de Estatística | PORDATA,2026-03-03,https://www.pordata.pt/europa/valor+acrescentado+bruto+da+silvicultura+em+percentagem+do+pib-3687,,
3662,europa,Valor acrescentado bruto da silvicultura por hectare de superfície florestal,Eurostat | UNECE | ITTO | FAO | Entidades Nacionais | PORDATA,2026-01-12,https://www.pordata.pt/europa/valor+acrescentado+bruto+da+silvicultura+por+hectare+de+superficie+florestal-3662,,
3664,europa,Valor acrescentado bruto da silvicultura,Eurostat | UNECE | ITTO | FAO | Entidades Nacionais | PORDATA,2026-01-09,https://www.pordata.pt/europa/valor+acrescentado+bruto+da+silvicultura-3664,,
3615,europa,Valor acrescentado bruto dos bens e serviços ambientais em % do PIB,Eurostat | Entidades Nacionais | PORDATA,2026-01-14,https://www.pordata.pt/europa/valor+acrescentado+bruto+dos+bens+e+servicos+ambientais+em+percentagem+do+pib-3615,,
3270,europa,Valor acrescentado bruto: total e por setor de atividade económica (Euro),Eurostat | Institutos Nacionais de Estatística | PORDATA,2026-03-03,https://www.pordata.pt/europa/valor+acrescentado+bruto+total+e+por+setor+de+atividade+economica+(euro)-3270,,
3071,europa,Veículos ferroviários por tipo,Eurostat | Entidades Internacionais | Entidades Nacionais | Comissão Europeia | PORDATA,2026-01-14,https://www.pordata.pt/europa/veiculos+ferroviarios+por+tipo-3071,,
3070,europa,Veículos registados por tipo de veículo,Eurostat | Entidades Internacionais | Entidades Nacionais | Comissão Europeia | PORDATA,2026-08-04,https://www.pordata.pt/europa/veiculos+registados+por+tipo+de+veiculo-3070,,
2451,europa,Viagens turísticas de residentes: total e por destino de viagem,Eurostat | Entidades Nacionais | PORDATA,2026-01-15,https://www.pordata.pt/europa/viagens+turisticas+de+residentes+total+e+por+destino+de+viagem-2451,,
2452,europa,Viagens turísticas de residentes: total e por duração da estada,Eurostat | Entidades Nacionais | PORDATA,2026-01-20,https://www.pordata.pt/europa/viagens+turisticas+de+residentes+total+e+por+duracao+da+estada-2452,,
2458,europa,Viagens turísticas de residentes: total e por principal meio de transporte,Eurostat | Entidades Nacionais | PORDATA,2026-01-15,https://www.pordata.pt/europa/viagens+turisticas+de+residentes+total+e+por+principal+meio+de+transporte-2458,,
2461,europa,Viagens turísticas de residentes: total e por principal tipo de alojamento,Eurostat | Entidades Nacionais | PORDATA,2026-01-15,https://www.pordata.pt/europa/viagens+turisticas+de+residentes+total+e+por+principal+tipo+de+alojamento-2461,,
3594,europa,Vítimas de tráfico de seres humanos por sexo,Direção-Geral da Comunicação da Comissão Europeia | PORDATA,2026-01-30,https://www.pordata.pt/europa/vitimas+de+trafico+de+seres+humanos+por+sexo-3594,,
2705,europa,Vítimas em acidentes aéreos,Eurostat | Entidades Nacionais | EASA | PORDATA,2024-09-26,https://www.pordata.pt/europa/vitimas+em+acidentes+aereos-2705,,
2723,europa,Vítimas em acidentes ferroviários,Eurostat | ERA | Entidades Nacionais | PORDATA,2026-01-27,https://www.pordata.pt/europa/vitimas+em+acidentes+ferroviarios-2723,,
3045,europa,Vítimas mortais e feridos em acidentes de viação,CE | DG MOVE | Entidades Nacionais | PORDATA,2026-01-06,https://www.pordata.pt/europa/vitimas+mortais+e+feridos+em+acidentes+de+viacao-3045,,
3588,europa,Vítimas mortais em acidentes de viação por 100 mil residentes,CE | DG MOVE | Entidades Nacionais | PORDATA,2026-04-27,https://www.pordata.pt/europa/vitimas+mortais+em+acidentes+de+viacao+por+100+mil+residentes-3588,,
3178,europa,Volume de negócio das empresas: por alguns setores de atividade económica,Eurostat | OCDE | Entidades Nacionais | PORDATA,2026-01-14,https://www.pordata.pt/europa/volume+de+negocio+das+empresas+por+alguns+setores+de+atividade+economica-3178,,
3183,europa,Volume médio de negócio por empresa: por alguns setores de atividade económica,Eurostat | OCDE | Entidades Nacionais | PORDATA,2026-01-20,https://www.pordata.pt/europa/volume+medio+de+negocio+por+empresa+por+alguns+setores+de+atividade+economica-3183,,
3077,europa,"Voos comerciais de transporte de mercadorias total, voos domésticos e voos internacionais",Eurostat | Entidades Nacionais | PORDATA,2025-10-30,https://www.pordata.pt/europa/voos+comerciais+de+transporte+de+mercadorias+total++voos+domesticos+e+voos+internacionais-3077,,
2710,europa,Voos comerciais de transporte de passageiros: chegadas e partidas,Eurostat | Entidades Nacionais | PORDATA,2026-01-06,https://www.pordata.pt/europa/voos+comerciais+de+transporte+de+passageiros+chegadas+e+partidas-2710,,
2709,europa,"Voos comerciais de transporte de passageiros: total, voos domésticos e voos internacionais",Eurostat | Entidades Nacionais | PORDATA,2025-10-30,https://www.pordata.pt/europa/voos+comerciais+de+transporte+de+passageiros+total++voos+domesticos+e+voos+internacionais-2709,,
2711,europa,"Voos comerciais internacionais de transporte de passageiros: total, UE27 e extra-UE27",Eurostat | Entidades Nacionais | PORDATA,2025-10-30,https://www.pordata.pt/europa/voos+comerciais+internacionais+de+transporte+de+passageiros+total++ue27+e+extra+ue27-2711,,
522,municipios,Abono de família para crianças e jovens da Segurança Social,II/MTSSS | PORDATA Operações Opções Ver Gráfico Ranking,2026-06-01,https://www.pordata.pt/municipios/abono+de+familia+para+criancas+e+jovens+da+seguranca+social-522,,
498,municipios,Acidentes de viação com vítimas por mil habitantes,ANSR/MAI | INE | PORDATA Operações Opções Ver Gráfico Ranking,2026-06-25,https://www.pordata.pt/municipios/acidentes+de+viacao+com+vitimas+por+mil+habitantes-498,,
230,municipios,Acidentes de viação com vítimas,ANSR/MAI | PORDATA Operações Opções Ver Gráfico Ranking,2025-10-28,https://www.pordata.pt/municipios/acidentes+de+viacao+com+vitimas-230,,
797,municipios,"Agregados domésticos privados com computador, com ligação à Internet e com ligação à Internet através de banda larga (%)",INE | PORDATA Operações Opções Ver Gráfico Ranking,2026-01-28,https://www.pordata.pt/municipios/agregados+domesticos+privados+com+computador++com+ligacao+a+internet+e+com+ligacao+a+internet+atraves+de+banda+larga+(percentagem)-797,,
826,municipios,Agregados domésticos privados monoparentais: total e por sexo,INE | PORDATA Operações Opções Ver Gráfico Ranking,2026-03-02,https://www.pordata.pt/municipios/agregados+domesticos+privados+monoparentais+total+e+por+sexo-826,,
825,municipios,Agregados domésticos privados: total e por tipo de composição,INE | PORDATA Operações Opções Ver Gráfico Ranking,2026-03-02,https://www.pordata.pt/municipios/agregados+domesticos+privados+total+e+por+tipo+de+composicao-825,,
827,municipios,Agregados domésticos privados unipessoais: total e de indivíduos com 65 e mais anos,INE | PORDATA Operações Opções Ver Gráfico Ranking,2026-03-02,https://www.pordata.pt/municipios/agregados+domesticos+privados+unipessoais+total+e+de+individuos+com+65+e+mais+anos-827,,
1,municipios,Água captada: total e por origem do caudal,INE (até 2005) | INAG/MA (até 2009) | INE | ERSAR | ERSARA | DREM (a partir de 2011) | PORDATA Operações Opções Ver Gráfico Ranking,2024-10-28,https://www.pordata.pt/municipios/agua+captada+total+e+por+origem+do+caudal-1,,
484,municipios,Água distribuída/consumida por habitante,INE | INE (até 2005) | INAG/MA (até 2009) | ERSAR | ERSARA | DREM (a partir de 2011) | PORDATA Operações Opções Ver Gráfico Ranking,2026-06-25,https://www.pordata.pt/municipios/agua+distribuida+consumida+por+habitante-484,,
3,municipios,Água distribuída/consumida,INE (até 2005) | INAG/MA (até 2009) | INE | ERSAR | ERSARA | DREM (a partir de 2011) | PORDATA Operações Opções Ver Gráfico Ranking,2026-03-02,https://www.pordata.pt/municipios/agua+distribuida+consumida-3,,
92,municipios,Alojamentos familiares clássicos,INE | PORDATA Operações Opções Ver Gráfico Ranking,2026-01-14,https://www.pordata.pt/municipios/alojamentos+familiares+classicos-92,,
5,municipios,Alojamentos servidos por sistemas de drenagem de águas residuais (%),INE (até 2005) | INAG/MA (até 2009) | INE | ERSAR | ERSARA | DREM (a partir de 2011) | PORDATA Operações Opções Ver Gráfico Ranking,2024-10-28,https://www.pordata.pt/municipios/alojamentos+servidos+por+sistemas+de+drenagem+de+aguas+residuais+(percentagem)-5,,
4,municipios,Alojamentos servidos por sistemas públicos de abastecimento de água (%),INE (até 2005) | INAG/MA (até 2009) | INE | ERSAR | ERSARA | DREM (a partir de 2011) | PORDATA Operações Opções Ver Gráfico Ranking,2024-10-28,https://www.pordata.pt/municipios/alojamentos+servidos+por+sistemas+publicos+de+abastecimento+de+agua+(percentagem)-4,,
746,municipios,Alojamentos turísticos: total e por tipo de alojamento,INE | PORDATA Operações Opções Ver Gráfico Ranking,2026-07-09,https://www.pordata.pt/municipios/alojamentos+turisticos+total+e+por+tipo+de+alojamento-746,,
50,municipios,Altitude máxima por Território,DGT/MCT-MAE | PORDATA Operações Opções Ver Gráfico Ranking,2026-02-23,https://www.pordata.pt/municipios/altitude+maxima-50,,
49,municipios,Altitude mínima por Território,DGT/MCT-MAE | PORDATA Operações Opções Ver Gráfico Ranking,2026-02-23,https://www.pordata.pt/municipios/altitude+minima-49,,
169,municipios,"Alunos do sexo feminino matriculados nos ensinos pré-escolar, básico e secundário: total e por nível de ensino",DGEEC/MECI | PORDATA Operações Opções Ver Gráfico Ranking,2026-07-14,https://www.pordata.pt/municipios/alunos+do+sexo+feminino+matriculados+nos+ensinos+pre+escolar++basico+e+secundario+total+e+por+nivel+de+ensino-169,,
168,municipios,"Alunos do sexo masculino matriculados nos ensinos pré-escolar, básico e secundário: total e por nível de ensino",DGEEC/MECI | PORDATA Operações Opções Ver Gráfico Ranking,2026-07-14,https://www.pordata.pt/municipios/alunos+do+sexo+masculino+matriculados+nos+ensinos+pre+escolar++basico+e+secundario+total+e+por+nivel+de+ensino-168,,
174,municipios,Alunos matriculados no ensino básico privado: total e por modalidade de ensino,DGEEC/MECI | PORDATA Operações Opções Ver Gráfico Ranking,2026-07-16,https://www.pordata.pt/municipios/alunos+matriculados+no+ensino+basico+privado+total+e+por+modalidade+de+ensino-174,,
173,municipios,Alunos matriculados no ensino básico público: total e por modalidade de ensino,DGEEC/MECI | PORDATA Operações Opções Ver Gráfico Ranking,2026-07-16,https://www.pordata.pt/municipios/alunos+matriculados+no+ensino+basico+publico+total+e+por+modalidade+de+ensino-173,,
172,municipios,Alunos matriculados no ensino básico: total e por modalidade de ensino,DGEEC/MECI | PORDATA Operações Opções Ver Gráfico Ranking,2026-07-16,https://www.pordata.pt/municipios/alunos+matriculados+no+ensino+basico+total+e+por+modalidade+de+ensino-172,,
344,municipios,Alunos matriculados no ensino básico: total e por subsistema de ensino,DGEEC/MECI | PORDATA Operações Opções Ver Gráfico Ranking,2026-07-09,https://www.pordata.pt/municipios/alunos+matriculados+no+ensino+basico+total+e+por+subsistema+de+ensino-344,,
201,municipios,Alunos matriculados no ensino secundário privado: total e por modalidade de ensino,DGEEC/MECI | PORDATA Operações Opções Ver Gráfico Ranking,2026-07-15,https://www.pordata.pt/municipios/alunos+matriculados+no+ensino+secundario+privado+total+e+por+modalidade+de+ensino-201,,
200,municipios,Alunos matriculados no ensino secundário público: total e por modalidade de ensino,DGEEC/MECI | PORDATA Operações Opções Ver Gráfico Ranking,2026-07-15,https://www.pordata.pt/municipios/alunos+matriculados+no+ensino+secundario+publico+total+e+por+modalidade+de+ensino-200,,
175,municipios,Alunos matriculados no ensino secundário: total e por modalidade de ensino,DGEEC/MECI | PORDATA Operações Opções Ver Gráfico Ranking,2026-07-10,https://www.pordata.pt/municipios/alunos+matriculados+no+ensino+secundario+total+e+por+modalidade+de+ensino-175,,
345,municipios,Alunos matriculados no ensino secundário: total e por subsistema de ensino,DGEEC/MECI | PORDATA Operações Opções Ver Gráfico Ranking,2026-07-09,https://www.pordata.pt/municipios/alunos+matriculados+no+ensino+secundario+total+e+por+subsistema+de+ensino-345,,
317,municipios,Alunos matriculados no ensino superior politécnico: total e por sexo,DGEEC/MECI | PORDATA Operações Opções Ver Gráfico Ranking,2026-01-12,https://www.pordata.pt/municipios/alunos+matriculados+no+ensino+superior+politecnico+total+e+por+sexo-317,,
304,municipios,Alunos matriculados no ensino superior privado: total e por tipo de ensino,DGEEC/MECI | PORDATA Operações Opções Ver Gráfico Ranking,2026-01-12,https://www.pordata.pt/municipios/alunos+matriculados+no+ensino+superior+privado+total+e+por+tipo+de+ensino-304,,
303,municipios,Alunos matriculados no ensino superior público: total e por tipo de ensino,DGEEC/MECI | PORDATA Operações Opções Ver Gráfico Ranking,2026-01-12,https://www.pordata.pt/municipios/alunos+matriculados+no+ensino+superior+publico+total+e+por+tipo+de+ensino-303,,
313,municipios,Alunos matriculados no ensino superior: total e por área de educação e formação,DGEEC/MECI | PORDATA Operações Opções Ver Gráfico Ranking,2026-01-12,https://www.pordata.pt/municipios/alunos+matriculados+no+ensino+superior+total+e+por+area+de+educacao+e+formacao-313,,
310,municipios,Alunos matriculados no ensino superior: total e por nível de formação,DGEEC/MECI | PORDATA Operações Opções Ver Gráfico Ranking,2026-01-12,https://www.pordata.pt/municipios/alunos+matriculados+no+ensino+superior+total+e+por+nivel+de+formacao-310,,
305,municipios,Alunos matriculados no ensino superior: total e por sexo,DGEEC/MECI | PORDATA Operações Opções Ver Gráfico Ranking,2026-01-09,https://www.pordata.pt/municipios/alunos+matriculados+no+ensino+superior+total+e+por+sexo-305,,
301,municipios,Alunos matriculados no ensino superior: total e por subsistema de ensino,DGEEC/MECI | PORDATA Operações Opções Ver Gráfico Ranking,2026-01-09,https://www.pordata.pt/municipios/alunos+matriculados+no+ensino+superior+total+e+por+subsistema+de+ensino-301,,
302,municipios,Alunos matriculados no ensino superior: total e por tipo de ensino,DGEEC/MECI | PORDATA Operações Opções Ver Gráfico Ranking,2026-01-09,https://www.pordata.pt/municipios/alunos+matriculados+no+ensino+superior+total+e+por+tipo+de+ensino-302,,
316,municipios,Alunos matriculados no ensino superior universitário: total e por sexo,DGEEC/MECI | PORDATA Operações Opções Ver Gráfico Ranking,2026-01-12,https://www.pordata.pt/municipios/alunos+matriculados+no+ensino+superior+universitario+total+e+por+sexo-316,,
386,municipios,"Alunos matriculados nos ensinos pré-escolar, básico e secundário em % da população residente: total e por nível de ensino",INE | DGEEC/MECI | PORDATA Operações Opções Ver Gráfico Ranking,2026-07-09,https://www.pordata.pt/municipios/alunos+matriculados+nos+ensinos+pre+escolar++basico+e+secundario+em+percentagem+da+populacao+residente+total+e+por+nivel+de+ensino-386,,
203,municipios,"Alunos matriculados nos ensinos pré-escolar, básico e secundário privado: total e por nível de ensino",DGEEC/MECI | PORDATA Operações Opções Ver Gráfico Ranking,2026-07-14,https://www.pordata.pt/municipios/alunos+matriculados+nos+ensinos+pre+escolar++basico+e+secundario+privado+total+e+por+nivel+de+ensino-203,,
202,municipios,"Alunos matriculados nos ensinos pré-escolar, básico e secundário público: total e por nível de ensino",DGEEC/MECI | PORDATA Operações Opções Ver Gráfico Ranking,2026-07-14,https://www.pordata.pt/municipios/alunos+matriculados+nos+ensinos+pre+escolar++basico+e+secundario+publico+total+e+por+nivel+de+ensino-202,,
166,municipios,"Alunos matriculados nos ensinos pré-escolar, básico e secundário: total e por nível de ensino",DGEEC/MECI | PORDATA Operações Opções Ver Gráfico Ranking,2026-07-09,https://www.pordata.pt/municipios/alunos+matriculados+nos+ensinos+pre+escolar++basico+e+secundario+total+e+por+nivel+de+ensino-166,,
1015,municipios,Áreas Protegidas e Rede Natura 2000 (percentagem),ICNF/MAAC | ICNF Madeira (a partir de 2011) | SRAAC (a partir de 2011) Açores | PORDATA Operações Opções Ver Gráfico Ranking,2026-08-07,https://www.pordata.pt/municipios/areas+protegidas+e+rede+natura+2000+(percentagem)-1015,,
1014,municipios,Áreas Protegidas e Rede Natura 2000,ICNF/MAAC | ICNF Madeira (a partir de 2011) | SRAAC (a partir de 2011) Açores | PORDATA Operações Opções Ver Gráfico Ranking,2026-01-23,https://www.pordata.pt/municipios/areas+protegidas+e+rede+natura+2000-1014,,
541,municipios,Beneficiários ativos da Segurança Social no total da população residente com 15 e mais anos (%),INE | II/MTSSS | PORDATA Operações Opções Ver Gráfico Ranking,2026-06-25,https://www.pordata.pt/municipios/beneficiarios+ativos+da+seguranca+social+no+total+da+populacao+residente+com+15+e+mais+anos+(percentagem)-541,,
507,municipios,Beneficiários ativos da Segurança Social,II/MTSSS | PORDATA Operações Opções Ver Gráfico Ranking,2026-06-01,https://www.pordata.pt/municipios/beneficiarios+ativos+da+seguranca+social-507,,
716,municipios,Beneficiários das prestações de desemprego da Segurança Social no total da população residente com 15 e mais anos (%),INE | II/MTSSS | PORDATA Operações Opções Ver Gráfico Ranking,2026-06-25,https://www.pordata.pt/municipios/beneficiarios+das+prestacoes+de+desemprego+da+seguranca+social+no+total+da+populacao+residente+com+15+e+mais+anos+(percentagem)-716,,
715,municipios,Beneficiários do Rendimento Mínimo Garantido e Rendimento Social de Inserção da Segurança Social no total da população residente com 15 e mais anos (%),INE | II/MTSSS | PORDATA Operações Opções Ver Gráfico Ranking,2026-06-25,https://www.pordata.pt/municipios/beneficiarios+do+rendimento+minimo+garantido+e+rendimento+social+de+insercao+da+seguranca+social+no+total+da+populacao+residente+com+15+e+mais+anos+(percentagem)-715,,
515,municipios,Beneficiários do Rendimento Mínimo Garantido e Rendimento Social de Inserção da Segurança Social: total e por grupo etário,II/MTSSS | PORDATA Operações Opções Ver Gráfico Ranking,2026-06-09,https://www.pordata.pt/municipios/beneficiarios+do+rendimento+minimo+garantido+e+rendimento+social+de+insercao+da+seguranca+social+total+e+por+grupo+etario-515,,
513,municipios,Beneficiários do Rendimento Mínimo Garantido e Rendimento Social de Inserção da Segurança Social: total e por sexo,II/MTSSS | PORDATA Operações Opções Ver Gráfico Ranking,2026-06-09,https://www.pordata.pt/municipios/beneficiarios+do+rendimento+minimo+garantido+e+rendimento+social+de+insercao+da+seguranca+social+total+e+por+sexo-513,,
544,municipios,Beneficiários do subsídio de desemprego da Segurança Social no total de beneficiários ativos (%),II/MTSSS | PORDATA Operações Opções Ver Gráfico Ranking,2026-06-01,https://www.pordata.pt/municipios/beneficiarios+do+subsidio+de+desemprego+da+seguranca+social+no+total+de+beneficiarios+ativos+(percentagem)-544,,
512,municipios,Beneficiários do subsídio de desemprego da Segurança Social: total e por sexo,II/MTSSS | PORDATA Operações Opções Ver Gráfico Ranking,2026-06-01,https://www.pordata.pt/municipios/beneficiarios+do+subsidio+de+desemprego+da+seguranca+social+total+e+por+sexo-512,,
517,municipios,Beneficiários do subsídio por doença da Segurança Social: total e por sexo,II/MTSSS | PORDATA Operações Opções Ver Gráfico Ranking,2026-06-02,https://www.pordata.pt/municipios/beneficiarios+do+subsidio+por+doenca+da+seguranca+social+total+e+por+sexo-517,,
516,municipios,Beneficiários do subsídio social de desemprego da Segurança Social: total e por sexo,II/MTSSS | PORDATA Operações Opções Ver Gráfico Ranking,2026-06-02,https://www.pordata.pt/municipios/beneficiarios+do+subsidio+social+de+desemprego+da+seguranca+social+total+e+por+sexo-516,,
493,municipios,Caixa Geral de Aposentações: reformados/aposentados e pensionistas,CGA/MTSSS-MF | PORDATA Operações Opções Ver Gráfico Ranking,2026-05-07,https://www.pordata.pt/municipios/caixa+geral+de+aposentacoes+reformados+aposentados+e+pensionistas-493,,
492,municipios,Caixa Geral de Aposentações: subscritores,CGA/MTSSS-MF | PORDATA Operações Opções Ver Gráfico Ranking,2026-05-07,https://www.pordata.pt/municipios/caixa+geral+de+aposentacoes+subscritores-492,,
927,municipios,Caixas Automáticas Multibanco,SIBS | PORDATA Operações Opções Ver Gráfico Ranking,2026-06-22,https://www.pordata.pt/municipios/caixas+automaticas+multibanco-927,,
244,municipios,Camas nos hospitais,INE | DGS/MS (até 2005) | INE (a partir de 2016) | PORDATA Operações Opções Ver Gráfico Ranking,2026-04-07,https://www.pordata.pt/municipios/camas+nos+hospitais-244,,
747,municipios,Capacidade nos alojamentos turísticos: total e por tipo de alojamento,INE | PORDATA Operações Opções Ver Gráfico Ranking,2026-07-09,https://www.pordata.pt/municipios/capacidade+nos+alojamentos+turisticos+total+e+por+tipo+de+alojamento-747,,
535,municipios,Cartórios notariais: principais atos notariais celebrados por escritura pública por tipo de ato,DGPJ/MJ | PORDATA Operações Opções Ver Gráfico Ranking,2026-05-04,https://www.pordata.pt/municipios/cartorios+notariais+principais+atos+notariais+celebrados+por+escritura+publica+por+tipo+de+ato-535,,
91,municipios,Casamentos dissolvidos por morte,INE | PORDATA Operações Opções Ver Gráfico Ranking,2026-05-05,https://www.pordata.pt/municipios/casamentos+dissolvidos+por+morte-91,,
