id,area,name_pt,name_en,status
1415,europa,Abastecimento público de água,Public water supply,ok
3393,europa,Abortos: Interrupções voluntárias de gravidez,Legally induced abortions,ok
3308,europa,Absolvidos da prática de crimes,Pesons acquitted,ok
1712,europa,"Acidentes de trabalho graves, por 100 mil empregados: total e por alguns setores de atividade económica",Serious accidents at work per 100 thousand employed persons total and by some sectors of economic activities,ok
1355,europa,Acidentes de trabalho graves e mortais,Serious and fatal accidents at work,ok
1304,europa,Acidentes de trabalho graves: total e por alguns setores de atividade económica,Serious accidents at work total and by some sectors of economic activity,ok
1713,europa,"Acidentes de trabalho mortais, por 100 mil empregados: total e por alguns setores de atividade económica",Fatal accidents at work per 100 thousand employed persons total and by some sectors of economic activity,ok
3572,europa,Acidentes de trabalho mortais por 100 mil empregados: total e por sexo,Fatal accidents at work per 100 thousand employed persons total and by sex,ok
1314,europa,Acidentes de trabalho mortais: total e por alguns setores de atividade económica,Fatal accidents at work total and by some sectors of economic activity,ok
1325,europa,Acidentes de trabalho mortais: total e por sexo,Fatal accidents at work total and by sex,ok
3043,europa,Evolução de Acidentes de viação por países,Road accidents,ok
2724,europa,Acidentes ferroviários: total e por tipo de acidente,Railway accidents total and by type of accident,ok
3590,europa,Administrações Públicas: despesa em tribunais per capita,General government total expenditure on law courts per capita,ok
1547,europa,"Administrações Públicas: despesas, receitas e défice/excedente público (Euro)",General government expenditure revenue and net lending net borrowing (euro),ok
1762,europa,"Administrações Públicas: despesas, receitas e défice/excedente público, em % do PIB",General government expenditure revenue and net lending net borrowing as percentage of gdp,ok
1968,europa,Administrações Públicas: despesas por categoria (Euro),General government expenditure by category (euro),ok
1980,europa,Administrações Públicas: despesas por categoria (%),General government expenditure by category (percentage),ok
1763,europa,Administrações Públicas: dívida bruta em % do PIB,General government gross debt as a percentage of gdp,ok
1967,europa,Administrações Públicas: impostos sobre o rendimento (Euro),General government taxes on income (euro),ok
1964,europa,Administrações Públicas: receitas por categoria (Euro),General government revenue by category (euro),ok
1977,europa,Administrações Públicas: receitas por categoria (%),General government revenue by category (percentage),ok
1628,europa,"Adultos a viverem sozinhos com crianças ou filhos, por sexo (%)",Single adults living with children by sex (percentage),ok
1626,europa,Adultos a viverem sozinhos com crianças ou filhos: total e por sexo,Single adults with children total and by sex,ok
2698,europa,Aeroportos comerciais: total e por tipo,Commercial airports total and by type,ok
3656,europa,Agregados domésticos com cobertura de Internet de alta velocidade,High speed internet coverage,ok
1494,europa,"Agregados domésticos privados com computador, com ligação à Internet em casa e com ligação à Internet através de banda larga (%)",Households with a computer with internet access at home and using a broadband connection (percentage),ok
1629,europa,Agregados domésticos privados por tipo de composição do agregado (%),Private households by type of household composition (percentage),ok
1615,europa,Agregados domésticos privados: total e por número de crianças,Private households total and by number of children,ok
1614,europa,Agregados domésticos privados: total e por tipo de composição do agregado,Private households total and by type of household composition,ok
1627,europa,Agregados domésticos unipessoais de indivíduos com 65 e mais anos em % do total de agregados,Single person private households of individuals aged 65 and over as a percentage of total households,ok
1616,europa,Agregados domésticos unipessoais: total e com 65 e mais anos,Single person private households total and aged 65 and over,ok
3642,europa,Águas marinhas afetadas pela eutrofização,Marine waters affected by eutrophication,ok
1352,europa,Ajuda financeira aos alunos em % da despesa pública em educação: total e por nível de ensino (1999-2011),Financial aid to students as percentage of total public expenditure on education total and by level of education (1999 2011),ok
3596,europa,Ajuda pública ao desenvolvimento em % do rendimento nacional bruto,Official development assistance as share of gross national income (at current prices),ok
2436,europa,Alojamentos turísticos coletivos: total e por tipo,Collective tourist accommodations total and by type,ok
1303,europa,Alunos do sexo feminino matriculados no ensino superior (ISCED 5-8): total e por área de educação,Female students enrolled in higher education (isced 5 8) total and by field of education,ok
1294,europa,Alunos do sexo feminino matriculados: total e por nível de ensino,Enrolled female students total and by level of education,ok
1301,europa,Alunos do sexo masculino matriculados no ensino superior (ISCED 5-8): total e por área de educação,Male students enrolled in higher education (isced 5 8) total and by field of education,ok
1293,europa,Alunos do sexo masculino matriculados: total e por nível de ensino,Enrolled male students total and by level of education,ok
1658,europa,Alunos matriculados em % da população residente: total e por nível de ensino,Enrolled students as percentage of resident population total and by level of education,ok
1327,europa,Alunos matriculados no ensino básico 1.º e 2.º ciclos (ISCED 1): total e por subsistema de ensino,Students enrolled in primary education (isced 1) total and by sub system of education,ok
1328,europa,Alunos matriculados no ensino básico 3.º ciclo (ISCED 2): total e por subsistema de ensino,Students enrolled in lower secondary education (isced 2) total and by sub system of education,ok
1330,europa,Alunos matriculados no ensino pré-escolar (ISCED 02): total e por subsistema de ensino,Students enrolled in pre primary education (isced 02) total and by sub system of education,ok
1329,europa,Alunos matriculados no ensino secundário (ISCED 3): total e por subsistema de ensino,Students enrolled in upper secondary education (isced 3) total and by sub system of education,ok
1299,europa,Alunos matriculados no ensino superior (ISCED 5-8): total e por área de educação,Students enrolled in higher education (isced 5 8) total and by field of education,ok
1296,europa,Alunos matriculados no ensino superior (ISCED 5-8): total e por sexo,Students enrolled in higher education (isced 5 8) total and by sex,ok
1877,europa,Alunos matriculados no ensino superior (ISCED 5-8): total e por subsistema de ensino (percentagem),Students enrolled in higher education (isced 5 8) total and by sub system of education (percentage),ok
1326,europa,Alunos matriculados no ensino superior (ISCED 5-8): total e por subsistema de ensino,Students enrolled in higher education (isced 5 8) total and by sub system of education,ok
1291,europa,Alunos matriculados: total e por nível de ensino,Enrolled students total and by level of education,ok
1356,europa,Anos de escolaridade esperados (ISCED 02-8) (1998-2012),School expectancy (isced 02 8) (1998 2012),ok
3654,europa,Anos de vida saudável à nascença: total e por sexo,Healthy life years at birth total and by sex,ok
1590,europa,Anos de vida saudável aos 65 anos: por sexo,Healthy life years at 65 by sex,ok
3602,europa,Apoio do governo à investigação e desenvolvimento (I&D) na agricultura per capita,Government support to agricultural research and development (r d) per capita,ok
3536,europa,Apoio do governo à investigação e desenvolvimento (I&D) na agricultura,Government support to agricultural research and development (r d),ok
3358,europa,Aquisições de nacionalidade por 100 mil habitantes,Citizenship acquisitions per 100 thousand inhabitants,ok
1290,europa,Aquisições de nacionalidade,Citizenship acquisitions,ok
1888,europa,Área ardida por incêndio,Area burnt by forest fire,ok
3537,europa,Área em agricultura biológica (%),Area under organic farming (percentage),ok
3626,europa,Área florestal na superfície total do país (%),Forest area in the total area of the country (percentage),ok
3632,europa,Áreas balneares com qualidade de água excelente,Bathing sites with excellent water quality,ok
3300,europa,Arguidos: total e por nacionalidade,Persons prosecuted total and by citizenship,ok
3298,europa,Arguidos: total e por sexo,Persons prosecuted total and by sex,ok
1506,europa,Assinaturas do acesso à Internet,Internet subscriptions,ok
1714,europa,Assinaturas do acesso à Internet por mil habitantes,Subscriptions to internet per thousand inhabitants,ok
1505,europa,Assinaturas do serviço de telemóvel,Subscriptions to cellular mobile services,ok
1953,europa,Assinaturas do serviço de telemóvel por mil habitantes,Subscriptions to cellular mobile services per thousand inhabitants,ok
1766,europa,Balança comercial em % do PIB,Balance of trade as a percentage of gdp,ok
1554,europa,Balança comercial: exportação (Euro),Balance of trade export (euro),ok
1555,europa,Balança comercial: importação (Euro),Balance of trade import (euro),ok
1553,europa,Balança comercial: saldo (Euro),Balance of trade balance (euro),ok
2746,europa,Balança corrente: exportações (Euro),Current account exports (euro),ok
2742,europa,Balança corrente: importações (Euro),Current account imports (euro),ok
1551,europa,Balança corrente: saldos (Euro),Current account balances (euro),ok
2665,europa,Balança corrente: saldos em % do PIB,Current account balances as a percentage of gdp,ok
2666,europa,Balança de capital (Euro),Capital account (euro),ok
2747,europa,Balança de capital em % do PIB,Capital account as a percentage of gdp,ok
2696,europa,Balança de pagamentos tecnológica em % do PIB (1993-2015),Technology balance of payments as a percentage of gdp (1993 2015),ok
2744,europa,Balança financeira: investimento de carteira (Euro),Financial account portfolio investment (euro),ok
2743,europa,Balança financeira: investimento direto (Euro),Financial account direct investment (euro),ok
1334,europa,Camas disponíveis em hospitais,Available beds in hospitals,ok
1700,europa,Camas em hospitais por 100 mil habitantes,Beds in hospitals per 100 thousand inhabitants,ok
2438,europa,Camas nos alojamentos turísticos coletivos: total e por tipo de alojamento,Bed places in collective tourist accommodations total and by type of accommodation,ok
1264,europa,Evolução do número de Casamentos por países,Marriages,ok
3354,europa,Condenados por 100 mil habitantes,Convicted persons per 100 thousand inhabitants,ok
3301,europa,Condenados: total e por nacionalidade,Convicted person total and by citizenship,ok
3299,europa,Condenados: total e por sexo,Persons convicted total and by sex,ok
2967,europa,Consumo das famílias no território económico: total e por durabilidade (Euro),Consumption by households in the economic territory total and by durability (euro),ok
3545,europa,Consumo de antibióticos,Consumption of antibiotics,ok
1473,europa,Consumo de energia elétrica: total e por tipo de setor consumidor,Electrical energy consumption total and by type of consumer sector,ok
3551,europa,Consumo de energia final das famílias per capita,Final energy consumption in households per capita,ok
1476,europa,Consumo de energia final: por tipo de produto energético,Final energy consumption by type of energy product,ok
1397,europa,Consumo de energia final: total e por tipo de setor consumidor,Final energy consumption total and by type of consumer sector,ok
3546,europa,Consumo de energia primária e de energia final,Primary final energy consumption,ok
1520,europa,Consumo final efetivo das famílias: por tipo de bens e serviços (PPC),Actual final consumption by households by goods and services type (pps),ok
1535,europa,"Consumo final: total, público e privado (Euro)",Final consumption total public and private (euro),ok
1537,europa,"Consumo final: total, público e privado (PPC)",Final consumption total public and private (pps),ok
1768,europa,"Consumo final: total, público e privado em % do PIB",Final consumption total public and private as a percentage of gdp,ok
1396,europa,Consumo interno bruto de energia,Gross inland consumption of energy,ok
3330,europa,Consumo interno de materiais: total e por tipo de material,Domestic material consumption total and by type of material,ok
1538,europa,"Consumo privado: total, famílias e instituições sem fim lucrativo ao serviço das famílias (Euro)",Private consumption total households and non profit institutions serving households (euro),ok
1539,europa,"Consumo privado: total, famílias e instituições sem fim lucrativo ao serviço das famílias (PPC)",Private consumption total households and non profit institutions serving households (pps),ok
1729,europa,Contribuição das energias renováveis na produção primária de energia (%),Contribution of renewable energies to the primary production of energy (percentage),ok
3600,europa,Contribuição das energias renováveis no consumo de energia final (%),Share of renewable energy in gross final energy consumption (percentage),ok
3627,europa,Contribuição dos impostos ambientais nas receitas fiscais totais (%),Share of environmental taxes in total tax revenues (percentage),ok
3621,europa,Contribuição para o compromisso de $100 mil milhões em despesas relacionadas com o clima,Contribution to the international 100bn usd commitment on climate related expending,ok
1568,europa,Contributo dos saldos natural e migratório para a variação populacional anual (%),Contribution of natural and migratory growth to annual population variation (percentage),ok
3285,europa,Registos de crimes por Categoria,Crimes by type,ok
3164,europa,Custos com encargos sociais dos trabalhadores por conta de outrem nas empresas: por alguns setores de atividade económica,Social security costs with employees working in enterprises by some sectors of economic activity,ok
3163,europa,Custos com ordenados e salários dos trabalhadores por conta de outrem nas empresas: por alguns setores de atividade económica,Cost with wages and salaries of employees working in enterprises by some sectors of economic activity,ok
3162,europa,Custos com os trabalhadores por conta de outrem ao serviço nas empresas: por alguns setores de atividade económica,Costs with employees working in enterprises by some sectors of economic activity,ok
3165,europa,Custos com salários e ordenados em % do total dos custos com o pessoal nas empresas: por alguns setores de atividade económica,Costs with wages and salaries as a percentage of the total costs with personnel in enterprises by some sectors of economic activity,ok
3166,europa,Custos médios com o pessoal por trabalhador: por alguns setores de atividade económica,Average personnel costs per person employed by some sectors of economic activity,ok
1802,europa,Densidade populacional,Population density,ok
1698,europa,Dentistas por 100 mil habitantes,Dentists per 100 thousand inhabitants,ok
3601,europa,Dependência das importações de energia,Energy import dependency,ok
1540,europa,Desigualdade na distribuição do rendimento (S80/S20),Inequality of income distribution (s80 s20),ok
2119,europa,"Desigualdades entre taxas de desemprego, dos 15 aos 74 anos: por nível de escolaridade",Inequalities between unemployment rates aged 15 to 74 by level of education completed,ok
1962,europa,Despesa em cuidados de saúde em % do PIB,Health expenditure as a percentage of gdp,ok
1963,europa,Despesa em cuidados de saúde por habitante (Euro),Health expenditure per inhabitant (euro),ok
2580,europa,Despesa em cuidados de saúde: total e por tipo de agente financiador (Euro),Expenditure on healthcare total and by type of financing agent (euro),ok
1288,europa,Despesa em cuidados de saúde: total e por tipo de prestador (Euro),Expenditure on healthcare total and by type of provider (euro),ok
2531,europa,Despesa média em viagens turísticas por turista (Euro/ECU),Average expenditure in tourist trips per tourist (euro ecu),ok
2538,europa,Despesa média por viagem turística: total e por destino da viagem (Euro/ECU),Average expenditure per tourist trip total and by destination of the trip (euro ecu),ok
1351,europa,Despesa pública em educação: total e por nível de ensino (PPC),Public expenditure on education total and by level of education (pps),ok
1578,europa,Despesas da proteção social em % do PIB,Social protection expenditure as a percentage of gdp,ok
1411,europa,Despesas da proteção social: total e por função (Euro),Social protection expenditure total and by function (euro),ok
1407,europa,"Despesas da proteção social: total e por função, a preços constantes (base=2010)",Social protection expenditure total and by function constant prices,ok
1581,europa,"Despesas da proteção social: total e por função, por habitante (Euro)",Social protection expenditure total and by funtion per inhabitant (euro),ok
1586,europa,Despesas da proteção social: total e por tipo (Euro),Social protection expenditure total and by type (euro),ok
1402,europa,"Despesas da proteção social: total e por tipo, a preços constantes (base=2010)",Social protection expenditure total and by type constant prices,ok
1580,europa,"Despesas da proteção social: total e por tipo, por habitante (Euro)",Social protection expenditure total and by type per inhabitant (euro),ok
1728,europa,Despesas de consumo final das famílias: por tipo de bens e serviços (%),Final consumption expenditure by households by goods and services type (percentage),ok
1519,europa,Despesas de consumo final das famílias: total e por tipo de bens e serviços (Euro),Final consumption expenditure by households total and by goods and services type (euro),ok
1740,europa,Despesas em atividades de investigação e desenvolvimento (I&D) do setor empresas em % do PIB,Expenditure in research and development activities (r d) of enterprises sector as a percentage of gdp,ok
1674,europa,Despesas em atividades de investigação e desenvolvimento (I&D) em % do PIB: por setor de execução,Expenditure in research and development activities (r d) as a percentage of gdp by sector of performance,ok
1696,europa,Despesas em atividades de investigação e desenvolvimento (I&D): total e do setor empresas (Euro),Expenditure in research and development activities (r d) total and of enterprises sector (euro),ok
1420,europa,Despesas em atividades de investigação e desenvolvimento (I&D): total e por área científica (Euro),Expenditure in research and development activities (r d) total and by field of science (euro),ok
1418,europa,Despesas em atividades de investigação e desenvolvimento (I&D): total e por setor de execução (Euro),Expenditure in research and development activities (r d) total and by sector of performance (euro),ok
1690,europa,Despesas em atividades de investigação e desenvolvimento (I&D): total e por setor de execução (%),Expenditure in research and development activities (r d) total and by sector of performance (percentage),ok
2474,europa,Despesas em viagens turísticas de residentes: total e por destino da viagem (Euro/ECU),Touristic trips expenditure by residents total and by destination of the trip (euro ecu),ok
1521,europa,Despesas médias de consumo final efetivo das famílias: por tipo de bens e serviços (PPC),Average actual final consumption expenditure by households by goods and services type (pps),ok
2976,europa,Dimensão média das empresas: por alguns setores de atividade económica,Average size of enterprises by some sectors of economic activity,ok
3158,europa,Dimensão média das empresas: total,Average size of enterprises total,ok
3659,europa,Dimensão média das explorações agrícolas,Average size of agriculture holdings,ok
3204,europa,Dimensão média das grandes empresas: por alguns setores de atividade económica,Average size of large enterprises by some sectors of economic activity,ok
3216,europa,Dimensão média das pequenas e médias empresas: por alguns setores de atividade económica,Average size of small and medium sized enterprises by some sectors of economic activity,ok
1613,europa,Dimensão média dos agregados domésticos privados,Average number of persons per household,ok
1324,europa,Diplomados do sexo feminino no ensino superior (ISCED 5-8): total e por área de educação,Female graduates in higher education (isced 5 8) total and by field of education,ok
1323,europa,Diplomados do sexo masculino no ensino superior (ISCED 5-8): total e por área de educação,Male graduates in higher education (isced 5 8) total and by field of education,ok
1322,europa,Diplomados no ensino superior (ISCED 5-8): total e por área de educação,Graduates in higher education (isced 5 8) total and by field of education,ok
1319,europa,Diplomados no ensino superior (ISCED 5-8): total e por sexo,Graduates in higher education (isced 5 8) total and by sex,ok
3647,europa,Dirigentes de explorações agrícolas: total e por grupo etário,Managers of agricultural holdings total and by age group,ok
3648,europa,Dirigentes de explorações agrícolas: total e por sexo,Managers of agricultural holdings total and by sex,ok
3561,europa,Disparidade entre homens e mulheres no emprego,Gender employment gap,ok
3560,europa,Disparidade salarial entre homens e mulheres,Gender pay gap,ok
3007,europa,Dívida externa líquida em % do PIB,Net external debt position as a percentage of gdp,ok
3006,europa,Dívida externa líquida,Net external debt position,ok
1548,europa,Dívida pública: dívida das Administrações Públicas (Euro),General government gross debt (euro),ok
1270,europa,Número de Divórcios por países,Divorces,ok
1331,europa,Docentes com funções letivas do ensino básico 1.º e 2.º ciclos (ISCED 1): total e por sexo,Classroom teachers in primary education (isced 1) total and by sex,ok
1332,europa,Docentes com funções letivas do ensino básico 3.º ciclo (ISCED 2): total e por sexo,Classroom teachers in lower secondary education (isced 2) total and by sex,ok
1342,europa,Docentes com funções letivas do ensino pré-escolar (ISCED 02): total e por sexo,Classroom teachers in pre primary education (isced 02) total and by sex,ok
1335,europa,Docentes com funções letivas do ensino secundário (ISCED 3): total e por sexo,Classroom teachers in upper secondary education (isced 3) total and by sex,ok
1344,europa,Docentes do ensino superior (ISCED 5-8): total e por sexo,Academic staff in higher education (isced 5 8) total and by sex,ok
1736,europa,Docentes do sexo feminino em % dos docentes: por nível de ensino,Females as a percentage of teachers and academic staff total and by level of education,ok
2442,europa,Dormidas de turistas em alojamentos turísticos coletivos: total e por tipo de alojamento,Nights spent by tourists in collective tourist accommodations total and by type of accommodation,ok
2533,europa,Dormidas de turistas em alojamentos turísticos coletivos: total e por tipo de turista (percentagem),Nights spent by tourists in collective tourist accommodations total and by type of tourist (percentage),ok
2443,europa,Dormidas de turistas em alojamentos turísticos coletivos: total e por tipo de turista,Nights spent by tourists in collective tourist accommodations total and by type of tourist,ok
2483,europa,Dormidas de turistas por 100 camas disponíveis em alojamentos turísticos coletivos,Nights spent by tourists per 100 bed places available in collective tourist accommodations,ok
1660,europa,Dotações orçamentais públicas para investigação e desenvolvimento (I&D) em % do PIB,Government budget appropriations or outlays for research and development (r d) as a percentage of gdp,ok
2409,europa,Doutoramentos (ISCED 8) por 100 mil habitantes,Phds (isced 8) per 100 thousand inhabitants,ok
1320,europa,Doutoramentos (ISCED 8): total e por área de educação,Phds (isced 8) total and by field of education,ok
1315,europa,Doutoramentos (ISCED 8): total e por sexo,Phds (isced 8) total and by sex,ok
3651,europa,Embarcações de pesca por países,Fishing vessels,ok
3611,europa,Emissão média de CO₂ por km dos automóveis novos de passageiros,Average co2 emissions per km from new passenger cars,ok
3539,europa,Emissões de amoníaco pela agricultura,Ammonia emissions from agriculture,ok
3476,europa,Emissões de gases com efeito de estufa - Metas Europa 2020,Emissions of greenhouse gases europe 2020 targets,ok
3360,europa,Emissões de gases com efeito de estufa per capita,Emissions of greenhouse gases per capita,ok
1481,europa,Emissões de gases com efeito de estufa: total e por alguns setores de emissões de gases,Emissions of greenhouse gases total and by some source sectors of air emissions,ok
3746,europa,"Emissões líquidas de gases de efeito estufa do setor do Uso do Solo, Alterações de Uso do Solo e Florestas (LULUCF)",Net greenhouse gas emissions of the land use land use change and forestry (lulucf) sector,ok
3616,europa,Emissões líquidas de gases de efeito estufa,Net greenhouse gas emissions,ok
3704,europa,Emprego na agricultura por 100 mil habitantes,Employment in crop and animal production per 100 thousand inhabitants,ok
3646,europa,Emprego no setor da agricultura,Employment in crop and animal production,ok
3665,europa,Emprego no setor da silvicultura,Employed persons in forestry and logging,ok
3661,europa,Emprego no setor das pescas e aquicultura,Employment in fisheries and aquaculture,ok
1498,europa,Empresas com 10 e mais pessoas ao serviço com ligação à Internet % do total de empresas: por alguns setores de atividade económica,Enterprises with 10 or more personnel employed having access to the internet as a percentage of total of enterprises by some sectors of economic activity,ok
1496,europa,Empresas com 10 e mais pessoas ao serviço com ligação à Internet % do total de empresas: por escalão de pessoal ao serviço,Enterprises with 10 or more personnel employed having access to the internet as a percentage of total of enterprises by band of personnel employed,ok
1500,europa,Empresas com 10 e mais pessoas ao serviço com website ou homepage em % do total de empresas: por alguns setores de atividade económica,Enterprises with 10 or more personnel employed with website or homepage on the internet as a percentage of total of enterprises by some sectors of economic activity,ok
1495,europa,Empresas com 10 e mais pessoas ao serviço com website ou homepage em % do total de empresas: por escalão de pessoal ao serviço,Enterprises with 10 or more personnel employed with website or homepage on the internet as a percentage of total of enterprises by band of personnel employed,ok
1499,europa,Empresas com 10 e mais pessoas ao serviço que utilizam computador em % do total de empresas: por alguns setores de atividade económica (2003-2015),Enterprises with 10 or more personnel employed using computers as a percentage of total of enterprises by some sectors of economic activity (2003 2015),ok
1497,europa,Empresas com 10 e mais pessoas ao serviço que utilizam computador em % do total de empresas: por escalão de pessoal ao serviço (2003-2015),Enterprises with 10 or more personnel employed using computers as a percentage of total of enterprises by band of personnel employed (2013 2015),ok
3211,europa,Empresas médias em % do total de empresas: por alguns setores de atividade económica,Medium enterprises as a percentage of all enterprises by some sectors of economic activity,ok
3208,europa,Empresas médias: por alguns setores de atividade económica,Medium enterprises by some sectors of economic activity,ok
2970,europa,Empresas: por alguns setores de atividade económica,Enterprises by some sectors of economic activity,ok
2980,europa,Empresas sobreviventes a 1 ano de vida: total e por alguns setores de atividade económica,Enterprises surviving to 1 year of life total and by some sectors of economic activity,ok
2969,europa,Número total de Empresas,Enterprises total,ok
1287,europa,Enfermeiros e pessoal auxiliar de cuidados de saúde,Nursing and caring personnel,ok
2444,europa,Entradas de turistas em alojamentos turísticos coletivos: total e por tipo de alojamento,Arrivals of tourists in collective tourist accommodations total and by type of accommodation,ok
2445,europa,Entradas de turistas em alojamentos turísticos coletivos: total e por tipo de turista,Arrivals of tourists in collective tourist accommodations total and by type of tourist,ok
3634,europa,Erosão hídrica dos solos estimada - taxa de área afetada por erosão severa,Estimated soil erosion by water area affected by severe erosion rate,ok
1260,europa,Esperança de vida à nascença: total e por sexo,Life expectancy at birth total and by sex,ok
1262,europa,Esperança de vida aos 65 anos: por sexo,Life expectancy at 65 by sex,ok
3493,europa,Explorações agrícolas: total e por dimensão,Agricultural holdings total and by dimension,ok
3518,europa,"Exportações de bens: total, UE27 e extra-UE27 (Euro)",Exports of goods total eu27 and extra eu27 (euro),ok
3521,europa,"Exportações de serviços: total, UE27 e extra-UE27 (Euro)",Exports of services total eu27 and extra eu27 (euro),ok
1385,europa,Exportações: total e por tipo de produto energético,Exports total and by type of energy product,ok
3068,europa,Extensão das autoestradas,Length of motorways,ok
3069,europa,Extensão das linhas ferroviárias exploradas,Extension of the railway lines in operation,ok
3597,europa,Financiamento da uniao europeia aos paises em desenvolvimento,Eu financing to developing countries (at current prices),missing_pt
1353,europa,"Financiamento público em educação por nível de administração: central, regional e local (%) (1999-2011)",Public funding in education by level of government central regional and local (percentage) (1999 2011),ok
1936,europa,Profissionais de Fisioterapia,Physiotherapists,ok
1925,europa,Fisioterapeutas por 100 mil habitantes,Physiotherapists per 100 thousand inhabitants,ok
1622,europa,Fluxos migratórios internacionais,International migration flows,ok
3649,europa,Formação bruta de capital fixo da agricultura,Gross fixed capital formation of agriculture,ok
2700,europa,Frota de aeronaves comerciais para transporte de passageiros: total e por capacidade da aeronave,Fleet of commercial passenger aircraft total and by aircraft capacity,ok
2699,europa,Frota de aeronaves comerciais: total e por configuração da aeronave,Fleet of commercial aircraft total and by aircraft configuration,ok
2701,europa,Frota de aeronaves comerciais: total e por idade da aeronave,Fleet of commercial aircraft total and by aircraft age,ok
2975,europa,Grandes empresas em % do total de empresas: por alguns setores de atividade económica,Large enterprises as a percentage of all enterprises by some sectors of economic activity,ok
2974,europa,Grandes empresas: por alguns setores de atividade económica,Large enterprises by some sectors of economic activity,ok
2408,europa,Idade média da mãe ao nascimento de um filho,Mean age of women at childbirth,ok
3468,europa,Idade média da mãe ao nascimento do primeiro filho,Mean age of the mother at birth of first child,ok
3633,europa,Impacto da seca nos ecossistemas,Drought impact on ecosystems,ok
3591,europa,Importações da União Europeia de países em desenvolvimento,Eu imports from developing countries,ok
3517,europa,"Importações de bens: total, UE27 e extra-UE27 (Euro)",Imports of goods total eu27 and extra eu27 (euro),ok
3520,europa,"Importações de serviços: total, UE27 e extra-UE27 (Euro)",Imports of services total eu27 and extra eu27 (euro),ok
1377,europa,Importações: total e por tipo de produto energético,Imports total and by type of energy product,ok
3640,europa,Impostos ambientais em % do PIB,Environmental tax revenues as a percentage of gdp,ok
3639,europa,Impostos ambientais: total e por categoria de imposto,Environmental tax revenues total and by category of environmental taxes,ok
1374,europa,Incêndios florestais e área ardida,Forest fires and area burnt,ok
1929,europa,Índice de dependência de idosos,Old age dependency ratio,ok
1928,europa,Índice de dependência de jovens,Young age dependency ratio,ok
1927,europa,Índice de dependência total,Total age dependency ratio,ok
1609,europa,Índice de envelhecimento,Ageing index,ok
3543,europa,Índice de exploração da água (Wei +),Water exploitation index plus (wei ),ok
1541,europa,Evolução do Índice de Gini (%) por Países,Gini index (percentage),ok
3605,europa,Índice de impermeabilização do solo (%),Soil sealing index,ok
1930,europa,Evolução do Índice de longevidade por países,Longevity index,ok
3595,europa,Índice de perceção de corrupção,Corruption perception index,ok
1251,europa,Índice sintético de fecundidade,Total fertility rate,ok
1487,europa,"Indivíduos que acederam à Internet, em média, pelos menos uma vez por semana, em % do total de indivíduos: por condição perante o trabalho",Individuals who accessed internet on average at least once a week as a percentage of total individuals by employment situation,ok
1486,europa,"Indivíduos que acederam à Internet, em média, pelos menos uma vez por semana, em % do total de indivíduos: por grupo etário",Individuals aged 16 to 74 who accessed internet on average at least once a week as a percentage of total individuals by age group,ok
1488,europa,"Indivíduos que acederam à Internet, em média, pelos menos uma vez por semana, em % do total de indivíduos: por nível de escolaridade mais elevado completo",Individuals who accessed internet on average at least once a week as a percentage of total individuals by highest educational level completed,ok
1489,europa,"Indivíduos que acederam à Internet, em média, pelos menos uma vez por semana, em % do total de indivíduos: por sexo",Individuals who accessed internet on average at least once a week as a percentage of total individuals by sex,ok
1492,europa,Indivíduos que utilizaram computador nos últimos 3 meses em % do total de indivíduos: por condição perante o trabalho,Individuals who used a computer in the last 3 months as a percentage of total individuals by employment situation (2002 2017),ok
1493,europa,Indivíduos que utilizaram computador nos últimos 3 meses em % do total de indivíduos: por grupo etário,Individuals who used a computer in the last 3 months as a percentage of total individuals by age group (2002 2017),ok
1491,europa,Indivíduos que utilizaram computador nos últimos 3 meses em % do total de indivíduos: por nível de escolaridade completo mais elevado,Individuals who used a computer in the last 3 months as a percentage of total individuals by highest educational level completed (2002 2017),ok
1490,europa,Indivíduos que utilizaram computador nos últimos 3 meses em % do total de indivíduos: por sexo,Individuals who used a computer in the last 3 months as a percentage of total individuals by sex (2002 2017),ok
3558,europa,"Insucesso na leitura, matemática e ciências",Underachievement in reading maths or science,ok
3131,europa,Intensidade carbónica da economia,Carbon intensity of the economy,ok
3641,europa,Intensidade das emissões atmosféricas da indústria,Air emission intensity from industry,ok
3269,europa,Intensidade elétrica da economia: por tipo de setor consumidor,Electric intensity of the economy by type of consumer sector,ok
3268,europa,Intensidade elétrica da economia,Electric intensity of the economy,ok
3267,europa,Intensidade energética da economia: por tipo de setor consumidor,Energy intensity of the economy by type of consumer sector,ok
3271,europa,Intensidade energética da economia,Energy intensity of the economy,ok
3283,europa,Intensidade energética de produção de renováveis da economia,Energy intensity of renewables production in the economy,ok
3226,europa,Investigadores (ETI) em atividades de investigação e desenvolvimento (I&D) nas empresas: total e por área científica,Researchers (fte) involved in research and development activities (r d) in business enterprise sector total and by field of science,ok
3225,europa,Investigadores (ETI) em atividades de investigação e desenvolvimento (I&D): total e do setor empresas,Researchers (fte) involved in research and development activities (r d) total and of enterprises sector,ok
1427,europa,Investigadores (ETI) em atividades de investigação e desenvolvimento (I&D): total e por área científica,Researchers (fte) involved in research and development activities (r d) total and by field of science,ok
1424,europa,Investigadores (ETI) em atividades de investigação e desenvolvimento (I&D): total e por setor de execução,Researchers (fte) involved in research and development activities (r d) total and by sector of performance,ok
3181,europa,Investimento das empresas: por alguns setores de atividade económica,Investment of enterprises by some sectors of economic activity,ok
1542,europa,Investimento: Formação Bruta de Capital Fixo (Euro),Investment gross fixed capital formation (euro),ok
3568,europa,Investimento: Formação bruta de capital fixo em % do PIB,Investment share of gdp,ok
2678,europa,Investimento: Formação Bruta de Capital Fixo por setor institucional (Euro),Investment gross fixed capital formation total and by institutional sector (euro),ok
3186,europa,Investimento médio por empresa: por alguns setores de atividade económica,Average investment per enterprise by some sectors of economic activity,ok
2026,europa,Limiar de risco de pobreza (Euro),At risk of poverty threshold (euro),ok
2027,europa,Limiar de risco de pobreza (PPC),At risk of poverty threshold (pps),ok
3067,europa,Limite de taxa de álcool no sangue,Blood alcohol concentration (bac) limit,ok
3066,europa,Limites de velocidade: dentro das localidades e autoestradas,Speed limits in urban roads and motorways,ok
3355,europa,Magistrados Judiciais por 100 mil habitantes,Judges in courts of justice per 100 thousand inhabitants,ok
3302,europa,Magistrados judiciais: total e por sexo,Professional judges total and by sex,ok
1926,europa,Médicos por 100 mil habitantes,Doctors per 100 thousand inhabitants,ok
1277,europa,Médicos: por algumas especialidades,Doctors by some specialist areas,ok
1913,europa,Médicos: total e por sexo,Doctors total and by sex,ok
3578,europa,Mercadorias transportadas por ferrovia e navegação interior (%),Share of rail and inland waterways in total freight transport,ok
2721,europa,"Mercadorias transportadas por ferrovia: total, transporte doméstico e transporte internacional",Goods carried by train total domestic and international transport,ok
2713,europa,Mercadorias transportadas por via aérea: entrada e saída,Goods transported by air input and output,ok
3031,europa,"Mercadorias transportadas por via aérea internacional: total, UE27 e extra-UE27",Goods transported on international flights total eu27 and extra eu27,ok
2712,europa,"Mercadorias transportadas por via aérea: total, voos domésticos e voos internacionais",Goods transported by air total domestic flights and international flights,ok
2715,europa,Mercadorias transportadas por via marítima: descarregadas e carregadas,Goods carried by sea unloaded and loaded,ok
3050,europa,"Mercadorias transportadas por via marítima internacional nos portos principais: total, UE27 e extra-UE27",Goods carried internationally by sea at major ports total eu27 and extra eu27,ok
3049,europa,"Mercadorias transportadas por via marítima nos portos principais: total, doméstico e internacional",Goods carried by sea at major ports total domestic and international,ok
3209,europa,Microempresas em % do total de empresas: por alguns setores de atividade económica,Microenterprises as a percentage of all enterprises by some sectors of economic activity,ok
3206,europa,Microempresas: por alguns setores de atividade económica,Microenterprises by some sectors of economic activity,ok
1824,europa,Mortalidade materna (na gravidez ou pós parto),Maternal mortality,ok
2979,europa,Mortes de empresas: total e por alguns setores de atividade económica,Enterprise deaths total and by some sectors of economic activity,ok
3815,europa,Mortes prematuras causadas por exposição a partículas finas (PM2.5) por 100 mil residentes,Premature deaths due to exposure to fine particulate matter (pm2.5) per 100 000 people,ok
3564,europa,Mulheres em cargos de direção executiva e não executiva das empresas (%),Positions held by women in senior management positions,ok
1994,europa,Mulheres no pessoal total e investigadores (ETI) em atividades de investigação e desenvolvimento (I&D) (%),Females in total of personnel and researchers (fte) involved in research and development activities (r d) (percentage),ok
1305,europa,Mulheres no total de alunos matriculados (ISCED 5-8): total e por área de educação (%),Females in total of enrolled students (isced 5 8) total and by field of education (percentage),ok
1659,europa,Mulheres no total de alunos matriculados (%): total e por nível de ensino,Females in total of enrolled students (percentage) total and by level of education,ok
1662,europa,Mulheres no total de doutoramentos (ISCED 8) (%),Females in total of phds (isced 8) (percentage),ok
3563,europa,Mulheres nos parlamentos e governos nacionais (%),Seats held by women in national parliaments and governments,ok
3559,europa,Mulheres vítimas de violência física e sexual (%),Physical and sexual violence to women,ok
1800,europa,Nados-vivos fora do casamento (%),Live births outside marriage (percentage),ok
3027,europa,Nados-vivos segundo a ordem no total de nados-vivos (%),Live births according to order in total of live births (percentage),ok
1247,europa,"Nados-vivos: total, no casamento e fora do casamento",Live births total in marriage and outside marriage,ok
2978,europa,Nascimentos de empresas: total e por alguns setores de atividade económica,Enterprise births total and by some sectors of economic activity,ok
3055,europa,Navios de mar com passagem nos portos principais: total e por alguns tipos de embarcação,Seagoing vessels docking at major ports total and by some types of vessel,ok
3541,europa,Nitrato nas águas subterrâneas,Nitrate in groundwater,ok
1705,europa,Número de habitantes por médico,Number of inhabitants per doctor,ok
1818,europa,Número de indivíduos em idade ativa por idoso,Number of active age people per old person,ok
2981,europa,Número de nascimentos de empresas por número de mortes de empresas: total e por alguns setores de atividade económica,Number of enterprise births per number of enterprise deaths total and by some sectors of economic activity,ok
3078,europa,Número de veículos ligeiros de passageiros por mil habitantes,Number of light passenger cars per thousand inhabitants,ok
1665,europa,Número médio de alunos por docente no ensino básico 1.º e 2.º ciclos (ISCED 1),Average number of students per teacher in primary education (isced 1),ok
1666,europa,Número médio de alunos por docente no ensino básico 3.º ciclo (ISCED 2),Average number of students per teacher in lower secondary education (isced 2),ok
1669,europa,Número médio de alunos por docente no ensino pré-escolar (ISCED 02),Average number of students per teacher in pre primary education (isced 02),ok
1667,europa,Número médio de alunos por docente no ensino secundário (ISCED 3),Average number of students per teacher in upper secondary education (isced 3),ok
1668,europa,Número médio de alunos por docente no ensino superior (ISCED 5-8),Average number of students per teacher in higher education (isced 5 8),ok
1536,europa,Número médio de divisões por pessoa: total e por tipo de agregado doméstico,Average number of rooms per person total and by type of household,ok
2534,europa,Número médio de dormidas por entrada nos alojamentos turísticos coletivos: total e por tipo de turista,Average number of nights spent per arrival in collective tourist accommodations total and by type of tourist,ok
3046,europa,"Número médio de passageiros por voo comercial: total, voos domésticos e voos internacionais",Average number of passengers per commercial air flight total domestic flights and international flights,ok
2532,europa,Número médio de viagens turísticas por turista,Average number of touristic trips per tourist,ok
3079,europa,Número médio de vítimas por acidente rodoviário,Average number of victims per road accidents,ok
1253,europa,Óbitos infantis: fetais tardios e neonatais,Infant deaths late foetal and neonatal,ok
2484,europa,Óbitos por algumas causas de morte em % do total de óbitos,Deaths by certain causes as a percentage of total deaths,ok
1612,europa,Óbitos: por algumas causas de morte,Deaths by certain causes,ok
1252,europa,Óbitos: total e no primeiro ano de vida,Deaths total and in first year of life,ok
3318,europa,Ocupação efetiva das prisões (%),Actual prison occupancy (percentage),ok
3557,europa,Participação de adultos na aprendizagem,Adult participation in learning,ok
3556,europa,Participação no ensino pré-escolar,Participation in early childhood education total and by sex (percentage),ok
3577,europa,Passageiros transportados por autocarros e comboios (%),Share of busses and trains in total passenger transport,ok
2720,europa,"Passageiros transportados por ferrovia: total, transporte doméstico e transporte internacional",Passenger transported by train total domestic and international transport,ok
2707,europa,Passageiros transportados por via aérea: chegadas e partidas,Air passengers carried arrivals and departures,ok
2708,europa,"Passageiros transportados por via aérea em voos internacionais: total, UE27 e extra-UE27",Air passengers carried on international flights total eu27 and extra eu27,ok
2706,europa,"Passageiros transportados por via aérea: total, voos domésticos e voos internacionais",Air passengers carried total domestic flights and international flights,ok
2714,europa,Passageiros transportados por via marítima: desembarcados e embarcados,Passengers transported by sea disembarking and embarking,ok
3053,europa,"Passageiros transportados por via marítima nos portos principais: total, doméstico e internacional",Passengers transported by sea at major ports total domestic and international,ok
3228,europa,Patentes concedidas pelo Gabinete de Patentes e Marcas dos EUA (USPTO) às empresas (1977-2009),Patents granted by the united states patent and trademark office (uspto) by the enterprise sector (1977 2009),ok
1468,europa,Patentes concedidas pelo Gabinete de Patentes e Marcas dos EUA (USPTO): por setor institucional (1977-2009),Patents granted by the united states patent and trademark office (uspto) by institutional sector (1977 2009),ok
1443,europa,Patentes concedidas pelo Gabinete de Patentes e Marcas dos EUA (USPTO): total e por secções da Classificação Internacional de Patentes (CIP) (1977-2010),Patents granted by the united states patent and trademark office (uspto) total and by international patent classification (ipc) sections (1977 2010),ok
3584,europa,Pedidos de asilo por milhão de habitantes,Asylum applications,ok
1439,europa,Pedidos de patentes à Organização Europeia de Patentes (EPO),Patent applications to the european patent office (epo),ok
1430,europa,Pedidos de patentes ao Instituto Europeu de Patentes (EPO): por domínio tecnológico,Patent applications to the european patent office (epo) by technological field (1980 2013),ok
3576,europa,Pedidos de patentes ao Instituto Europeu de Patentes (IEP) por milhão de habitantes,Patent applications to the european patent office (epo) per million inhabitants,ok
3745,europa,Pegada material per capita,Material footprint per capita,ok
3652,europa,Peixe capturado - toneladas de pescado,Captured fish,ok
3653,europa,Peixe produzido em aquicultura,Fish produced in aquaculture,ok
2419,europa,Pensionistas de invalidez: total e por sexo,Disability pensioners total and by sex,ok
2420,europa,Pensionistas de sobrevivência: total e por sexo,Survivor pensioners total and by sex,ok
2431,europa,Pensionistas de velhice no total da população residente com 65 e mais anos (%),Old age pensioners in total of resident population aged 65 and over (percentage),ok
2418,europa,Pensionistas de velhice: total e por sexo,Old age pensioners total and by sex,ok
2435,europa,Pensionistas em % da população ativa,Pensioners as a percentage of active population,ok
2425,europa,Pensionistas no total da população residente com 15 e mais anos (%),Pensioners in total of resident population aged 15 and over (percentage),ok
2424,europa,Pensionistas: total e por categoria,Pensioners total and by category,ok
1414,europa,Pensões: despesa total e por categoria (Euro),Pensions total expenditure and by category (euro),ok
1701,europa,"Pensões: despesa total e por categoria, por habitante (Euro)",Pensions total expenditure and by category per inhabitant (euro),ok
1413,europa,"Pensões: despesa total e por categoria por habitante, a preços constantes (base=2010)",Pensions total expenditure and by category per inhabitant constant prices,ok
1579,europa,Pensões: despesa total em % do PIB,Pensions total expenditure as a percentage of gdp,ok
2973,europa,Pequenas e médias empresas: por alguns setores de atividade económica,Small and medium sized enterprises (smes) by some sectors of economic activity,ok
3210,europa,Pequenas empresas em % do total de empresas: por alguns setores de atividade económica,Small enterprises as a percentage of all enterprises by some sectors of economic activity,ok
3207,europa,Pequenas empresas: por alguns setores de atividade económica,Small enterprises by some sectors of economic activity,ok
3593,europa,Perceção de independência do sistema judicial,Perceived independence of the justice system,ok
3620,europa,Perdas económicas relacionadas com o clima per capita,Climate related economic losses per capita,ok
3619,europa,Perdas económicas relacionadas com o clima (Euro),Climate related economic losses (euro),ok
3309,europa,Pessoal ao serviço em estabelecimentos prisionais para adultos: total e por sexo,Personnel in adult prison total and by sex,ok
3310,europa,Pessoal ao serviço em estabelecimentos prisionais para menores: total e por sexo,Personnel in juvenile prison total and by sex,ok
3214,europa,Pessoal ao serviço nas empresas médias: por alguns setores de atividade económica,Personnel employed in medium enterprises by some sectors of economic activity,ok
3155,europa,Pessoal ao serviço nas empresas: por alguns setores de atividade económica,Personnel employed in enterprises by some sectors of economic activity,ok
3154,europa,Pessoal ao serviço nas empresas: total,Personnel employed in enterprises total,ok
3157,europa,Pessoal ao serviço nas grandes empresas: por alguns setores de atividade económica,Personnel employed in large enterprises by some sectors of economic activity,ok
3212,europa,Pessoal ao serviço nas microempresas: por alguns setores de atividade económica,Personnel employed in microenterprises by some sectors of economic activity,ok
3215,europa,Pessoal ao serviço nas pequenas e médias empresas: por alguns setores de atividade económica,Personnel employed in small and medium sized enterprise by some sectors of economic activity,ok
3213,europa,Pessoal ao serviço nas pequenas empresas: por alguns setores de atividade económica,Personnel employed in small enterprises by some sectors of economic activity,ok
3356,europa,Pessoal ao serviço nas polícias por 100 mil habitantes,Police officers per 100 thousand inhabitants,ok
3303,europa,Pessoal ao serviço nas polícias: total e por sexo,Police officers total and by sex,ok
3575,europa,Pessoal em atividades de investigação e desenvolvimento (I&D): equivalente a tempo integral em % da população ativa,Total personnel involved in research and development activities (r d)as percentage of active persons by sector of performance,ok
3224,europa,Pessoal total (ETI) em atividades de investigação e desenvolvimento (I&D): total e do setor empresas,Total personnel (fte) involved in research and development activities (r d) total and of enterprises sector,ok
1429,europa,Pessoal total (ETI) em atividades de investigação e desenvolvimento (I&D): total e por área científica,Total personnel (fte) involved in research and development activities (r d) total and by field of science,ok
1423,europa,Pessoal total (ETI) em atividades de investigação e desenvolvimento (I&D): total e por setor de execução,Total personnel (fte) involved in research and development activities (r d) total and by sector of performance,ok
1425,europa,Pessoal total e investigadores (ETI) em atividades de investigação e desenvolvimento (I&D): total e do sexo feminino,R d personnel and researchers (fte) involved in research and development activities (r d) total and females,ok
1691,europa,Pessoal total e investigadores em atividades de investigação e desenvolvimento (I&D): equivalente a tempo integral por mil ativos,Total personnel and researchers involved in research and development activities (r d) full time equivalent per thousand active persons,ok
3579,europa,PIB per capita (PPC),Gdp per capita (pps),ok
3523,europa,PIB per capita (UE27=100),Gdp per capita (eu27 100),ok
2683,europa,PIB por componentes (Euro),Gdp by components (euro),ok
3567,europa,PIB real per capita (Euro),Real gdp per capita(euro),ok
3554,europa,"População, entre os 25 e os 34 anos, com o ensino superior (ISCED 5-8): total e por sexo (%)",Population aged 25 to 34 having tertiary education (isced 5 8) total and by sex (percentage),ok
3401,europa,"População, entre os 30 e os 34 anos, com o ensino superior (ISCED 5-8) (%)",Population aged 30 to 34 having tertiary education (isced 5 8) (percentage),ok
3532,europa,População a viver em agregados com intensidade laboral muito reduzida,Population aged 0 to 65 years living in households with very low work intensity,ok
1592,europa,"População ativa, dos 15 aos 64 anos: total e por nível de escolaridade completo mais elevado",Labour force aged 15 to 64 total and by highest level of education completed,ok
1755,europa,População ativa no total da população em idade ativa (%),Active population in the total of the population of active age (percentage),ok
2432,europa,População ativa por pensionista,Active population per pensioner,ok
1838,europa,População ativa: total e por grupo etário,Labour force total and by age group,ok
1588,europa,População ativa: total e por nacionalidade,Labour force total and by citizenship status,ok
1587,europa,População ativa: total e por sexo,Labour force total and by sex,ok
1944,europa,Evolução da População ativa por países,Labour force,ok
3547,europa,População com boa ou muito boa perceção do seu estado de saúde: total e por sexo (%),Share of people with good or very good perceived health by sex,ok
3548,europa,População com necessidades insatisfeitas de cuidados médicos: total e por sexo (%),Self reported unmet need for medical examination and care by sex,ok
3237,europa,População com o ensino secundário e pós secundário (ISCED 3-4) em % da população entre os 25 e os 64 anos: total e por grupo etário,Population having upper secondary and post secondary non tertiary education (isced 3 4) as a percentage of the population aged 25 to 64 total and by age group,ok
3492,europa,População com o ensino secundário e pós secundário (ISCED 3-4) em % da população entre os 25 e os 64 anos: total e por sexo,Population having upper secondary and post secondary non tertiary education (isced 3 4) as a percentage of the population aged 25 to 64 total and by sex,ok
3239,europa,População com o ensino superior (ISCED 5-8) em % da população entre os 25 e os 64 anos: total e por grupo etário,Population having tertiary education (isced 5 8) as a percentage of the population aged 25 to 64 total and by age group,ok
3490,europa,População com o ensino superior (ISCED 5-8) em % da população entre os 25 e os 64 anos: total e sexo,Population having tertiary education (isced 5 8) as a percentage of the population aged 25 to 64 total and by sex,ok
3655,europa,População com pelo menos competências digitais básicas: total e por sexo (%),Share of individuals having at least basic digital skills by sex (percentage),ok
1883,europa,População desempregada por duração do desemprego (%),Unemployment by length of unemployment (percentage),ok
1884,europa,População desempregada por grupo etário (%),Unemployment by age group (percentage),ok
1776,europa,População desempregada por sexo (%),Unemployed by sex (percentage),ok
1752,europa,População desempregada: total e por duração do desemprego,Unemployment total and by length of unemployment,ok
1796,europa,População desempregada: total e por grupo etário,Unemployment total and by age group,ok
1634,europa,População desempregada: total e por profissão anterior,Unemployment total and by previous occupation,ok
1630,europa,População desempregada: total e por sexo,Unemployment total and by sex,ok
3427,europa,População em risco de pobreza ou exclusão social (evolução em relação a 2008),Population at risk of poverty or social exclusion (reference year 2008),ok
2331,europa,População em risco de pobreza ou exclusão social: total e por grupo etário (%),Population at risk of poverty or social exclusion total and by age group (percentage),ok
2330,europa,População em risco de pobreza ou exclusão social: total e por sexo (percentagem),Population at risk of poverty or social exclusion total and by sex (percentage),ok
3400,europa,População em risco de pobreza ou exclusão social: total e por sexo,Population at risk of poverty or social exclusion total and by sexo,ok
1604,europa,População empregada a tempo completo e parcial ? Homens,Male employment total and full and part time,ok
1611,europa,População empregada a tempo completo e parcial ? Mulheres,Female employment total and full and part time,ok
2465,europa,População empregada em alojamentos turísticos coletivos: total e a tempo completo,Employment in collective tourist accommodations total and full time,ok
2467,europa,População empregada em alojamentos turísticos coletivos: total e por tipo de contrato,Employment in collective tourist accommodations total and by type of contract,ok
1598,europa,População empregada estrangeira,Foreign employment,ok
1744,europa,População empregada por setor de atividade económica ? Homens (NACE Rev.1.1) (1992-2008),Employment total and by sector of economic activity males (nace rev.1.1) (1992 2008),ok
1742,europa,População empregada por setor de atividade económica ? Homens (NACE Rev.2),Employment total and by sector of economic activity males (nace rev.2),ok
1745,europa,População empregada por setor de atividade económica ? Mulheres (NACE Rev.1.1) (1992-2008),Employment by sector of economic activity female (nace rev.1.1) (1992 2008),ok
1743,europa,População empregada por setor de atividade económica ? Mulheres (NACE Rev.2),Employment total and by sector of economic activity females (nace rev.2),ok
1738,europa,População empregada por situação na profissão ? Homens,Employment by occupational status males,ok
1739,europa,População empregada por situação na profissão ? Mulheres,Employment by occupational status females,ok
1603,europa,População empregada: total e a tempo completo e parcial,Employment total and full and part time,ok
1851,europa,População empregada: total e por grupo etário,Employment total and by age group,ok
1601,europa,População empregada: total e por nível de escolaridade completo mais elevado,Employment total and by highest level of education completed,ok
3386,europa,População empregada: total e por profissões,Employment total and by occupation,ok
1625,europa,População empregada: total e por setor de atividade económica (NACE Rev.1.1) (1992-2008),Employment total and by sector of economic activity (nace rev.1.1) (1992 2008),ok
1623,europa,População empregada: total e por setor de atividade económica (NACE Rev.2),Employment total and by sector of economic activity (nace rev.2),ok
1597,europa,População empregada: total e por sexo,Employment total and by sex,ok
1602,europa,População empregada: total e por situação na profissão,Employment total and by occupational status,ok
1624,europa,População estrangeira em % da população residente,Foreigners as a percentage of resident population,ok
3816,europa,População fora do mercado de trabalho devido à prestação de cuidados: total e por sexo (%),Persons outside the labour force due to caring responsibilities by sex,ok
1942,europa,População inativa com 15 e mais anos: total e por grupo etário,Inactive population aged 15 and over total and by age group,ok
1594,europa,População inativa com 15 e mais anos: total e por sexo,Inactive population aged 15 and over total and by sex,ok
3562,europa,População inativa devido a responsabilidades familiares: total e por sexo (%),Inactive population due to caring responsibilities by sex,ok
1593,europa,População inativa estrangeira com 15 e mais anos,Inactive foreign population aged 15 and over,ok
3566,europa,População incapaz de aquecer convenientemente a habitação (%),Population unable to keep home adequately warm (percentage),ok
1528,europa,População por tipo de alojamento (%),Population by dwelling type (percentage),ok
3388,europa,População por tipo de ocupação do alojamento de residência habitual (%),Population by tenure status (percentage),ok
1349,europa,População que completou pelo menos o ensino secundário (ISCED 3 ou mais) em % da população entre os 25 e os 64 anos: total e por sexo,Population having completed at least upper secondary education (isced 3 or more) as a percentage of the population aged 25 to 64 total and by sex,ok
3587,europa,"População que reporta ocorrências de crime, violência e vandalismo na sua área (%)",Population reporting occurrence of crime violence or vandalism in their area,ok
3586,europa,População que vive em agregados domésticos e que refere a existência de ruído (%),Population living in households considering that they suffer from noise,ok
3535,europa,População que vive em alojamentos em más condições (%),People living in households with poor housing conditions,ok
3565,europa,"População que vive sem banheira, duche e retrete no interior do alojamento (%)",Population having neither a bath nor a shower nor indoor flushing toilet in their household,ok
1570,europa,"População residente, estimativas a 1 de janeiro: total e por sexo",Resident population estimates at january 1st total and by sex,ok
1867,europa,População residente do sexo feminino: total e por grandes grupos etários (percentagem),Resident female population total and by major age groups (percentage),ok
1608,europa,População residente do sexo feminino: total e por grandes grupos etários,Resident female population total and by major age groups,ok
1276,europa,População residente do sexo feminino: total e por grupo etário,Resident female population total and by age group,ok
1866,europa,População residente do sexo masculino: total e por grandes grupos etários (percentagem),Resident male population total and by major age groups (percentage),ok
1607,europa,População residente do sexo masculino: total e por grandes grupos etários,Resident male population total and by major age groups,ok
1275,europa,População residente do sexo masculino: total e por grupo etário,Resident male population total and by age group,ok
3516,europa,População residente em % da população da UE27,Resident population as a percentage of eu27 population,ok
2265,europa,População residente: idade mediana,Resident population median age,ok
2527,europa,População residente que viajou em turismo em % da população residente: total e por destino da viagem,Resident population who travelled for tourism as a percentage of resident population total and by destination of trip,ok
2815,europa,População residente que viajou em turismo em % da população residente: total e por grupo etário,Resident population who travelled for tourism as a percentage of resident population total and by age group,ok
2450,europa,População residente que viajou em turismo: total e por destino da viagem,Resident population who travelled for tourism total and by destination of trip,ok
2449,europa,População residente que viajou em turismo: total e por grupo etário,Resident population who travelled for tourism by age group,ok
2448,europa,População residente que viajou em turismo: total e por sexo,Resident population who travelled for tourism by sex,ok
1416,europa,População residente servida por sistemas de tratamento de águas residuais urbanas (%),Resident population connected to urban wastewater treatment (percentage),ok
3807,europa,"População residente: total, nacionais e estrangeiros",Resident population total nationals and foreigners,ok
1865,europa,População residente: total e por grandes grupos etários (percentagem),Resident population total and by major age groups (percentage),ok
1606,europa,População residente: total e por grandes grupos etários,Resident population total and by major age groups,ok
1274,europa,População residente: total e por grupo etário,Resident population total and by age group,ok
1571,europa,População residente: total e por sexo,Resident population total and by sex,ok
1951,europa,População residente,Resident population,ok
1526,europa,População sem capacidade de aquisição de alguns equipamentos domésticos (%),Population unable to afford certain domestic facilities (percentage),ok
2125,europa,População sem capacidade para assegurar o pagamento de despesas inesperadas: total e por grupos de rendimento (%),Population unable to face unexpected financial expenses total and by income groups (percentage),ok
2126,europa,"População sem capacidade para assegurar uma refeição de carne, peixe ou equivalente vegetariano de 2 em 2 dias: total e por grupos de rendimento (%)",Population unable to afford a meal with meat chicken fish (or vegetarian equivalent) every second day total and by income groups (percentage),ok
3236,europa,População sem o ensino secundário (ISCED 0-2) em % da população entre os 25 e os 64 anos: total e por grupo etário,Population having less than upper secondary education (isced 0 2) as a percentage of the population aged 25 to 64 total and by age group,ok
3491,europa,População sem o ensino secundário (ISCED 0-2) em % da população entre os 25 e os 64 anos: total e por sexo,Population having less than upper secondary education (isced 0 2) as a percentage of the population aged 25 to 64 total and by sex,ok
3540,europa,População servida pelo menos por sistemas de tratamento secundário de águas residuais (%),Population connected to at least secondary waste water treatment (percentage),ok
2672,europa,Posição de investimento internacional: ativos e passivos financeiros face ao estrangeiro (Euro),International investment position financial assets and liabilities abroad (euro),ok
2674,europa,Posição de investimento internacional em % do PIB,International investment position as a percentage of gdp,ok
1406,europa,"Precipitação: chuva, granizo e neve",Precipitation,ok
1479,europa,Preços da eletricidade para utilizadores domésticos e industriais (PPC),Electricity prices for households and industrial users (pps),ok
1477,europa,Preços da eletricidade para utilizadores domésticos e industriais,Electricity prices for households and industrial users,ok
1480,europa,Preços do gás natural para utilizadores domésticos e industriais (PPC),Natural gas prices for households and industrial users (pps),ok
1478,europa,Preços do gás natural para utilizadores domésticos e industriais,Natural gas prices for households and industrial users,ok
3552,europa,Prevalência do tabagismo: total e por sexo,Smoking prevalence by sex,ok
3311,europa,Prisões: lotação oficial e reclusos,Official prison capacity and number of persons held,ok
3333,europa,"Processos cíveis e/ou comerciais nos tribunais de 1ª instância: entrados, findos e pendentes",Civil and or commercial cases in first instance courts initiated resolved proceedings and proceedings pending,ok
3305,europa,"Processos criminais nos Tribunais de 1ª instância: entrados, findos e pendentes",Criminal cases in first instance courts initiated resolved proceedings and proceedings pending,ok
3494,europa,Produção bruta de eletricidade: total e por alguns tipos de fonte energética,Gross electricity generation total and by some types of energy source,ok
3698,europa,Produção das principais culturas agrícolas,Main crop production,ok
3423,europa,Produção de resíduos municipais,Municipal waste generation,ok
3613,europa,Produção de resíduos (excluindo os principais resíduos minerais) por perigosidade per capita,Generation of waste by hazardousness per capita,ok
1382,europa,"Produção de resíduos: total, da atividade económica e dos agregados domésticos",Waste generation total of economic activity and households,ok
1735,europa,Produção nacional de energia em % da produção total de energia da UE27: por tipo de produto energético,National production of energy as a percentage of the total of energy production of the eu27 by type of energy product,ok
1367,europa,Produção primária de energia: total e por alguns tipos de produto energético,Primary production of energy total and by some types of energy products,ok
1369,europa,Produção primária de energias renováveis: total e por tipo de energia renovável,Primary production from renewable energy by type of renewable energy,ok
3599,europa,Produtividade da energia,Energy productivity,ok
3678,europa,Produtividade das principais culturas agrícolas,Main crops yield,ok
1992,europa,"Produtividade do trabalho, por hora de trabalho (UE27=100)",Labour productivity per hour worked (eu27 100),ok
3019,europa,Produtividade do trabalho por hora trabalhada (Euro),Labour productivity per hour (euro),ok
1786,europa,Produto Interno Bruto (Euro),Gross domestic product (euro),ok
1271,europa,Profissionais de saúde: dentistas,Healthcare personnel dentists,ok
1699,europa,Profissionais de saúde: enfermeiros e pessoal auxiliar de cuidados de saúde por 100 mil habitantes,Nursing and caring professionals per 100 thousand inhabitants,ok
3583,europa,Proporção de rendimento dos 40% mais pobres da população,Income share of the bottom 40percentage of the population,ok
2437,europa,Quartos em estabelecimentos hoteleiros e similares,Bedrooms in hotels and similar establishments,ok
2664,europa,Quota de mercado das exportações mundiais,World export market shares,ok
1365,europa,Quota de mercado do maior produtor de eletricidade em % da produção total,Market share of the largest generator in the electricity market as a percentage of the total generation,ok
1376,europa,Receitas da proteção social em % do PIB,Social protection revenue as a percentage of gdp,ok
1576,europa,Receitas da proteção social por habitante (Euro),Social protection revenue per inhabitant (euro),ok
1392,europa,Receitas da proteção social: total e por setor de origem (Euro),Social protection revenue total and by sector of origin (euro),ok
1383,europa,"Receitas da proteção social: total e por setor de origem, a preços constantes (base=2010)",Social protection revenue total and by sector of origin constant prices,ok
1390,europa,"Receitas da proteção social: total e por setor de origem, por habitante (PPC)",Social protection revenue total and by sector of origin per inhabitant (pps),ok
1357,europa,Receitas da proteção social: total e por tipo (Euro),Social protection revenue total and by type (euro),ok
1368,europa,"Receitas da proteção social: total e por tipo, a preços constantes (base=2010)",Social protection revenue total and by type constant prices,ok
1370,europa,"Receitas da proteção social: total e por tipo, por habitante (PPC)",Social protection revenue total and by type per inhabitant (pps),ok
3314,europa,Reclusos: por situação jurídica do processo de julgamento,Prisoners by legal status of the trial process,ok
3313,europa,Reclusos: total e por nacionalidade,Prisoners total and by citizenship,ok
3312,europa,Reclusos: total e por sexo,Prisoners total and by sex,ok
1817,europa,Relação de masculinidade,Sex ratio,ok
2429,europa,"Remessas de emigrantes, imigrantes e saldo (Euro)",Remittances by emigrants immigrants and balance (euro),ok
2430,europa,"Remessas de emigrantes, imigrantes e saldo em % do PIB",Remittances by emigrants immigrants and balance as a percentage of gdp,ok
3525,europa,"Remessas de emigrantes: total, UE e extra-UE (Euro)",Remittances by emigrants total eu and extra eu (euro),ok
3526,europa,"Remessas de imigrantes: total, UE e extra-UE (Euro)",Remittances by immigrants total eu and extra eu (euro),ok
1915,europa,Remuneração dos empregados (Euro),Compensation of employees (euro),ok
1918,europa,Remuneração dos empregados (PPC),Compensation of employees (pps),ok
2687,europa,Rendimento disponível bruto (Euro),Gross disposable income (euro),ok
2966,europa,Rendimento disponível bruto: total e por setor institucional (Euro),Gross disposable income total and by institutional sector (euro),ok
3533,europa,Rendimento dos fatores agrícolas por unidade de trabalho ano (UTA),Agricultural factor income per annual work unit (awu),ok
1720,europa,Rendimento médio equivalente: por nível de escolaridade (Euro),Mean equivalised net income by level of education (euro),ok
1937,europa,Rendimento médio equivalente: por nível de escolaridade (PPC),Mean equivalised net income by level of education (pps),ok
1938,europa,Rendimento médio equivalente: por tipo de agregado doméstico (Euro),Mean equivalised net income by household type (euro),ok
1939,europa,Rendimento médio equivalente: por tipo de agregado doméstico (PPC),Mean equivalised net income by household type (pps),ok
2676,europa,Rendimento nacional bruto (Euro),Gross national income (euro),ok
3428,europa,Resíduos de embalagem reciclados no total de resíduos de embalagem (%),Recycling rate of packaging waste (percentage),ok
1640,europa,Salário mínimo nacional (Euro),National minimum wage monthly figure (euro),ok
1753,europa,Salário mínimo nacional (PPC),National minimum wage monthly figure (pps),ok
3519,europa,"Saldo da balança de bens: total, UE27 e extra-UE27 (Euro)",Balance of goods total eu27 and extra eu27 (euro),ok
3522,europa,"Saldo da balança de serviços: total, UE27 e extra-UE27 (Euro)",Balance of services total eu27 and extra eu27 (euro),ok
3527,europa,"Saldo das remessas de emigrantes e imigrantes: total, UE e extra-UE (Euro)",Balance of remittances by emigrants and immigrants total eu and extra eu (euro),ok
3338,europa,Saldo processual dos Tribunais de 1ª instância: tipo de processos,Balance of proceedings in first instance courts type of cases,ok
1282,europa,"Saldos populacionais anuais: total, natural e migratório",Annual population growth total natural and migratory,ok
3703,europa,Superfície agrícola utilizada na superfície total do país (%),Agricultural area used in the total area of the country (percentage),ok
3644,europa,Superfície agrícola utilizada,Utilised agricultural area,ok
3697,europa,Superfície das principais culturas agrícolas,Main crop area,ok
3717,europa,Superfície de áreas marinhas protegidas (percentagem),Surface of the marine protected areas (percentage),ok
3624,europa,Superfície de áreas marinhas protegidas,Surface of the marine protected areas,ok
3628,europa,Superfície de áreas protegidas terrestres (%),Surface of the terrestrial protected areas (percentage),ok
2489,europa,Evolução da Superfície por Países,Area,ok
1935,europa,Taxa bruta de emigração,Gross emigration rate,ok
1934,europa,Taxa bruta de imigração,Gross immigration rate,ok
1941,europa,Taxa bruta de mortalidade,Crude death rate,ok
1605,europa,Taxa bruta de natalidade,Crude birth rate,ok
1350,europa,Taxa de abandono escolar: total e por sexo,Early leavers from education and training rate total and by sex,ok
3135,europa,"Taxa de atividade, dos 15 aos 64 anos: por nível de escolaridade completo mais elevado",Activity rate aged 15 to 64 by highest level of education completed,ok
3828,europa,Taxa de atividade total e por grupo etario,Activity rate total and by age group,missing_pt
1754,europa,Taxa de atividade: total e por sexo,Activity rate total and by sex,ok
3335,europa,Taxa de congestão dos Tribunais de 1ª instância: tipo de processos (%),Congestion rate in first instance courts type of cases (percentage),ok
1955,europa,"Taxa de crescimento da população residente, natural e migratório",Crude rate of total population change net migration and natural change,ok
1533,europa,Taxa de crescimento do PIB,Real gdp growth rate,ok
1798,europa,"Taxa de desemprego, dos 15 aos 64 anos, por grupo etário",Unemployment rate aged 15 to 64 by age group,ok
1750,europa,"Taxa de desemprego, dos 15 aos 74 anos, por nível de escolaridade ? Homens",Unemployment rate aged 15 to 74 by level of education males,ok
1751,europa,"Taxa de desemprego, dos 15 aos 74 anos, por nível de escolaridade ? Mulheres",Unemployment rate aged 15 to 74 by level of education completed females,ok
2387,europa,"Taxa de desemprego, dos 15 aos 74 anos: total, nacionais e estrangeiros",Unemployment rate aged 15 to 74 total citizens and foreigners,ok
1633,europa,"Taxa de desemprego, dos 15 aos 74 anos: total e por nível de escolaridade",Unemployment rate aged 15 to 74 total and by level of education completed,ok
1775,europa,"Taxa de desemprego, dos 15 aos 74 anos: total e por sexo",Unemployment rate aged 15 to 74 total and by sex,ok
2264,europa,Taxa de desemprego de longa duração: total e por sexo,Long term unemployment rate total and by sex,ok
1565,europa,Taxa de divórcio,Crude divorce rate,ok
3337,europa,Taxa de eficácia dos Tribunais de 1ª instância: tipo de processos (%),Backlog rate in first instance courts type of cases (percentage),ok
1805,europa,"Taxa de emprego, dos 15 aos 64 anos, por grupo etário ? Homens",Employment rate aged 15 to 64 by age group males,ok
1806,europa,"Taxa de emprego, dos 15 aos 64 anos, por grupo etário ? Mulheres",Employment rate aged 15 to 64 by age group females,ok
2520,europa,"Taxa de emprego, dos 15 aos 64 anos, por grupo etário",Employment rate aged 15 to 64 by age group,ok
1804,europa,"Taxa de emprego, dos 15 aos 64 anos, por nível de escolaridade ? Homens",Employment rate aged 15 to 64 by level of education males,ok
1807,europa,"Taxa de emprego, dos 15 aos 64 anos, por nível de escolaridade ? Mulheres",Employment rate aged 15 to 64 by level of education females,ok
2521,europa,"Taxa de emprego, dos 15 aos 64 anos, por nível de escolaridade",Employment rate aged 15 to 64 by level of education,ok
3396,europa,"Taxa de emprego, dos 20 aos 64 anos, por sexo",Employment rate aged 20 to 64 by sex,ok
2386,europa,"Taxa de emprego: total, nacionais e estrangeiros",Employment rate total citizens and foreigners,ok
1758,europa,Taxa de emprego: total e por sexo,Employment rate total and by sex,ok
1610,europa,Taxa de fecundidade geral,General fertility rate,ok
1781,europa,Taxa de inatividade: total e por sexo,Inactivity rate total and by sex,ok
2656,europa,Taxa de Inflação (Taxa de Variação do Índice de Preços no Consumidor): total e por tipo de bens e serviços,Inflation rate (growth rate consumer price index) total and by goods and services type,ok
2336,europa,Taxa de intensidade da pobreza: total e por grupo etário,Relative median at risk of poverty gap total and by age group,ok
2335,europa,Taxa de intensidade da pobreza: total e por sexo,Relative median at risk of poverty gap total and by sex,ok
3187,europa,Taxa de investimento das empresas: por alguns setores de atividade económica,Investment rate of enterprises by some sectors of economic activity,ok
3569,europa,Taxa de jovens não empregados que não estão em educação ou formação: total e por sexo,Young people neither in employment nor in education and training by sex (neet),ok
2983,europa,Taxa de mortalidade das empresas: total e por alguns setores de atividade económica,Death rate of enterprises total and by some sectors of economic activity,ok
3549,europa,Taxa de mortalidade evitável,Standardised avoidable mortality,ok
1589,europa,Taxa de mortalidade infantil,Infant mortality rate,ok
1825,europa,Taxa de mortalidade materna,Maternal mortality rate,ok
2982,europa,Taxa de natalidade das empresas: total e por alguns setores de atividade económica,Birth rate of enterprises total and by some sectors of economic activity,ok
1564,europa,Taxa de nupcialidade,Crude marriage rate,ok
3542,europa,Taxa de obesidade em adultos (+18 anos),Obesity rate by body mass index,ok
2692,europa,Taxa de poupança das famílias,Savings rate of households,ok
3788,europa,Taxa de privação material severa: total e por grupo etário,Severe material and social deprivation rate total and by age group,ok
3789,europa,Taxa de privação material severa: total e por sexo,Severe material and social deprivation rate total and by sex,ok
3531,europa,Taxa de privação material e social severa,Severe material and social deprivation rate,ok
2333,europa,Taxa de privação material severa: total e por grupo etário,Severe material deprivation rate total and by age group (2004 2020),ok
2332,europa,Taxa de privação material severa: total e por sexo,Severe material deprivation rate total and by sex (2004 2020),ok
3750,europa,Taxa de privação severa das condições da habitação,Severe housing deprivation rate,ok
3607,europa,Taxa de reciclagem de resíduos municipais,Recycling rate of municipal waste,ok
3336,europa,Taxa de resolução dos Tribunais de 1ª instância: tipo de processos (%),Clearance rate in first instance courts type of cases (percentage),ok
1940,europa,Taxa de risco de pobreza: antes e após transferências sociais,At risk of poverty rate before and after social transfers,ok
1808,europa,Taxa de risco de pobreza após transferências sociais: agregados domésticos de indivíduos com 65 e mais anos,At risk of poverty rate after social transfers households of individuals aged 65 and over,ok
2169,europa,Taxa de risco de pobreza após transferências sociais: indivíduos com 65 e mais anos,At risk of poverty rate after social transfers individuals aged 65 and over,ok
2170,europa,Taxa de risco de pobreza após transferências sociais: indivíduos com menos de 16 anos,At risk of poverty rate after social transfers individuals aged less than 16,ok
1811,europa,Taxa de risco de pobreza após transferências sociais: população empregada por tipo de agregado doméstico,At risk of poverty rate after social transfers employed population by household type,ok
2417,europa,Taxa de risco de pobreza após transferências sociais: por nível de escolaridade,At risk of poverty rate after social transfers by level of education,ok
1809,europa,Taxa de risco de pobreza após transferências sociais: por tipo de agregado doméstico com crianças dependentes,At risk of poverty rate after social transfers by household type with dependent children,ok
2171,europa,Taxa de risco de pobreza após transferências sociais: total e por sexo,At risk of poverty rate after social transfers total and by sex,ok
3534,europa,Taxa de risco de pobreza da população empregada,In work at risk of poverty rate,ok
3406,europa,Taxa de sobrecarga das despesas em habitação: total e por tipo de ocupação do alojamento,Housing cost overburden rate by tenure status,ok
2984,europa,Taxa de sobrevivência das empresas com 1 ano de vida: total e por alguns setores de atividade económica,Survival rate of enterprises with 1 year of life total and by some sectors of economic activity,ok
3612,europa,Taxa de utilização circular de materiais,Circular material use rate,ok
3589,europa,Taxa padronizada de mortalidade por homicídio,Standardised death rate due to homicide total and by sex,ok
1258,europa,Taxas de mortalidade neonatal e taxa de mortalidade fetal tardia,Neonatal mortality rates and late foetal mortality rate,ok
2680,europa,Taxas de rendibilidade de obrigações do tesouro,Return rate of treasury bonds,ok
2402,europa,Trabalhadores com contrato de trabalho temporário em % do total de empregados: total e por sexo,Temporary employees as a percentage of total employees total and by sex,ok
1620,europa,Trabalhadores com contrato de trabalho temporário: total e por nível de escolaridade completo mais elevado,Temporary employees total and by highest level of education completed,ok
1619,europa,Trabalhadores com contrato de trabalho temporário: total e por sexo,Temporary employees total and by sex,ok
3156,europa,Trabalhadores por conta de outrem ao serviço nas empresas: por alguns setores de atividade económica,Employees working in enterprises by some sectors of economic activity,ok
2466,europa,Trabalhadores por conta de outrem em alojamentos turísticos coletivos,Employees in collective tourist accommodations,ok
2470,europa,Trabalhadores por conta de outrem em % da população empregada em alojamentos turísticos coletivos,Employees as percentage of employment in collective tourist accommodations,ok
1617,europa,Trabalhadores por conta de outrem: total e por nível de escolaridade completo mais elevado,Employees total and by highest level of education completed,ok
2540,europa,Trabalhadores por conta própria como empregadores: total e por nível de escolaridade completo mais elevado,Self employed as employers total and by highest level of education completed,ok
1618,europa,Trabalhadores por conta própria não empregadores: total e por nível de escolaridade completo mais elevado,Self employed without employees total and by highest level of education completed,ok
2541,europa,Trabalhadores por conta própria: total e por nível de escolaridade completo mais elevado,Self employed total and by highest level of education completed,ok
3425,europa,Tratamento de resíduos municipais: total e tipo de tratamento,Municipal waste treatment total and by type of treatment,ok
3743,europa,Utilização e risco de pesticidas químicos,Use and risk of chemical pesticides,ok
3179,europa,Valor acrescentado a custos de fatores das empresas: por alguns setores de atividade económica,Value added at factor costs of enterprises by some sectors of economic activity,ok
3688,europa,Valor acrescentado bruto da agricultura em % do PIB,Gross value added of agriculture in percentage of gdp,ok
3650,europa,Valor acrescentado bruto da agricultura,Gross value added of agriculture,ok
3687,europa,Valor acrescentado bruto da silvicultura em % do PIB,Gross value added of forestry in percentage of gdp,ok
3662,europa,Valor acrescentado bruto da silvicultura por hectare de superfície florestal,Gross value added of forestry by forest area,ok
3664,europa,Valor acrescentado bruto da silvicultura,Gross value added of forestry,ok
3615,europa,Valor acrescentado bruto dos bens e serviços ambientais em % do PIB,Gross value added in environmental goods and services sector in percentage gdp,ok
3270,europa,Valor acrescentado bruto: total e por setor de atividade económica (Euro),Gross value added total and by sector of economic activity (euro),ok
3071,europa,Veículos ferroviários por tipo,Railway vehicles by type,ok
3070,europa,Veículos registados por tipo de veículo,Registered vehicles by type,ok
2451,europa,Viagens turísticas de residentes: total e por destino de viagem,Touristic trips by residents total and by destination of the trip,ok
2452,europa,Viagens turísticas de residentes: total e por duração da estada,Touristic trips by residents total and by length of stay,ok
2458,europa,Viagens turísticas de residentes: total e por principal meio de transporte,Touristic trips by residents total and by main mode of transport,ok
2461,europa,Viagens turísticas de residentes: total e por principal tipo de alojamento,Touristic trips by residents total and by main type of accommodation,ok
3594,europa,Vítimas de tráfico de seres humanos por sexo,Victims of trafficking in human beings by sex,ok
2705,europa,Vítimas em acidentes aéreos,Victims in air accidents,ok
2723,europa,Vítimas em acidentes ferroviários,Victims in railway accidents,ok
3045,europa,Vítimas mortais e feridos em acidentes de viação,Fatalities and injured in road accidents,ok
3588,europa,Vítimas mortais em acidentes de viação por 100 mil residentes,People killed in road accidents,ok
3178,europa,Volume de negócio das empresas: por alguns setores de atividade económica,Turnover of enterprises by some sectors of economic activity,ok
3183,europa,Volume médio de negócio por empresa: por alguns setores de atividade económica,Average turnover per enterprise by some sectors of economic activity,ok
3077,europa,"Voos comerciais de transporte de mercadorias total, voos domésticos e voos internacionais",Commercial goods air flights total domestic flights and international flights,ok
2710,europa,Voos comerciais de transporte de passageiros: chegadas e partidas,Commercial passenger air flights arrivals and departures,ok
2709,europa,"Voos comerciais de transporte de passageiros: total, voos domésticos e voos internacionais",Commercial passenger air flights total domestic flights and international flights,ok
2711,europa,"Voos comerciais internacionais de transporte de passageiros: total, UE27 e extra-UE27",Commercial passenger international air flights total eu27 and extra eu27,ok
522,municipios,Abono de família para crianças e jovens da Segurança Social,Child benefit from social security beneficiaries and descendants or equal status,ok
498,municipios,Acidentes de viação com vítimas por mil habitantes,Road traffic accidents with victims per thousand inhabitants,ok
230,municipios,Acidentes de viação com vítimas,Road traffic accidents with victims,ok
797,municipios,"Agregados domésticos privados com computador, com ligação à Internet e com ligação à Internet através de banda larga (%)",Private households with a computer with internet access and with broadband internet access (percentage),ok
826,municipios,Agregados domésticos privados monoparentais: total e por sexo,Single parent private households total and by sex,ok
825,municipios,Agregados domésticos privados: total e por tipo de composição,Private households total and by household type,ok
827,municipios,Agregados domésticos privados unipessoais: total e de indivíduos com 65 e mais anos,Single person private households total and with a person aged 65 and over,ok
1,municipios,Água captada: total e por origem do caudal,Water abstraction total and by water source,ok
484,municipios,Água distribuída/consumida por habitante,Water supplied consumed per inhabitant,ok
3,municipios,Água distribuída/consumida,Water supplied consumed,ok
92,municipios,Alojamentos familiares clássicos,Conventional dwellings,ok
5,municipios,Alojamentos servidos por sistemas de drenagem de águas residuais (%),Dwellings connected to sewerage systems (percentage),ok
4,municipios,Alojamentos servidos por sistemas públicos de abastecimento de água (%),Dwellings connected to public water supply systems (percentage),ok
746,municipios,Alojamentos turísticos: total e por tipo de alojamento,Tourist accommodations total and by type of accommodations,ok
50,municipios,Altitude máxima por Território,Maximum height,ok
49,municipios,Altitude mínima por Território,Minimum height,ok
169,municipios,"Alunos do sexo feminino matriculados nos ensinos pré-escolar, básico e secundário: total e por nível de ensino",Enrolled female students in pre school primary lower secondary and upper secondary education total and by level of education,ok
168,municipios,"Alunos do sexo masculino matriculados nos ensinos pré-escolar, básico e secundário: total e por nível de ensino",Enrolled male students in pre school primary lower secondary and upper secondary education total and by level of education,ok
174,municipios,Alunos matriculados no ensino básico privado: total e por modalidade de ensino,Students enrolled in private primary and lower secondary education total and by modality of education,ok
173,municipios,Alunos matriculados no ensino básico público: total e por modalidade de ensino,Students enrolled in public primary lower secondary education total and by modality of education,ok
172,municipios,Alunos matriculados no ensino básico: total e por modalidade de ensino,Students enrolled in primary lower secondary education total and by modality of education,ok
344,municipios,Alunos matriculados no ensino básico: total e por subsistema de ensino,Students enrolled in primary and lower secondary education total and by sub system of education,ok
201,municipios,Alunos matriculados no ensino secundário privado: total e por modalidade de ensino,Students enrolled in private upper secondary education total and by modality of education,ok
200,municipios,Alunos matriculados no ensino secundário público: total e por modalidade de ensino,Students enrolled in public upper secondary education total and by modality of education,ok
175,municipios,Alunos matriculados no ensino secundário: total e por modalidade de ensino,Students enrolled in upper secondary education total and by modality of education,ok
345,municipios,Alunos matriculados no ensino secundário: total e por subsistema de ensino,Students enrolled in upper secondary education total and by sub system of education,ok
317,municipios,Alunos matriculados no ensino superior politécnico: total e por sexo,Students enrolled in polytechnic higher education total and by sex,ok
304,municipios,Alunos matriculados no ensino superior privado: total e por tipo de ensino,Students enrolled in private higher education total and by type of education,ok
303,municipios,Alunos matriculados no ensino superior público: total e por tipo de ensino,Students enrolled in public higher education total and by type of education,ok
313,municipios,Alunos matriculados no ensino superior: total e por área de educação e formação,Students enrolled in higher education total and by area of education and training,ok
310,municipios,Alunos matriculados no ensino superior: total e por nível de formação,Students enrolled in higher education total and by level of training,ok
305,municipios,Alunos matriculados no ensino superior: total e por sexo,Students enrolled in higher education total and by sex,ok
301,municipios,Alunos matriculados no ensino superior: total e por subsistema de ensino,Students enrolled in higher education total and by sub system of education,ok
302,municipios,Alunos matriculados no ensino superior: total e por tipo de ensino,Students enrolled in higher education total and by type of education,ok
316,municipios,Alunos matriculados no ensino superior universitário: total e por sexo,Students enrolled in university higher education total and by sex,ok
386,municipios,"Alunos matriculados nos ensinos pré-escolar, básico e secundário em % da população residente: total e por nível de ensino",Enrolled students in pre school primary lower secondary and upper secondary education as a percentage of resident population total and by level of education,ok
203,municipios,"Alunos matriculados nos ensinos pré-escolar, básico e secundário privado: total e por nível de ensino",Enrolled students in private pre school primary lower secondary and upper secondary education total and by level of education,ok
202,municipios,"Alunos matriculados nos ensinos pré-escolar, básico e secundário público: total e por nível de ensino",Enrolled students in public pre school primary lower secondary and upper secondary education total and by level of education,ok
166,municipios,"Alunos matriculados nos ensinos pré-escolar, básico e secundário: total e por nível de ensino",Enrolled students in pre school primary lower secondary and upper secondary education total and by level of education,ok
1015,municipios,Áreas Protegidas e Rede Natura 2000 (percentagem),Protected areas and natura 2000 network (percentage),ok
1014,municipios,Áreas Protegidas e Rede Natura 2000,Protected areas and natura 2000 network,ok
541,municipios,Beneficiários ativos da Segurança Social no total da população residente com 15 e mais anos (%),Social security active beneficiaries in total of resident population aged 15 and over (percentage),ok
507,municipios,Beneficiários ativos da Segurança Social,Active beneficiaries from social security,ok
716,municipios,Beneficiários das prestações de desemprego da Segurança Social no total da população residente com 15 e mais anos (%),Social security unemployment benefits in total of resident population aged 15 and over (percentage),ok
715,municipios,Beneficiários do Rendimento Mínimo Garantido e Rendimento Social de Inserção da Segurança Social no total da população residente com 15 e mais anos (%),Social security beneficiaries of guaranteed minimum income and social integration benefit in total of resident population aged 15 and over (percentage),ok
515,municipios,Beneficiários do Rendimento Mínimo Garantido e Rendimento Social de Inserção da Segurança Social: total e por grupo etário,Social security beneficiaries of guaranteed minimum income and social integration benefit total and by age group,ok
513,municipios,Beneficiários do Rendimento Mínimo Garantido e Rendimento Social de Inserção da Segurança Social: total e por sexo,Social security beneficiaries of guaranteed minimum income and social integration benefit total and by sex,ok
544,municipios,Beneficiários do subsídio de desemprego da Segurança Social no total de beneficiários ativos (%),Social security beneficiaries of unemployment benefit in total of active beneficiaries (percentage),ok
512,municipios,Beneficiários do subsídio de desemprego da Segurança Social: total e por sexo,Social security beneficiaries of unemployment benefit total and by sex,ok
517,municipios,Beneficiários do subsídio por doença da Segurança Social: total e por sexo,Social security beneficiaries of sickness benefit total and by sex,ok
516,municipios,Beneficiários do subsídio social de desemprego da Segurança Social: total e por sexo,Social security beneficiaries of supplementary unemployment benefit total and by sex,ok
493,municipios,Caixa Geral de Aposentações: reformados/aposentados e pensionistas,Public administration retirement fund retirees and pensioners,ok
492,municipios,Caixa Geral de Aposentações: subscritores,Public administration retirement fund subscribers,ok
927,municipios,Caixas Automáticas Multibanco,Atm machines,ok
244,municipios,Camas nos hospitais,Beds in hospitals,ok
747,municipios,Capacidade nos alojamentos turísticos: total e por tipo de alojamento,Lodging capacity in tourist accommodations total and by type of accommodations,ok
535,municipios,Cartórios notariais: principais atos notariais celebrados por escritura pública por tipo de ato,Notary's office main notary deeds entered into by public deed by type of deed,ok
91,municipios,Casamentos dissolvidos por morte,Dissolved marriages by death,ok
93,municipios,Casamentos entre pessoas do sexo oposto: total e por forma de celebração,Marriages between people of the opposite sex total and by type of ceremony,ok
354,municipios,Casamentos não católicos entre pessoas do sexo oposto (%),Non catholic marriages between people of the opposite sex (percentage),ok
95,municipios,Casamentos: total e por nacionalidade dos cônjuges,Marriages total and by spouses nationality,ok
634,municipios,Número de Casamentos por região,Marriages,ok
489,municipios,Centros de saúde: consultas médicas por habitante (1999-2012),Primary health centres medical appointments per inhabitant (1999 2012),ok
236,municipios,Centros de saúde: total e por tipo de serviço (1993-2012),Primary health centres total and by type of service (1993 2012),ok
490,municipios,Centros de saúde: urgências por mil habitantes (1999-2012),Primary health centres emergencies per thousand inhabitants (1999 2012),ok
51,municipios,Evolução do número de Cidades,Cities,ok
11,municipios,Cinema: nº de ecrãs,Cinema screen,ok
423,municipios,Cinema: espectadores por mil habitantes,Cinema audience per thousand inhabitants,ok
16,municipios,Cinema: espectadores,Cinema audiences,ok
30,municipios,Cinema: lotação nas salas de cinema,Cinema capacity,ok
424,municipios,Cinema: número médio de espectadores por sessão,Cinema average audience per screening,ok
32,municipios,Cinema: receitas de bilheteira,Cinema box office revenue,ok
6,municipios,Cinema: recintos por concelho,Cinema facilities,ok
13,municipios,Cinema: número de sessões exibidas,Cinema screenings,ok
1004,municipios,Cirurgias nos hospitais - por dia,Daily surgeries in hospitals,ok
933,municipios,Compras e valores das compras efetuadas em terminais de pagamento automático,Purchases and value of purchases made with automatic payment terminals,ok
409,municipios,Computadores com ligação à Internet em % do total de computadores no ensino básico e secundário privado: total e por nível de ensino,Computers with internet connection as a percentage of total computers in primary lower secondary and upper secondary private education total and by level of education,ok
408,municipios,Computadores com ligação à Internet em % do total de computadores no ensino básico e secundário público: total e por nível de ensino,Computers with internet connection as a percentage of total computers in primary lower secondary and upper secondary public education total and by level of education,ok
389,municipios,Computadores com ligação à Internet em % do total de computadores no ensino básico e secundário: total e por nível de ensino,Computers with internet connection as a percentage of total computers in primary lower secondary and upper secondary education total and by level of education,ok
167,municipios,Computadores com ligação à Internet no ensino básico e secundário privado: total e por nível de ensino,Computers with internet connection in private primary lower secondary and upper secondary education total and by level of education,ok
180,municipios,Computadores com ligação à Internet no ensino básico e secundário público: total e por nível de ensino,Computers with internet connection in public primary lower secondary and upper secondary education total and by level of education,ok
176,municipios,Computadores com ligação à Internet no ensino básico e secundário: total e por nível de ensino,Computers with internet connection in primary lower secondary and upper secondary education total and by level of education,ok
177,municipios,Computadores no ensino básico e secundário privado: total e por nível de ensino,Computers in private primary lower secondary and upper secondary education total and by level of education,ok
178,municipios,Computadores no ensino básico e secundário público: total e por nível de ensino,Computers in public primary lower secondary and upper secondary education total and by level of education,ok
179,municipios,Computadores no ensino básico e secundário: total e por nível de ensino,Computers in primary lower secondary and upper secondary education total and by level of education,ok
991,municipios,Concentração de pessoal ao serviço das quatro maiores empresas não financeiras (%),Concentration of personnel employed of the four non financial enterprises (percentage),ok
924,municipios,Concentração do volume de negócios e do valor acrescentado bruto das quatro maiores empresas não financeiras (%),Concentration of turnover and of gross value added of the four non financial enterprises (percentage),ok
248,municipios,Consultas externas nos hospitais: total e por algumas especialidades médicas,External appointments in hospitals total and by some medical specialities,ok
249,municipios,Consultas médicas nos centros de saúde: total e por algumas especialidades médicas (1999-2012),Medical appointments in primary health centres total and by some medical specialities (1999 2012),ok
18,municipios,Consumidores de energia elétrica: total e por tipo de consumo,Electricity consumers total and by type of consumption,ok
436,municipios,Consumo de energia elétrica por consumidor: total e por tipo de consumo,Electricity consumption by consumer total and by type of consumption,ok
435,municipios,Consumo de energia elétrica por habitante: total e por tipo de consumo,Electricity consumption per inhabitant total and by type of consumption,ok
28,municipios,Consumo de energia elétrica: total e por setor de atividade económica,Electricity consumption total and by sector of economic activity,ok
25,municipios,Consumo de energia elétrica: total e por tipo de consumo,Electricity consumption total and by type of consumption,ok
485,municipios,Consumo de gás natural por habitante,Natural gas consumption per inhabitant,ok
31,municipios,Consumo de gás natural,Natural gas consumption,ok
463,municipios,Contributo dos saldos natural e migratório para a variação populacional anual (%),Contribution of natural and migratory growth to annual population variation (percentage),ok
40,municipios,Corpos de Bombeiros,Fire brigade,ok
385,municipios,"Crédito concedido a clientes por bancos, caixas económicas e caixas de crédito agrícola mútuo: total e por tipo de crédito",Credit granted to customers by banking savings banks and mutual agricultural lending banks total and by type of credit,ok
383,municipios,"Crédito concedido pelos bancos, caixas económicas e caixas de crédito agrícola mútuo: total, a clientes e a não clientes",Credit granted by banking savings banks and mutual agricultural lending banks total to customers and non customers,ok
995,municipios,Crimes registados pelas polícias por mil habitantes,Crimes registered by police per thousand inhabitants,ok
600,municipios,Crimes registados pelas polícias: total e por algumas categorias de crime,Crimes registered by police total and by some categories of crime,ok
599,municipios,Crimes registados pelas polícias: total e por tipo de crime,Crimes registered by police total and by type of crime,ok
920,municipios,Densidade das empresas não financeiras,Non financial enterprises density,ok
452,municipios,Densidade populacional: estatísticas por município,Population density,ok
377,municipios,"Depósitos de clientes nos bancos, caixas económicas e caixas de crédito agrícola mútuo: total e por tipo de cliente",Customer deposits in banking savings banks and mutual agricultural lending banks total and by type of customer,ok
221,municipios,Desempregados inscritos nos centros de emprego e de formação profissional (média anual): total e por grupo etário,Unemployment registered at the public employment office (yearly average) total and by age group,ok
222,municipios,Desempregados inscritos nos centros de emprego e de formação profissional (média anual): total e por por nível de escolaridade completo,Unemployment registered at the public employment office (yearly average) total and by highest level of education completed,ok
227,municipios,Desempregados inscritos nos centros de emprego e de formação profissional (média anual): total e por sexo,Unemployment registered at the public employment office (yearly average) total and by sex,ok
228,municipios,Desempregados inscritos nos centros de emprego e de formação profissional (média anual): total e por tempo de inscrição,Unemployment registered at the public employment office (yearly average) total and by length of registration,ok
229,municipios,Desempregados inscritos nos centros de emprego e de formação profissional (média anual): total e por tipo de desemprego,Unemployment registered at the public employment office (yearly average) total and by unemployment type,ok
231,municipios,Desempregados inscritos nos centros de emprego e de formação profissional à procura de novo emprego (média anual): total e por grandes setores de atividade económica,Unemployment registered at the public employment office seeking a new job (yearly average) total and by large sectors of economic activity,ok
592,municipios,Desempregados inscritos nos centros de emprego e de formação profissional no total da população residente com 15 a 64 anos (%),Unemployment registered at the public employment office in total of resident population aged 15 to 64 (percentage),ok
220,municipios,Desempregados inscritos nos centros de emprego e de formação profissional,Unemployment registered at the public employment office,ok
795,municipios,"Despesa das Câmaras Municipais em cultura e desporto: total, correntes e de capital",Town council expenditure on culture and sports total current and capital,ok
35,municipios,Despesa das Câmaras Municipais em cultura e desporto: total e por domínio cultural (1995-2012),Town council expenditure on culture and sports total and by cultural area (1995 2012),ok
767,municipios,Despesa das Câmaras Municipais em cultura e desporto: total e por domínio cultural (2013-),Town council expenditure on culture and sports total and by cultural area (2013 ),ok
796,municipios,Despesas das Câmaras Municipais em cultura e desporto em % do total de despesas,Town council expenditure on culture and sports as a percentage of total expenditure,ok
799,municipios,Despesas dos Corpos de Bombeiros,Fire brigade expenditure,ok
794,municipios,Despesas dos municípios em ambiente em % do total de despesas,Municipalities environmental expenditure as a percentage of total expenditure,ok
434,municipios,Despesas dos municípios em ambiente per capita: por domínios de gestão e proteção ambiental,Municipalities expenditure on environment per capita by environmental management and protection domains,ok
12,municipios,Despesas dos municípios em ambiente: total e por domínios de gestão e proteção do ambiente,Municipalities environmental expenditure total and by environmental management and protection domains,ok
946,municipios,Despesas em atividades de investigação e desenvolvimento (I&D) em % do PIB: por setor de execução,Expenditure in research and development activities (r d) as a percentage of gdp by sector of performance,ok
876,municipios,Despesas em atividades de investigação e desenvolvimento (I&D): total e por setor de execução,Expenditure in research and development activities (r d) total and by sector of performance,ok
250,municipios,Dias de internamento nos centros de saúde (1993-2012),Hospitalisation days in primary health centres (1993 2012),ok
477,municipios,Diferença entre o salário mínimo nacional e a remuneração base média mensal dos trabalhadores por conta de outrem,Difference between the national minimum salary and average basic monthly remuneration of employees,ok
847,municipios,Dimensão média dos agregados domésticos privados,Average private households size,ok
343,municipios,Diplomados no ensino superior: total e por área de educação e formação,Graduates in higher education total and by area of education and training,ok
342,municipios,Diplomados no ensino superior: total e por nível de formação,Graduates in higher education total and by level of training,ok
339,municipios,Diplomados no ensino superior: total e por sexo,Graduates in higher education total and by sex,ok
341,municipios,Diplomados no ensino superior: total e por subsistema de ensino,Graduates in higher education total and by sub system of education,ok
340,municipios,Diplomados no ensino superior: total e por tipo de ensino,Graduates in higher education total and by type of education,ok
96,municipios,Divórcios entre pessoas do sexo oposto: total e por forma de celebração do casamento,Divorces between people of the opposite sex total and by type of marriage ceremony,ok
97,municipios,Evolução do número de Divórcios,Divorces,ok
326,municipios,Docentes do ensino superior: total e por grupo etário,Teaching staff in higher education total and by age group,ok
320,municipios,Docentes do ensino superior: total e por subsistema de ensino,Teaching staff in higher education total and by sub system of education,ok
324,municipios,Docentes do ensino superior: total e por tipo de ensino,Teaching staff in higher education total and by type of education,ok
210,municipios,"Docentes em exercício nos ensinos pré-escolar, básico e secundário privado: total e por nível de ensino",Teaching staff in pre school primary lower secondary and upper secondary private education total and by level of education,ok
209,municipios,"Docentes em exercício nos ensinos pré-escolar, básico e secundário público: total e por nível de ensino",Teaching staff in pre school primary lower secondary and upper secondary public education total and by level of education,ok
208,municipios,"Docentes em exercício nos ensinos pré-escolar, básico e secundário: total e por nível de ensino",Teaching staff in pre school primary lower secondary and upper secondary education total and by level of education,ok
761,municipios,Dormidas nos alojamentos turísticos por 100 habitantes,Nights spent in tourist accommodations per 100 inhabitants,ok
748,municipios,Dormidas nos alojamentos turísticos: total e por tipo de alojamento,Nights spent in tourist accommodations total and by type of establishment,ok
917,municipios,Duração média semanal do trabalho efetivo dos trabalhadores por conta de outrem: total e por sexo,Average length of working week by employees total and by sex,ok
102,municipios,Edifícios concluídos para habitação familiar: total e por tipo de obra,Buildings completed for family housing total and by type of building work,ok
100,municipios,Edifícios concluídos: total e por tipo de obra,Buildings completed total and by type of building work,ok
88,municipios,Edifícios de habitação familiar clássica,Conventional family housing buildings,ok
107,municipios,Edifícios licenciados para habitação familiar: total e por tipo de obra,Licensed buildings for family housing total and by type of building work,ok
106,municipios,Edifícios licenciados: total e por tipo de obra,Licensed buildings total and by type of building work,ok
622,municipios,"Eleitores nas eleições para a Assembleia da República: total, votantes e abstenção",Registered voters in the elections for the parliament total voters and abstention,ok
633,municipios,"Eleitores nas eleições para a Assembleia Legislativa da Região Autónoma da Madeira: total, votantes e abstenção",Registered voters in the elections for the legislative assembly of the autonomous region of madeira total voters and abstention,ok
645,municipios,"Eleitores nas eleições para a Assembleia Legislativa da Região Autónoma dos Açores: total, votantes e abstenção",Registered voters in the elections for the legislative assembly of the autonomous region of the azores total voters and abstention,ok
619,municipios,"Eleitores nas eleições para a Presidência da República: total, votantes e abstenção",Registered voters in the elections for the presidency of the republic total voters and abstention,ok
631,municipios,"Eleitores nas eleições para as Autarquias Locais: total, votantes e abstenção",Registered voters in the elections for the local authorities total voters and abstention,ok
625,municipios,"Eleitores nas eleições para o Parlamento Europeu: total, votantes e abstenção",Registered voters in the elections for the european parliament total voters and abstention,ok
981,municipios,"Embarcações de pesca: total, com e sem motor",Fishing vessels total with and without motor,ok
990,municipios,Empresas individuais não financeiras: total e por setor de atividade económica,Non financial individual business total and by sector of economic activity,ok
919,municipios,Empresas não financeiras com menos de 10 pessoas ao serviço em % do total de empresas não financeiras,Non financial enterprises with fewer than 10 personnel employed as a percentage of total non financial enterprises,ok
934,municipios,Empresas não financeiras por 100 habitantes,Non financial enterprises per 100 inhabitants,ok
916,municipios,Empresas não financeiras: total e por dimensão,Non financial enterprises total and by size,ok
915,municipios,Empresas não financeiras: total e por escalão de pessoal ao serviço,Non financial enterprises total and by band of personnel employed,ok
911,municipios,Empresas não financeiras: total e por forma jurídica,Non financial enterprises total and by legal form,ok
346,municipios,Empresas não financeiras: total e por setor de atividade económica,Non financial enterprises total and by sector of economic activity,ok
521,municipios,Entidades empregadoras com declaração de remuneração à Segurança Social,Employers with remuneration declaration made to social security,ok
873,municipios,Esperança de vida à nascença: total e por sexo,Life expectancy at birth total and by sex,ok
872,municipios,Esperança de vida aos 65 anos: total e por sexo,Life expectancy at 65 years old total and by sex,ok
52,municipios,Espetáculos ao vivo: bilhetes vendidos,Live show sold tickets,ok
426,municipios,Espetáculos ao vivo: espectadores por mil habitantes,Live shows audience per thousand inhabitants,ok
45,municipios,Espetáculos ao vivo: espectadores,Live shows audiences,ok
427,municipios,Espetáculos ao vivo: número médio de espectadores por sessão,Live shows average audience per performance,ok
37,municipios,Espetáculos ao vivo: receitas de bilheteira,Live shows box office revenue,ok
43,municipios,Espetáculos ao vivo: sessões,Live shows performances,ok
368,municipios,"Estabelecimentos de bancos, caixas económicas e caixas de crédito agrícola mútuo",Banking savings banks and mutual agricultural lending bank establishments,ok
335,municipios,Estabelecimentos de ensino superior: total e por subsistema de ensino,Institutions in higher education total and by sub system of education,ok
336,municipios,Estabelecimentos de ensino superior: total e por tipo de ensino,Institutions in higher education total and by type of education,ok
213,municipios,"Estabelecimentos nos ensinos pré-escolar, básico e secundário: por nível de ensino",Schools in pre school primary lower secondary and upper secondary education by level of education,ok
215,municipios,"Estabelecimentos nos ensinos pré-escolar, básico e secundário privado: por nível de ensino",Schools in pre school primary lower secondary and upper secondary private education by level of education,ok
214,municipios,"Estabelecimentos nos ensinos pré-escolar, básico e secundário público: por nível de ensino",Schools in pre school primary lower secondary and upper secondary public education by level of education,ok
384,municipios,"Estabelecimentos públicos em % do total de estabelecimentos nos ensinos pré-escolar, básico e secundário: por nível de ensino",Public schools as a percentage of total schools in pre school primary lower secondary and upper secondary education by level of education,ok
758,municipios,"Estada média nos alojamentos turísticos: total, residentes em Portugal e residentes no estrangeiro",Average stay in tourist accommodations total residents and non residents,ok
239,municipios,Extensões dos centros de saúde (1993-2011),Branches of primary health centres (1993 2011),ok
252,municipios,Farmácias e postos farmacêuticos móveis,Pharmacies and mobile medicine depots,ok
232,municipios,Feridos e mortos em acidentes de viação,Injuries and deaths in road traffic accidents,ok
94,municipios,Fogos concluídos em construções novas para habitação familiar: total e por tipologia do fogo,Completed dwellings in new constructions for family housing total and by dwelling typology,ok
957,municipios,Formação bruta de capital fixo da agricultura: total e por tipo de produtos,Gross fixed capital formation of agriculture total and by type of products,ok
54,municipios,Freguesias de Portugal,Parishes,ok
60,municipios,Galerias de arte e outros espaços de exposição temporária: exposições,Art galleries and other places for temporary exhibitions exhibitions,ok
58,municipios,Galerias de arte e outros espaços de exposição temporária: número de espaços,Art galleries and other places for temporary exhibitions places,ok
71,municipios,Galerias de arte e outros espaços de exposição temporária: obras expostas,Art galleries and other places for temporary exhibitions works exhibited,ok
288,municipios,Ganho médio mensal dos trabalhadores por conta de outrem: total e por nível de escolaridade,Average monthly earnings of employees total and by level of education,ok
283,municipios,Ganho médio mensal dos trabalhadores por conta de outrem: total e por setor de atividade económica,Average monthly earnings of employees total and by sector of economic activity,ok
282,municipios,Salário médio em Portugal: trabalhadores por conta de outrem,Average monthly earnings of employees total and by sex,ok
888,municipios,Habitantes por bombeiro,Inhabitants per firemen,ok
487,municipios,Habitantes por centro de saúde e extensão (1993-2011),Inhabitants per primary health centre and branch,ok
491,municipios,Habitantes por farmácia e posto farmacêutico móvel,Inhabitants per pharmacy and mobile medicine depot,ok
495,municipios,Habitantes por médico e farmacêutico,Inhabitants per doctor and pharmacist,ok
725,municipios,Habitantes por pessoal ao serviço nos centros de saúde (1999-2012),Inhabitants per personnel employed in primary health centres (1999 2012),ok
757,municipios,Hóspedes nos alojamentos turísticos por 100 habitantes,Guests in tourist accommodations per 100 inhabitants,ok
750,municipios,Hóspedes nos alojamentos turísticos: total e por tipo de alojamento,Guests in tourist accommodations total and by type of establishment,ok
247,municipios,Hospitais: total e por natureza institucional,Hospitals total and by nature of institution,ok
842,municipios,Idade média da mãe ao nascimento de um filho,Mean age of the mother at birth of a child,ok
843,municipios,Idade média da mãe ao nascimento do primeiro filho,Mean age of the mother at birth of first child,ok
41,municipios,Incêndios rurais por Território,Rural fires,ok
461,municipios,Índice de dependência de idosos,Old age dependency ratio,ok
460,municipios,Índice de dependência de jovens,Young age dependency ratio,ok
459,municipios,Índice de dependência total,Total dependency rate,ok
379,municipios,Índice de envelhecimento dos docentes do ensino superior,Ageing index of teaching staff in higher education,ok
337,municipios,"Índice de envelhecimento dos docentes em exercício nos ensinos pré-escolar, básico e secundário: por nível de ensino",Ageing index of teaching staff in pre school primary lower secondary and upper secondary education by level of education,ok
458,municipios,Índice de envelhecimento,Ageing index,ok
791,municipios,Índice de hierarquia de gestão dos resíduos urbanos,Urban waste management hierarchy index,ok
457,municipios,Índice de longevidade,Longevity index,ok
798,municipios,Indivíduos com 16 e mais anos que utilizam computador e Internet em % do total de indivíduos: por sexo,Individuals of 16 or over that use computers and internet as a percentage of total of individuals by sex,ok
641,municipios,Indivíduos com contribuição de serviço doméstico paga à Segurança Social,Individuals with domestic service contribution paid to social security,ok
241,municipios,Internamentos nos centros de saúde (1993-2012),Admissions in primary health centres (1993 2012),ok
245,municipios,Internamentos nos hospitais,Admissions in hospitals,ok
874,municipios,Investigadores (ETI) em atividades de investigação e desenvolvimento (I&D): total e por setor de execução,Researchers (fte) involved in research and development activities (r d) total and by sector of performance,ok
66,municipios,Jornais e outras publicações periódicas: edições,Newspapers and other periodicals editions,ok
64,municipios,Jornais e outras publicações periódicas: títulos publicados,Newspapers and other periodicals titles published,ok
977,municipios,Número de Lagares de azeite,Oil press units,ok
928,municipios,"Levantamentos, pagamentos de serviços e consultas nas caixas automáticas multibanco",Withdrawals payment of services and balance requests from atms machines,ok
240,municipios,Lotação dos centros de saúde (1993-2012),Capacity of primary health centres (1993 2012),ok
441,municipios,Médicos: não especialistas e especialistas por algumas especialidades,Doctors non specialists and specialist by some specialist areas,ok
901,municipios,Mortes de empresas não financeiras: total e por setor de atividade económica,Non financial enterprises' deaths total and by sector of economic activity,ok
497,municipios,Mortos por 100 acidentes de viação com vítimas,Deaths by 100 road traffic accidents with victims,ok
742,municipios,Evolução do número de Museus,Museums number,ok
744,municipios,"Museus: total de visitantes, visitantes escolares e estrangeiros",Museums total visitors school and foreign visitors,ok
936,municipios,N.º médio de pessoas ao serviço nas empresas não financeiras: total e por setor de atividade económica,Average no. of personnel employed by enterprise total and by sector of economic activity,ok
108,municipios,Nados-vivos de mães residentes em Portugal: fora do casamento por coabitação dos pais,Live births of mothers resident in portugal outside marriage by cohabitation of parents,ok
105,municipios,Nados-vivos de mães residentes em Portugal: total e fora do casamento,Live births of mothers resident in portugal total and outside marriage,ok
104,municipios,Nados-vivos de mães residentes em Portugal: total e por grupo etário da mãe,Live births of mothers resident in portugal total and by mother´s age group,ok
718,municipios,Nados-vivos de mães residentes em Portugal: total e por nacionalidade da mãe,Live births of mothers resident in portugal total and by mother's nationality,ok
719,municipios,Nados-vivos de mães residentes em Portugal: total e por nível de escolaridade completo mais elevado da mãe,Live births of mothers resident in portugal total and by mother's highest level of educational qualifications obtained,ok
103,municipios,Nados-vivos de mães residentes em Portugal: total e por sexo,Live births of mothers resident in portugal total and by sex,ok
370,municipios,"Nados-vivos fora do casamento, com coabitação e sem coabitação dos pais (%)",Live births outside of marriage with parents co habiting or not (percentage),ok
904,municipios,"Nascimentos, mortes e sobrevivência a 1 ano de empresas não financeiras",Born dead and surviving of non financial enterprises,ok
899,municipios,Nascimentos de empresas não financeiras: total e por setor de atividade económica,Non financial enterprises' births total and by sector of economic activity,ok
39,municipios,Bombeiros- profissionais e voluntários,Firemen,ok
462,municipios,Número de indivíduos em idade ativa por idoso,Number of people of active age per aged person,ok
511,municipios,Número de sociedades constituídas por número de sociedades dissolvidas: total e por setor de atividade económica principal,Number of corporations constituted by number of corporations dissolved total and by main sector of economic activity,ok
422,municipios,Número médio de alojamentos familiares clássicos por km²,Average number of conventional dwellings per km2,ok
185,municipios,Número médio de alunos por computador com ligação à Internet no ensino básico e secundário privado: total e por nível de ensino,Average number of students by computer with internet connection in private primary lower secondary and upper secondary education total and by level of education,ok
186,municipios,Número médio de alunos por computador com ligação à Internet no ensino básico e secundário público: total e por nível de ensino,Average number of students by computer with internet connection in public primary lower secondary and upper secondary education total and by level of education,ok
189,municipios,Número médio de alunos por computador com ligação à Internet no ensino básico e secundário: total e por nível de ensino,Average number of students by computer with internet connection in primary lower secondary and upper secondary education total and by level of education,ok
190,municipios,Número médio de alunos por computador no ensino básico e secundário privado: total e por nível de ensino,Average number of students by computer in private primary lower secondary and upper secondary education total and by level of education,ok
191,municipios,Número médio de alunos por computador no ensino básico e secundário público: total e por nível de ensino,Average number of students by computer in public primary lower secondary and upper secondary education total and by level of education,ok
192,municipios,Número médio de alunos por computador no ensino básico e secundário: total e por nível de ensino,Average number of students by computer in primary lower secondary and upper secondary education total and by level of education,ok
884,municipios,Número médio de indivíduos por alojamento familiar clássico,Average number of people per conventional dwelling,ok
117,municipios,Óbitos de residentes em Portugal por algumas causas de morte,Deaths of residents in portugal by certain cause,ok
109,municipios,Óbitos de residentes em Portugal: total e no primeiro ano de vida,Deaths of residents in portugal total and in first year of life,ok
112,municipios,Óbitos de residentes em Portugal: total e por grupo etário,Deaths of residents in portugal total and by age group,ok
111,municipios,Óbitos de residentes em Portugal: total e por sexo,Deaths of residents in portugal total and by sex,ok
116,municipios,Óbitos neonatais de mães residentes em Portugal,Neonatal deaths of mothers residents in portugal,ok
114,municipios,Óbitos perinatais de mães residentes em Portugal,Perinatal deaths of mothers residents in portugal,ok
373,municipios,Óbitos por algumas causas de morte (%),Deaths by certain causes (percentage),ok
234,municipios,Ofertas de emprego (média anual) disponíveis nos centros de emprego e formação profissional: total e por grandes setores de atividade económica (2001-2014),Job offers (yearly average) available at the public employment office total and by large sectors of economic activity (2001 2014),ok
811,municipios,Ofertas de emprego (média anual) disponíveis nos centros de emprego e formação profissional: total e por grandes setores de atividade económica,Job offers (yearly average) available at the public employment office total and by large sectors of economic activity,ok
38,municipios,Organizações não Governamentais de Ambiente (ONGA): número,Environmental non governmental organizations (engo) number,ok
256,municipios,Partos nos hospitais,Childbirths in hospitals,ok
985,municipios,Peixe capturado: total e por alguns tipos de peixe,Captured fish total and by some type of fish,ok
547,municipios,Pensões da Segurança Social e Caixa Geral de Aposentações no total da população residente com 15 e mais anos (%),Social security and public administration retirement fund pensions in total of resident population aged 15 and over (percentage),ok
887,municipios,Pensões da Segurança Social por beneficiário,Social security pensions by beneficiary,ok
506,municipios,"Pensões da Segurança Social: total, de sobrevivência, de invalidez e de velhice",Social security pensions total survivors disability old age,ok
549,municipios,"Pensões: total, da Segurança Social e da Caixa Geral de Aposentações",Pensions total social security and public administration retirement fund,ok
233,municipios,Peões atropelados: total e mortos,Pedestrian accidents total and deaths,ok
980,municipios,Pescadores matriculados,Registered fishermen,ok
353,municipios,Pessoal ao serviço nas empresas não financeiras: total e por setor de atividade económica,Personnel employed in non financial enterprises total and by sector of economic activity,ok
443,municipios,Pessoal ao serviço nos centros de saúde: total e por tipo de pessoal ao serviço (1999-2012),Personnel employed in primary health centres total and by type of personnel employed (1999 2012),ok
444,municipios,Pessoal ao serviço nos hospitais: total e por tipo de pessoal ao serviço,Personnel employed in hospitals total and by type of personnel employed,ok
875,municipios,Pessoal total (ETI) em atividades de investigação e desenvolvimento (I&D): total e por setor de execução,Total personnel (fte) involved in research and development activities (r d) total and by sector of performance,ok
877,municipios,Pessoal total e investigadores em atividades de investigação e desenvolvimento (I&D): equivalente a tempo integral por 1000 ativos,Total personnel and researchers involved in research and development activities (r d) full time equivalent per 1 000 active persons,ok
896,municipios,PIB per capita,Gdp per capita,ok
118,municipios,Poder de compra per capita,Purchasing power per capita,ok
855,municipios,População ativa por inativa,Active population per inactive population,ok
854,municipios,População ativa por pensionista de velhice da Segurança Social e reformado/aposentado da Caixa Geral de Aposentações,Active population per social security old age pensioner and public administration retirement fund retiree,ok
807,municipios,População ativa: total e por grupo etário,Labour force total and by age group,ok
808,municipios,População ativa: total e por nível de escolaridade completo,Labour force total and by highest level of education completed,ok
806,municipios,População ativa: total e por sexo,Labour force total and by sex,ok
833,municipios,População desempregada à procura de novo emprego: total e por sexo,Unemployed persons seeking a new job total and by sex,ok
836,municipios,População desempregada: total e há 25 meses ou mais,Unemployment total and for 25 months or more,ok
832,municipios,População desempregada: total e por duração da procura de emprego,Unemployment total and by duration of job seeking,ok
834,municipios,População desempregada: total e por grupo etário,Unemployment total and by age group,ok
835,municipios,População desempregada: total e por nível de escolaridade completo,Unemployment total and by highest level of education completed,ok
809,municipios,População desempregada: total e por sexo,Unemployment total and by sex,ok
814,municipios,População empregada: total e a tempo completo e parcial,Employment total and full and part time,ok
816,municipios,População empregada: total e por grandes setores de atividade económica,Employment total and by large sectors of economic activity,ok
815,municipios,População empregada: total e por grupo etário,Employment total and by age group,ok
820,municipios,População empregada: total e por nível de escolaridade completo,Employment total and by highest level of education completed,ok
812,municipios,População empregada: total e por sexo,Employment total and by sex,ok
817,municipios,População empregada: total e por situação na profissão principal,Employment total and by situation in main occupation,ok
101,municipios,População estrangeira com estatuto legal de residente: total e por algumas nacionalidades,Foreign population with legal resident status total and by certain nationalities,ok
99,municipios,População estrangeira com estatuto legal de residente: total e por sexo,Foreign population with legal resident status total and by sex,ok
821,municipios,População inativa com 16 e mais anos: total e por sexo,Inactive population aged 16 and over total and by sex,ok
839,municipios,População inativa com 16 ou mais anos: total e por condição perante o trabalho,Inactive population aged 16 and over total and by work situation,ok
823,municipios,População inativa: total e por grupo etário,Inactive population total and by age group,ok
136,municipios,"População residente, estimativas a 31 de dezembro: total e por sexo",Resident population estimates at december 31st total and by sex,ok
886,municipios,População residente com idade entre 16 e 89 anos sem o ensino secundário (%),Resident population aged between 16 and 89 without upper secondary education (percentage),ok
802,municipios,População residente com idade entre 16 e 89 anos: total e por nível de escolaridade completo mais elevado,Resident population aged between 16 and 89 total and by highest level of educational qualifications obtained,ok
804,municipios,População residente do sexo feminino com idade entre 16 e 89 anos: total e por nível de escolaridade completo mais elevado,Resident female population aged between 16 and 89 total and by highest level of educational qualifications obtained,ok
466,municipios,População residente do sexo feminino: total e por grandes grupos etários,Resident female population total and by major age groups,ok
453,municipios,População residente do sexo feminino: total e por grupo etário,Resident female population total and by age group,ok
803,municipios,População residente do sexo masculino com idade entre 16 e 89 anos: total e por nível de escolaridade completo mais elevado,Resident male population aged between 16 and 89 total and by highest level of educational qualifications obtained,ok
465,municipios,População residente do sexo masculino: total e por grandes grupos etários,Resident male population total and by major age groups,ok
464,municipios,População residente do sexo masculino: total e por grupo etário,Resident male population total and by age group,ok
891,municipios,População residente que viajou em turismo: total e por condição perante o trabalho (%),Resident population who went on tourism total and by work situation (percentage),ok
890,municipios,População residente que viajou em turismo: total e por grupo etário,Resident population who went on tourism total and by age group,ok
892,municipios,População residente que viajou em turismo: total e por nível de instrução (%),Resident population who went on tourism total and by level of schooling (percentage),ok
889,municipios,População residente que viajou em turismo: total e por sexo,Resident population who went on tourism total and by sex,ok
726,municipios,População residente: total e por grandes grupos etários (percentagem),Resident population total and by major age groups (percentage),ok
390,municipios,População residente: total e por grandes grupos etários,Resident population total and by major age groups,ok
358,municipios,População residente: total e por grupo etário,Resident population total and by age group,ok
357,municipios,População residente: total e por sexo,Resident population total and by sex,ok
359,municipios,População residente: total,Resident population total,ok
182,municipios,Postos telefónicos analógicos principais: total e por tipo,Analogue main lines telephone stations total and by type,ok
412,municipios,Postos telefónicos analógicos residenciais por mil habitantes,Analogue residential telephone stations per thousand inhabitants,ok
972,municipios,Produção das principais culturas agrícolas,Main crops prodution,ok
978,municipios,Produção de azeite,Olive oil production,ok
974,municipios,Produção de azeitona,Olive production,ok
975,municipios,Produção de vinho por cor,Wine production by colour,ok
973,municipios,Produtividade das principais culturas agrícolas,Main crops yield,ok
894,municipios,PIB - Criação de Riqueza,Gross domestic product (gdp),ok
442,municipios,"Profissionais de saúde: médicos, dentistas, enfermeiros e farmacêuticos",Healthcare personnel doctors dentists nurses and pharmacists,ok
763,municipios,Proporção de dormidas nos alojamentos turísticos entre os meses de Julho-Setembro,Proportion of nights spent at tourist accommodations between july september,ok
762,municipios,Proporção de hóspedes estrangeiros nos alojamentos turísticos,Proportion of foreign guests in tourist accommodations,ok
119,municipios,Proporção de poder de compra,Proportion of buying power,ok
769,municipios,Proveitos totais dos alojamentos turísticos: total e por tipo de alojamento,Total incomes of tourist accommodations total and by type of establishment,ok
8,municipios,Qualidade da água para consumo humano,Water quality for human consumption,ok
9,municipios,Qualidade das águas balneares costeiras e de transição/estuarinas (%),Coastal and transition estuary bathing water quality (percentage),ok
10,municipios,Qualidade das águas balneares interiores (%),Bathing water quality in the interior (percentage),ok
770,municipios,Quartos nos alojamentos turísticos: total e por tipo de alojamento,Bedrooms in tourist accommodations total and by type of accommodations,ok
988,municipios,Receitas do peixe vendido em lota: total e por alguns tipos de peixe,Revenue from fish auction sales total and by some type of fish,ok
654,municipios,Recenseados: total e por grupo etário,Registred individuals total and by age group,ok
617,municipios,Recenseados: total e por nacionalidade,Registred individuals total and by citizenship,ok
653,municipios,Recenseados: total e por sexo,Registred individuals total and by sex,ok
56,municipios,Recintos culturais: lotação,Cultural facilities capacity,ok
55,municipios,Recintos culturais: número,Cultural facilities number,ok
449,municipios,Relação de masculinidade,Sex ratio,ok
238,municipios,Remuneração base média mensal dos trabalhadores por conta de outrem: total e por setor de atividade económica,Average monthly basic remuneration of employees total and by sector of economic activity,ok
235,municipios,Remuneração base média mensal dos trabalhadores por conta de outrem: total e por sexo,Average monthly basic remuneration of employees total and by sex,ok
810,municipios,Remunerações dos empregados,Compensation of employees,ok
844,municipios,Rendimento das famílias,Individuals income,ok
959,municipios,Rendimento empresarial líquido da agricultura,Net entrepreneurial income from agriculture,ok
438,municipios,Resíduos urbanos recolhidos por habitante,Urban waste collection per inhabitant,ok
439,municipios,Resíduos urbanos recolhidos seletivamente por habitante,Urban waste selective collection per inhabitant,ok
67,municipios,Resíduos urbanos: total e por tipo de operação de destino,Urban waste total and by type of destination,ok
65,municipios,Resíduos urbanos: total e por tipo de recolha,Urban waste total and by type of collection,ok
649,municipios,Resultados nas eleições para a Assembleia Legislativa da Região Autónoma dos Açores: eleitos por partido político ou coligação,Results in the elections for the legislative assembly of the autonomous region of the azores elected individuals by political party or coalition,ok
650,municipios,"Resultados nas eleições para as Câmaras Municipais: eleitos por partido político, coligação ou grupos de cidadãos",Results in the elections for the city hall elected individuals by political party coalition or citizens group,ok
253,municipios,Salas de operação nos hospitais,Surgery rooms in hospitals,ok
376,municipios,"Saldos populacionais anuais: total, natural e migratório",Annual population growth total natural and migratory,ok
268,municipios,SNS: camas nos hospitais gerais e especializados,Nhs beds in general and specialist hospitals,ok
272,municipios,"SNS: consultas externas nos hospitais, por algumas especialidades médicas",Nhs external appointments in hospitals by some medical specialities,ok
274,municipios,SNS: dias de internamento nos hospitais,Nhs hospitalisation days in hospitals,ok
605,municipios,SNS: habitantes por pessoal ao serviço nos hospitais,Nhs inhabitants per personnel employed in hospitals,ok
267,municipios,SNS: hospitais gerais e especializados,Nhs general and specialist hospitals,ok
270,municipios,SNS: internamentos nos hospitais,Nhs admissions in hospitals,ok
278,municipios,SNS: partos nos hospitais,Nhs childbirths in hospitals,ok
446,municipios,SNS: pessoal ao serviço nos hospitais por tipo de pessoal ao serviço,Nhs personnel employed in hospitals by type of personnel employed,ok
275,municipios,SNS: salas de operação nos hospitais,Nhs surgery rooms in hospitals,ok
271,municipios,SNS: urgências nos hospitais,Nhs emergencies in hospitals,ok
903,municipios,Sobrevivência a 1 ano de empresas não financeiras: total e por setor de atividade económica,Non financial enterprises' survival at 1 year total and by sector of economic activity,ok
356,municipios,Sociedades constituídas por escritura pública: total e por setor de atividade económica principal,Corporations constituted by public deed total and by main sector of economic activity,ok
364,municipios,Sociedades dissolvidas por escritura pública: total e por setor de atividade económica principal,Dissolved corporations by public deed total and by main sector of economic activity,ok
399,municipios,Sociedades não financeiras: total e por setor de atividade económica,Non financial corporations total and by sector of economic activity,ok
524,municipios,Subsídio de bonificação por deficiência da Segurança Social,Disability allowance of social security,ok
523,municipios,Subsídio mensal vitalício da Segurança Social (2001-2017),Lifelong monthly allowance of social security (2001 2017),ok
525,municipios,Subsídio por assistência à 3ª pessoa da Segurança Social,Tertiary care allowance of social security,ok
947,municipios,Superfície ardida (percentagem),Burnt area (percentage),ok
42,municipios,Superfície ardida,Burnt area,ok
976,municipios,Superfície das principais árvores de fruto e oliveiras,Surface area of the main fruit and olive trees,ok
970,municipios,Superfície das principais culturas agrícolas,Main crops area,ok
1011,municipios,Superfície florestal no total da superfície do território (%),Forest area in the total area of the territory (percentage),ok
1007,municipios,Superfície florestal por espécie,Forest area by specie,ok
57,municipios,Superfície por Territórios,Area,ok
367,municipios,Taxa bruta de mortalidade,Crude death rate,ok
366,municipios,Taxa bruta de natalidade,Crude birth rate,ok
801,municipios,Taxa de abandono escolar: total e por sexo,Early leavers from education and training rate total and by sex,ok
630,municipios,Taxa de abstenção nas eleições para a Assembleia da República,Abstention rate in the elections for the parliament,ok
644,municipios,Taxa de abstenção nas eleições para a Assembleia Legislativa da Região Autónoma da Madeira,Abstention rate in the elections for the legislative assembly of the autonomous region of madeira,ok
648,municipios,Taxa de abstenção nas eleições para a Assembleia Legislativa da Região Autónoma dos Açores,Abstention rate in the elections for the legislative assembly of the autonomous region of the azores,ok
629,municipios,Taxa de abstenção nas eleições para a Presidência da República,Abstention rate in the elections for the presidency of the republic,ok
642,municipios,Taxa de abstenção nas eleições para as Autarquias Locais,Abstention rate in the elections for the local authorities,ok
628,municipios,Taxa de abstenção nas eleições para o Parlamento Europeu,Abstention rate in the elections for the european parliament,ok
848,municipios,Taxa de atividade: total e por sexo (%),Activity rate total and by sex (percentage),ok
858,municipios,Taxa de desemprego: total e por sexo (%),Unemployment rate total and by sex (percentage),ok
361,municipios,Taxa de divórcio,Crude divorce rate,ok
861,municipios,Taxa de emprego: total e por sexo (%),Employment rate total and by sex (percentage),ok
856,municipios,Taxa de inatividade: total e por sexo (%),Inactivity rate total and by sex (percentage),ok
846,municipios,Taxa de Inflação (Taxa de Variação do Índice de Preços no Consumidor): total e por consumo individual por objetivo,Inflation rate (growth rate consumer price index) total and individual consumption by purpose,ok
907,municipios,Taxa de mortalidade das empresas não financeiras: total e por setor de atividade económica,Non financial enterprises' death rate total and by sector of economic activity,ok
371,municipios,Taxa de mortalidade infantil,Infant mortality rate,ok
905,municipios,"Taxa de natalidade, mortalidade e sobrevivência das empresas não financeiras",Birth death and survival rates of non financial enterprises,ok
906,municipios,Taxa de natalidade das empresas não financeiras: total e por setor de atividade económica,Non financial enterprises' birth rate total and by sector of economic activity,ok
360,municipios,Taxa de nupcialidade,Crude marriage rate,ok
1003,municipios,Taxa de ocupação nos hospitais,Hospitals bed occupancy rate,ok
996,municipios,Taxa de retenção e desistência no ensino básico: total e por ano de escolaridade,Retention and desistance rate in primary and lower secondary education total and by school years,ok
997,municipios,"Taxa de retenção e desistência no ensino secundário: total, por modalidade de ensino e ano de escolaridade",Retention and desistance rate in upper secondary education total and by school years,ok
938,municipios,Taxa de sobrevivência a 1 ano das empresas não financeiras: por setor de atividade económica,Non financial enterprises' survival rate at 1 year total and by sector of economic activity,ok
1002,municipios,Taxa do Imposto Municipal sobre Imóveis,Municipal property tax,ok
852,municipios,Trabalhadores da Administração Pública Local por mil habitantes,Employees in local government per thousand inhabitants,ok
849,municipios,Trabalhadores da Administração Pública Local: total e por sexo,Employees in local government total and by sex,ok
518,municipios,Trabalhadores por conta de outrem com declaração de remuneração à Segurança Social,Employees with remuneration declaration made to social security,ok
819,municipios,Trabalhadores por conta de outrem: total e por nível de escolaridade completo,Employees total and by highest level of education completed,ok
837,municipios,Trabalhadores por conta própria: total e por nível de escolaridade completo,Self employed persons with or without workers total and by highest level of education completed,ok
958,municipios,Transferências de capital na agricultura,Capital transfers in agriculture,ok
242,municipios,Urgências nos centros de saúde (1999-2012),Emergencies in primary health centres (1999 2012),ok
246,municipios,Urgências nos hospitais,Emergencies in hospitals,ok
1009,municipios,Valor acrescentado bruto da agricultura em % do PIB,Gross value added of agriculture in percentage of gdp,ok
954,municipios,Valor acrescentado bruto da agricultura,Gross value added of agriculture,ok
588,municipios,Valor acrescentado bruto das empresas não financeiras: total e por setor de atividade económica,Gross value added of non financial enterprises total and by sector of economic activity,ok
956,municipios,Valor da produção agrícola: total e por tipo,Value of the agricultural production total and by type,ok
955,municipios,Valor da produção vegetal: total e por tipo de bens,Value of the crop output total and by goods,ok
393,municipios,Valor dos bens importados e exportados pelas empresas,Value of of goods imported and exported by enterprises,ok
1000,municipios,Valor mediano de avaliação bancária por m²: total e por tipo de construção,Median value of bank evaluation per m2 total and by type of construction,ok
929,municipios,Valores processados em levantamentos e pagamentos de serviços nas caixas automáticas multibanco,Amounts of withdrawals and payments of services using atms,ok
34,municipios,Venda de combustíveis para consumo,Fuel sales for consumption,ok
53,municipios,Onde existem mais Vilas?,Small towns,ok
589,municipios,Volume de negócios das empresas não financeiras: total e por setor de atividade económica,Turnover of non financial enterprises total and by sector of economic activity,ok
623,municipios,"Votos nas eleições para a Assembleia da República: total, válidos, brancos e nulos",Votes in the elections for the parliament total valid blank and null,ok
635,municipios,"Votos nas eleições para a Assembleia Legislativa da Região Autónoma da Madeira: total, válidos, brancos e nulos",Votes in the elections for the legislative assembly of the autonomous region of madeira total valid blank and null,ok
646,municipios,"Votos nas eleições para a Assembleia Legislativa da Região Autónoma dos Açores: total, válidos, brancos e nulos",Votes in the elections for the legislative assembly of the autonomous region of the azores total valid blank and null,ok
620,municipios,"Votos nas eleições para a Presidência da República: total, válidos, brancos e nulos",Votes in the elections for the presidency of the republic total valid blank and null,ok
632,municipios,"Votos nas eleições para as Câmaras Municipais: total, válidos, brancos e nulos",Votes in the elections for the city hall total valid blank and null,ok
626,municipios,"Votos nas eleições para o Parlamento Europeu: total, válidos, brancos e nulos",Votes in the elections for the european parliament total valid blank and null,ok
624,municipios,Votos válidos na eleição para a Assembleia Constituinte 1975: total e por partido político ou coligação,Valid votes in the 1975 election for the constituent assembly total and by political party or coalition,ok
668,municipios,Votos válidos na eleição para a Assembleia da República de 1976: total e por partido político ou coligação,Valid votes in the 1976 election for the parliament total and by political party or coalition,ok
669,municipios,Votos válidos na eleição para a Assembleia da República de 1979: total e por partido político ou coligação,Valid votes in the 1979 election for the parliament total and by political party or coalition,ok
670,municipios,Votos válidos na eleição para a Assembleia da República de 1980 total e por partido político ou coligação,Valid votes in the 1980 election for the parliament total and by political party or coalition,ok
671,municipios,Votos válidos na eleição para a Assembleia da República de 1983: total e por partido político ou coligação,Valid votes in the 1983 election for the parliament total and by political party or coalition,ok
672,municipios,Votos válidos na eleição para a Assembleia da República de 1985: total e por partido político ou coligação,Valid votes in the 1985 election for the parliament total and by political party or coalition,ok
673,municipios,Votos válidos na eleição para a Assembleia da República de 1987: total e por partido político ou coligação,Valid votes in the 1987 election for the parliament total and by political party or coalition,ok
674,municipios,Votos válidos na eleição para a Assembleia da República de 1991: total e por partido político ou coligação,Valid votes in the 1991 election for the parliament total and by political party or coalition,ok
675,municipios,Votos válidos na eleição para a Assembleia da República de 1995: total e por partido político ou coligação,Valid votes in the 1995 election for the parliament total and by political party or coalition,ok
676,municipios,Votos válidos na eleição para a Assembleia da República de 1999: total e por partido político ou coligação,Valid votes in the 1999 election for the parliament total and by political party or coalition,ok
677,municipios,Votos válidos na eleição para a Assembleia da República de 2002: total e por partido político ou coligação,Valid votes in the 2002 election for the parliament total and by political party or coalition,ok
678,municipios,Votos válidos na eleição para a Assembleia da República de 2005: total e por partido político ou coligação,Valid votes in the 2005 election for the parliament total and by political party or coalition,ok
679,municipios,Votos válidos na eleição para a Assembleia da República de 2009: total e por partido político ou coligação,Valid votes in the 2009 election for the parliament total and by political party or coalition,ok
680,municipios,Votos válidos na eleição para a Assembleia da República de 2011: total e por partido político ou coligação,Valid votes in the 2011 election for the parliament total and by political party or coalition,ok
775,municipios,Votos válidos na eleição para a Assembleia da República de 2015: total e por partido político ou coligação,Valid votes in the 2015 election for the parliament total and by political party or coalition,ok
994,municipios,Votos válidos na eleição para a Assembleia da República de 2019: total e por partido político ou coligação,Valid votes in the 2019 election for the parliament total and by political party or coalition,ok
1008,municipios,Votos válidos na eleição para a Assembleia da República de 2022: total e por partido político ou coligação,Valid votes in the 2022 election for the parliament total and by political party or coalition,ok
1070,municipios,Votos válidos na eleição para a Assembleia da República de 2024: total e por partido político ou coligação,Valid votes in the 2024 election for the parliament total and by political party or coalition,ok
1074,municipios,Votos válidos na eleição para a Assembleia da República de 2025: total e por partido político ou coligação,Valid votes in the 2025 election for the parliament total and by political party or coalition,ok
643,municipios,Votos válidos na eleição para a Assembleia Legislativa da Região Autónoma da Madeira de 1976: total e por partido político ou coligação,Valid votes in the 1976 election for the legislative assembly of the autonomous region of madeira total and by political party or coalition,ok
691,municipios,Votos válidos na eleição para a Assembleia Legislativa da Região Autónoma da Madeira de 1980: total e por partido político ou coligação,Valid votes in the 1980 election for the legislative assembly of the autonomous region of madeira total and by political party or coalition,ok
692,municipios,Votos válidos na eleição para a Assembleia Legislativa da Região Autónoma da Madeira de 1984: total e por partido político ou coligação,Valid votes in the 1984 election for the legislative assembly of the autonomous region of madeira total and by political party or coalition,ok
694,municipios,Votos válidos na eleição para a Assembleia Legislativa da Região Autónoma da Madeira de 1988: total e por partido político ou coligação,Valid votes in the 1988 election for the legislative assembly of the autonomous region of madeira total and by political party or coalition,ok
695,municipios,Votos válidos na eleição para a Assembleia Legislativa da Região Autónoma da Madeira de 1992: total e por partido político ou coligação,Valid votes in the 1992 election for the legislative assembly of the autonomous region of madeira total and by political party or coalition,ok
696,municipios,Votos válidos na eleição para a Assembleia Legislativa da Região Autónoma da Madeira de 1996: total e por partido político ou coligação,Valid votes in the 1996 election for the legislative assembly of the autonomous region of madeira total and by political party or coalition,ok
697,municipios,Votos válidos na eleição para a Assembleia Legislativa da Região Autónoma da Madeira de 2000: total e por partido político ou coligação,Valid votes in the 2000 election for the legislative assembly of the autonomous region of madeira total and by political party or coalition,ok
698,municipios,Votos válidos na eleição para a Assembleia Legislativa da Região Autónoma da Madeira de 2004: total e por partido político ou coligação,Valid votes in the 2004 election for the legislative assembly of the autonomous region of madeira total and by political party or coalition,ok
700,municipios,Votos válidos na eleição para a Assembleia Legislativa da Região Autónoma da Madeira de 2007: total e por partido político ou coligação,Valid votes in the 2007 election for the legislative assembly of the autonomous region of madeira total and by political party or coalition,ok
699,municipios,Votos válidos na eleição para a Assembleia Legislativa da Região Autónoma da Madeira de 2011: total e por partido político ou coligação,Valid votes in the 2011 election for the legislative assembly of the autonomous region of madeira total and by political party or coalition,ok
773,municipios,Votos válidos na eleição para a Assembleia Legislativa da Região Autónoma da Madeira de 2015: total e por partido político ou coligação,Valid votes in the 2015 election for the legislative assembly of the autonomous region of madeira total and by political party or coalition,ok
993,municipios,Votos válidos na eleição para a Assembleia Legislativa da Região Autónoma da Madeira de 2019: total e por partido político ou coligação,Valid votes in the 2019 election for the legislative assembly of the autonomous region of madeira total and by political party or coalition,ok
1068,municipios,Votos válidos na eleição para a Assembleia Legislativa da Região Autónoma da Madeira de 2023: total e por partido político ou coligação,Valid votes in the 2023 election for the legislative assembly of the autonomous region of madeira total and by political party or coalition,ok
1071,municipios,Votos válidos na eleição para a Assembleia Legislativa da Região Autónoma da Madeira de 2024: total e por partido político ou coligação,Valid votes in the 2024 election for the legislative assembly of the autonomous region of madeira total and by political party or coalition,ok
1075,municipios,Votos validos na eleicao para a assembleia legislativa da regiao autonoma da madeira de 2025 total e por partido politico ou coligacao,Valid votes in the 2025 election for the legislative assembly of the autonomous region of madeira total and by political party or coalition,missing_pt
647,municipios,Votos válidos na eleição para a Assembleia Legislativa da Região Autónoma dos Açores de 1976: total e por partido político ou coligação,Valid votes in the 1976 election for the legislative assembly of the autonomous region of the azores total and by political party or coalition,ok
701,municipios,Votos válidos na eleição para a Assembleia Legislativa da Região Autónoma dos Açores de 1980: total e por partido político ou coligação,Valid votes in the 1980 election for the legislative assembly of the autonomous region of the azores total and by political party or coalition,ok
702,municipios,Votos válidos na eleição para a Assembleia Legislativa da Região Autónoma dos Açores de 1984: total e por partido político ou coligação,Valid votes in the 1984 election for the legislative assembly of the autonomous region of the azores total and by political party or coalition,ok
703,municipios,Votos válidos na eleição para a Assembleia Legislativa da Região Autónoma dos Açores de 1988: total e por partido político ou coligação,Valid votes in the 1988 election for the legislative assembly of the autonomous region of the azores total and by political party or coalition,ok
704,municipios,Votos válidos na eleição para a Assembleia Legislativa da Região Autónoma dos Açores de 1992: total e por partido político ou coligação,Valid votes in the 1992 election for the legislative assembly of the autonomous region of the azores total and by political party or coalition,ok
705,municipios,Votos válidos na eleição para a Assembleia Legislativa da Região Autónoma dos Açores de 1996: total e por partido político ou coligação,Valid votes in the 1996 election for the legislative assembly of the autonomous region of the azores total and by political party or coalition,ok
706,municipios,Votos válidos na eleição para a Assembleia Legislativa da Região Autónoma dos Açores de 2000: total e por partido político ou coligação,Valid votes in the 2000 election for the legislative assembly of the autonomous region of the azores total and by political party or coalition,ok
707,municipios,Votos válidos na eleição para a Assembleia Legislativa da Região Autónoma dos Açores de 2004: total e por partido político ou coligação,Valid votes in the 2004 election for the legislative assembly of the autonomous region of the azores total and by political party or coalition,ok
708,municipios,Votos válidos na eleição para a Assembleia Legislativa da Região Autónoma dos Açores de 2008: total e por partido político ou coligação,Valid votes in the 2008 election for the legislative assembly of the autonomous region of the azores total and by political party or coalition,ok
709,municipios,Votos válidos na eleição para a Assembleia Legislativa da Região Autónoma dos Açores de 2012: total e por partido político ou coligação,Valid votes in the 2012 election for the legislative assembly of the autonomous region of the azores total and by political party or coalition,ok
822,municipios,Votos válidos na eleição para a Assembleia Legislativa da Região Autónoma dos Açores de 2016: total e por partido político ou coligação,Valid votes in the 2016 election for the legislative assembly of the autonomous region of the azores total and by political party or coalition,ok
998,municipios,Votos válidos na eleição para a Assembleia Legislativa da Região Autónoma dos Açores de 2020: total e por partido político ou coligação,Valid votes in the 2020 election for the legislative assembly of the autonomous region of the azores total and by political party or coalition,ok
1069,municipios,Votos válidos na eleição para a Assembleia Legislativa da Região Autónoma dos Açores de 2024: total e por partido político ou coligação,Valid votes in the 2024 election for the legislative assembly of the autonomous region of the azores total and by political party or coalition,ok
621,municipios,Votos válidos na eleição para a Presidência da República de 1976: total e por candidato Presidencial,Valid votes in the 1976 election for the presidency of the republic total and by presidential candidate,ok
660,municipios,Votos válidos na eleição para a Presidência da República de 1980: total e por candidato Presidencial,Valid votes in the 1980 election for the presidency of the republic total and by presidential candidate,ok
1082,municipios,Votos válidos na eleição para a Presidência da República de 1986 (1.ª volta): total e por candidato Presidencial,Valid votes in the first 1986 election for the presidency of the republic total and by presidential candidate,ok
662,municipios,Votos válidos na eleição para a Presidência da República de 1986: total e por candidato Presidencial,Valid votes in the 1986 election for the presidency of the republic total and by presidential candidate,ok
663,municipios,Votos válidos na eleição para a Presidência da República de 1991: total e por candidato Presidencial,Valid votes in the 1991 election for the presidency of the republic total and by presidential candidate,ok
664,municipios,Votos válidos na eleição para a Presidência da República de 1996: total e por candidato Presidencial,Valid votes in the 1996 election for the presidency of the republic total and by presidential candidate,ok
665,municipios,Votos válidos na eleição para a Presidência da República de 2001: total e por candidato Presidencial,Valid votes in the 2001 election for the presidency of the republic total and by presidential candidate,ok
666,municipios,Votos válidos na eleição para a Presidência da República de 2006: total e por candidato Presidencial,Valid votes in the 2006 election for the presidency of the republic total and by presidential candidate,ok
667,municipios,Votos válidos na eleição para a Presidência da República de 2011: total e por candidato Presidencial,Valid votes in the 2011 election for the presidency of the republic total and by presidential candidate,ok
787,municipios,Votos válidos na eleição para a Presidência da República de 2016: total e por candidato Presidencial,Valid votes in the 2016 election for the presidency of the republic total and by presidential candidate,ok
999,municipios,Votos válidos na eleição para a Presidência da República de 2021: total e por candidato Presidencial,Valid votes in the 2021 election for the presidency of the republic total and by presidential candidate,ok
1080,municipios,Votos válidos na eleição para a Presidência da República de 2026 (1.ª volta) : total e por candidato Presidencial,Valid votes in the 2026 election for the presidency of the republic total and by presidential candidate,ok
1081,municipios,Votos válidos na eleição para a Presidência da República de 2026 (2.ª volta) : total e por candidato Presidencial,Valid votes in the 2026 election for the presidency of the republic total and by presidential candidate,ok
627,municipios,Votos válidos na eleição para o Parlamento Europeu de 1987: total e por partido político ou coligação,Valid votes in the 1987 election for the european parliament total and by political party or coalition,ok
710,municipios,Votos válidos na eleição para o Parlamento Europeu de 1989: total e por partido político ou coligação,Valid votes in the 1989 election for the european parliament total and by political party or coalition,ok
711,municipios,Votos válidos na eleição para o Parlamento Europeu de 1994: total e por partido político ou coligação,Valid votes in the 1994 election for the european parliament total and by political party or coalition,ok
712,municipios,Votos válidos na eleição para o Parlamento Europeu de 1999: total e por partido político ou coligação,Valid votes in the 1999 election for the european parliament total and by political party or coalition,ok
713,municipios,Votos válidos na eleição para o Parlamento Europeu de 2004: total e por partido político ou coligação,Valid votes in the 2004 election for the european parliament total and by political party or coalition,ok
714,municipios,Votos válidos na eleição para o Parlamento Europeu de 2009: total e por partido político ou coligação,Valid votes in the 2009 election for the european parliament total and by political party or coalition,ok
740,municipios,Votos válidos na eleição para o Parlamento Europeu de 2014: total e por partido político ou coligação,Valid votes in the 2014 election for the european parliament total and by political party or coalition,ok
992,municipios,Votos válidos na eleição para o Parlamento Europeu de 2019: total e por partido político ou coligação,Valid votes in the 2019 election for the european parliament total and by political party or coalition,ok
1072,municipios,Votos válidos na eleição para o Parlamento Europeu de 2024: total e por partido político ou coligação,Valid votes in the 2024 election for the european parliament total and by political party or coalition,ok
640,municipios,Votos válidos nas eleições para as Câmaras Municipais de 1976: total e por partido político ou coligação,Valid votes in the 1976 elections for the city hall total and by political party or coalition,ok
682,municipios,Votos válidos nas eleições para as Câmaras Municipais de 1979: total e por partido político ou coligação,Valid votes in the 1979 elections for the city hall total and by political party or coalition,ok
683,municipios,Votos válidos nas eleições para as Câmaras Municipais de 1982: total e por partido político ou coligação,Valid votes in the 1982 elections for the city hall total and by political party or coalition,ok
684,municipios,Votos válidos nas eleições para as Câmaras Municipais de 1985: total e por partido político ou coligação,Valid votes in the 1985 elections for the city hall total and by political party or coalition,ok
685,municipios,Votos válidos nas eleições para as Câmaras Municipais de 1989: total e por partido político ou coligação,Valid votes in the 1989 elections for the city hall total and by political party or coalition,ok
686,municipios,Votos válidos nas eleições para as Câmaras Municipais de 1993: total e por partido político ou coligação,Valid votes in the 1993 elections for the city hall total and by political party or coalition,ok
687,municipios,Votos válidos nas eleições para as Câmaras Municipais de 1997: total e por partido político ou coligação,Valid votes in the 1997 elections for the city hall total and by political party or coalition,ok
688,municipios,Votos válidos nas eleições para as Câmaras Municipais de 2001: total e por partido político ou coligação,Valid votes in the 2001 elections for the city hall total and by political party or coalition,ok
689,municipios,"Votos válidos nas eleições para as Câmaras Municipais de 2005: total e por partido político, coligação ou grupos de cidadãos",Valid votes in the 2005 elections for the city hall total and by political party coalition or citizens group,ok
690,municipios,"Votos válidos nas eleições para as Câmaras Municipais de 2009: total e por partido político, coligação e grupos de cidadãos",Valid votes in the 2009 elections for the city hall total and by political party coalition or citizens group,ok
733,municipios,"Votos válidos nas eleições para as Câmaras Municipais de 2013: total e por partido político, coligação ou grupos de cidadãos",Valid votes in the 2013 elections for the city hall total and by political party coalition or citizens group,ok
878,municipios,"Votos válidos nas eleições para as Câmaras Municipais de 2017: total e por partido político, coligação ou grupos de cidadãos",Valid votes in the 2017 elections for the city hall total and by political party coalition or citizens group,ok
1001,municipios,"Votos válidos nas eleições para as Câmaras Municipais de 2021: total e por partido político, coligação ou grupos de cidadãos",Valid votes in the 2021 elections for the city hall total and by political party coalition or citizens group,ok
1088,portugal,"Abastecimento de água: água captada, água tratada e água distribuída/consumida (1991-2006)",Water supply water abstraction water treated and water supplied consumed (1991 2006),ok
3459,portugal,"Abastecimento de água: água captada, água tratada e água distribuída/consumida - Continente",Water supply water abstraction water treated and water supplied consumed mainland,ok
1063,portugal,Abono de família em Portugal: Segurança Social,Child benefit from social security beneficiaries and descendants or equal status,ok
1511,portugal,Estabelecimento de Saúde e abortos em Portugal,Abortions in health establishments,ok
3805,portugal,Dotações e Despesas da ação social direta no ensino superior,Direct social action in higher education allocation and expenditure,ok
3804,portugal,Dotações e Despesas da ação social indirecta no ensino superior público,Indirect social action in public higher education allocation and expenditure by funding source,ok
3806,portugal,Dotações e Despesas da ação social no ensino superior,Social action in higher education allocation and expenditure by funding source,ok
1793,portugal,Acidentes de trabalho mortais: total e por setor de atividade económica,Fatal accidents at work total and by sector of economic activity,ok
616,portugal,Acidentes de trabalho: total e mortais por 100 mil empregados,Accidents at work total and deaths per 100 thousand employees,ok
72,portugal,Dados sobre acidentes de trabalho em Portugal,Accidents at work total and fatal,ok
1785,portugal,Acidentes de trabalho: total e por setor de atividade económica,Accidents at work total and by sector of economic activity,ok
1990,portugal,Acidentes de viação com vítimas por mil habitantes - Continente,Road traffic accidents with victims per thousand inhabitants mainland portugal,ok
3093,portugal,Acidentes de viação com vítimas: total e por tipo de acidente - Continente,Road accidents with victims total and by type of accident mainland,ok
3094,portugal,Acidentes de viação com vítimas: total e por tipo de via - Continente,Road accidents with victims total and by type of road mainland,ok
326,portugal,Dados sobre acidentes de viação em Portugal,Road traffic accidents with victims injuries and deaths mainland portugal,ok
3115,portugal,"Acidentes ferroviários, feridos e mortos - Continente",Railway accidents injured and fatalities mainland,ok
993,portugal,Ações cíveis findas nos Tribunais Judiciais de 1.ª instância: total e por duração,Terminated civil actions in courts of first instance total and by duration,ok
1148,portugal,Ações executivas findas nos Tribunais Judiciais de 1.ª instância: total e por tipo,Terminated enforcement actions in courts of first instance total and by type,ok
2785,portugal,Administrações Públicas: défice/excedente por nível de administração,General government net lending net borrowing by level of administration,ok
2788,portugal,"Administrações Públicas: despesas, receitas e défice/excedente em % do PIB",General government expenditure revenue and net lending net borrowing as percentage of gdp,ok
2784,portugal,"Administrações Públicas: despesas, receitas e défice/excedente",General government expenditure revenue and net lending net borrowing,ok
2786,portugal,Administrações Públicas: dívida bruta em % do PIB,General government gross debt as percentage of gdp,ok
614,portugal,ADSE: despesa por beneficiário,Adse expenditure per beneficiary,ok
613,portugal,ADSE: despesa total,Adse total expenditure,ok
245,portugal,Dados sobre os advogados em Portugal,Lawyers total and by sex,ok
3200,portugal,Aeronaves aterradas nos principais aeroportos em tráfego internacional: total e por continentes de origem,Aircraft landed at major airports in international traffic total and by continents of origin,ok
3199,portugal,"Aeronaves aterradas nos principais aeroportos: total, nacional e internacional",Aircraft landed at major airports total national and international,ok
3194,portugal,Aeroportos e aeródromos,Airports and aerodromes,ok
505,portugal,"Agregados, Rendimento Bruto e IRS liquidado: Modelo 1",Households gross income and income tax paid category 1,ok
506,portugal,"Agregados, Rendimento Bruto e IRS liquidado: Modelo 2",Households gross income and income tax paid category 2,ok
504,portugal,"Agregados, Rendimento Bruto e IRS liquidado: Modelos 1+ 2",Households gross income and income tax paid categories 1 2,ok
821,portugal,"Agregados domésticos privados, por grupo etário do representante da família",Private households by age group of the household's representative,ok
1158,portugal,"Agregados domésticos privados com computador, com ligação à Internet e com ligação à Internet através de banda larga (%)",Private households with a computer with internet access and with broadband internet access (percentage),ok
20,portugal,Agregados domésticos privados monoparentais: total e por sexo,Single parent private households total and by sex,ok
19,portugal,Agregados domésticos privados: total e por tipo de composição,Private households total and by household type,ok
822,portugal,Agregados domésticos privados unipessoais: total e de indivíduos com 65 e mais anos,Single person private households total and with a person aged 65 and over,ok
2271,portugal,Agregados domésticos unipessoais de indivíduos com 65 ou mais anos em % do total de agregados,Single person private households of individuals aged 65 and over as a percentage of total households,ok
80,portugal,Agregados familiares por escalões de rendimento: IRS Modelo 1 (1990-2016),Private households by income band income tax category 1 (1990 2016),ok
79,portugal,Famílias por escalões de rendimento em Portugal,Private households by income band income tax category 1 2,ok
81,portugal,Agregados familiares por escalões de rendimento: IRS Modelo 2 (1990-2016),Private households by income band income tax category 2 (1990 2016),ok
1187,portugal,"Alojamentos servidos por sistemas públicos de abastecimento de água, sistemas de drenagem de águas residuais e estações de tratamento de águas residuais (ETAR) (%)",Dwellings connected to public water supply systems sewerage systems and wastewater treatment plants (wwtp) (percentage),ok
2562,portugal,Alojamentos turísticos: total e por tipo de estabelecimento,Tourist accommodations total and by type of establishment,ok
2495,portugal,Alunos com nota positiva nas provas de exame do ensino básico e secundário (%),Students with positive classification on the exams in lower secondary and upper secondary education (percentage),ok
1051,portugal,Alunos do sexo feminino em % dos matriculados no ensino superior: total e por área de educação e formação,Females as a percentage of students enrolled in higher education total and by area of education and training,ok
1053,portugal,Alunos do sexo feminino em % dos matriculados no ensino superior: total e por subsistema de ensino,Females as a percentage of students enrolled in higher education total and by sub system of education,ok
1052,portugal,Alunos do sexo feminino em % dos matriculados no ensino superior: total e por tipo de ensino,Females as a percentage of students enrolled in higher education total and by type of education,ok
1022,portugal,"Alunos do sexo feminino matriculados no ensino superior: total, por subsistema e tipo de ensino",Female students enrolled in higher education total and by sub system and type of education,ok
1028,portugal,Alunos do sexo feminino matriculados no ensino superior: total e por área de educação e formação,Female students enrolled in higher education total and by area of education and training,ok
1025,portugal,Alunos do sexo feminino matriculados no ensino superior: total e por nível de formação,Female students enrolled in higher education total and by level of training,ok
1021,portugal,"Alunos do sexo masculino matriculados no ensino superior: total, por subsistema e tipo de ensino",Male students enrolled in higher education total and by sub system and type of education,ok
1027,portugal,Alunos do sexo masculino matriculados no ensino superior: total e por área de educação e formação,Male students enrolled in higher education total and by area of education and training,ok
1024,portugal,Alunos do sexo masculino matriculados no ensino superior: total e por nível de formação,Male students enrolled in higher education total and by level of training,ok
1006,portugal,Alunos matriculados em % da população residente: total e por nível de ensino,Enrolled students as percentage of resident population total and by level of education,ok
1041,portugal,Alunos matriculados no ensino básico privado: total e por modalidade de ensino,Students enrolled in private education total and by modality of education,ok
1040,portugal,Alunos matriculados no ensino básico público: total e por modalidade de ensino,Students enrolled in public primary and lower secondary education total and by modality of education,ok
1039,portugal,Dados sobre as matrículas no ensino básico,Students enrolled in primary and lower secondary education total and by modality of education,ok
3501,portugal,Alunos matriculados no ensino pré-escolar: total e por idade,Students enrolled in pre school education total and by age,ok
852,portugal,Alunos matriculados no ensino pré-escolar: total e por sexo,Students enrolled in pre school education total and by sex,ok
853,portugal,Alunos matriculados no ensino pré-escolar: total e por subsistema de ensino,Students enrolled in pre school education total and by sub system of education,ok
3024,portugal,"Alunos matriculados no ensino privado em % do total de alunos matriculados nos ensinos pré-escolar, básico e secundário: total e por nível de ensino",Students enrolled in private education as a percentage of enrolled students in pre school primary lower secondary and upper secondary education total and by level of education,ok
3025,portugal,Alunos matriculados no ensino privado em % do total de alunos matriculados: total e por nível de ensino,Students enrolled in private education as a percentage of enrolled students total and by level of education,ok
1004,portugal,Alunos matriculados no ensino privado em Portugal,Students enrolled in private education total and by level of education,ok
1003,portugal,Alunos matriculados no ensino público em Portugal,Students enrolled in public education total and by level of education,ok
1016,portugal,Alunos matriculados no ensino secundário privado: total e por modalidade de ensino,Students enrolled in private upper secondary education total and by modality of education,ok
1015,portugal,Alunos matriculados no ensino secundário público: total e por modalidade de ensino,Students enrolled in public upper secondary education total and by modality of education,ok
1042,portugal,Alunos matriculados no ensino secundário: total e por modalidade de ensino,Students enrolled in upper secondary education total and by modality of education,ok
1049,portugal,Alunos matriculados no ensino superior: por subsistema de ensino e por sexo,Students enrolled in higher education by sub system of education and sex,ok
1044,portugal,Alunos matriculados no ensino superior: por tipo de ensino e por sexo,Students enrolled in higher education by type of education and by sex,ok
1050,portugal,Alunos matriculados no ensino superior privado por cada 100 alunos matriculados no ensino superior público,Students enrolled in private higher education per 100 students enrolled in public higher education,ok
1019,portugal,"Alunos matriculados no ensino superior: total, por subsistema e por tipo de ensino",Students enrolled in higher education total and by sub system and type of education,ok
1026,portugal,Alunos matriculados no ensino superior: total e por área de educação e formação,Students enrolled in higher education total and by area of education and training,ok
1023,portugal,Alunos matriculados no ensino superior: total e por nível de formação,Students enrolled in higher education total and by level of education,ok
1048,portugal,Alunos matriculados no ensino superior em Portugal,Students enrolled in higher education total and by sex,ok
1017,portugal,Alunos matriculados no ensino superior: total e por subsistema de ensino,Students enrolled in higher education total and by sub system of education,ok
1018,portugal,Alunos matriculados no ensino superior: total e por tipo de ensino,Students enrolled in higher education total and by type of education,ok
1005,portugal,Alunos matriculados: por nível de ensino e sexo,Students enrolled by level of education and sex,ok
1002,portugal,Alunos matriculados: total e por nível de ensino,Enrolled students total and by level of education,ok
2231,portugal,Árbitros e Juízes desportivos federados: total e por algumas federações desportivas,Associated sports referees and judges total and by certain sport federations,ok
1192,portugal,Incêndios rurais em Portugal Continental,Burnt area and rural fires – mainland,ok
3748,portugal,Áreas Protegidas e Rede Natura 2000 (percentagem),Protected areas and natura 2000 network (percentage),ok
3747,portugal,Áreas Protegidas e Rede Natura 2000,Protected areas and natura 2000 network,ok
3470,portugal,Arguidos e condenados em processo-crime,Indicted and convicted persons in criminal proceedings,ok
261,portugal,Arguidos: total e por categoria de crime (1960-1983),Indicted persons total and by category of crime (1960 1983),ok
262,portugal,Arguidos: total e por categoria de crime (1984-),Indicted persons total and by category of crime (1984 ),ok
260,portugal,Arguidos: total e por sexo,Indicted persons total and by sex,ok
1180,portugal,Assinantes / equipamentos de utilizadores do serviço móvel,Subscribers equipments for mobile service users,ok
2093,portugal,Assinantes do acesso à Internet,Internet access subscribers,ok
1092,portugal,Atividades desenvolvidas pelas Organizações não governamentais de Ambiente: total e por domínio ambiental,Activities performed by environmental non governmental organizations (engo) total and by environmental domain,ok
280,portugal,Atos praticados na Conservatória dos Registos Centrais: registos,Deeds undertaken at the office of central registry records,ok
869,portugal,Autoridade de Segurança Alimentar e Económica: processos instaurados,Economic and food safety authority proceedings filed,ok
2595,portugal,Balança comercial em % do PIB,Trade account as a percentage of gdp,ok
2594,portugal,Evolução anual da Balança comercial,Trade account,ok
2355,portugal,Balança corrente em % do PIB,Current account as a percentage of gdp,ok
2816,portugal,Evolução anual da Balança corrente,Current account,ok
2357,portugal,Balança de capital em % do PIB,Capital account as a percentage of gdp,ok
2356,portugal,Evolução anual da Balança de capital,Capital account,ok
2991,portugal,Balança de pagamentos tecnológica: total e por componentes,Technology balance of payments total and by components,ok
2632,portugal,Balança de viagens e turismo em % do PIB,Travel and tourism account as a percentage of gdp,ok
2650,portugal,Balança de viagens e turismo: exportações por alguns países parceiros comerciais,Travel and tourism account exports by some trading partner countries,ok
2651,portugal,Balança de viagens e turismo: importações por alguns países parceiros comerciais,Travel and tourism account imports by some trading partner countries,ok
2652,portugal,Balança de viagens e turismo: saldo por alguns países parceiros comerciais,Travel and tourism account balance by some trading partner countries,ok
2583,portugal,Balança de viagens e turismo,Travel and tourism account,ok
3344,portugal,Balanço do azoto por superfície agrícola utilizada,Balance of nitrogen per utilized agricultural area,ok
3349,portugal,Balanço do fósforo por superfície agrícola utilizada,Balance of phosphorus per utilized agricultural area,ok
717,portugal,Beneficiários ativos da Segurança Social no total da população ativa (%),Social security active beneficiaries in total of active population (percentage),ok
117,portugal,Beneficiários ativos da Segurança Social subsidiados por alguns tipos de funções,Active beneficiaries from social security receiving benefit by benefit type,ok
379,portugal,Beneficiários ativos da Segurança Social,Active beneficiaries from social security,ok
2573,portugal,"Beneficiários ativos por pensão de velhice, invalidez e sobrevivência da Segurança Social",Active beneficiaries per social security survivors disability or old age pension,ok
3782,portugal,Beneficiários da Ação Social Escolar no ensino não superior público ? Continente,School welfare measures beneficiaries in public non higher education – mainland portugal,ok
1176,portugal,Beneficiários da Ação Social Escolar no ensino não superior público por tipo de benefício ? Continente (1981-2019),School welfare measures beneficiaries in public non higher education by benefit type – mainland portugal (1981 2019),ok
612,portugal,Beneficiários da ADSE,Adse beneficiaries,ok
99,portugal,Beneficiários da Segurança Social das funções de sobrevivência e de velhice por tipo de pensão ou subsídio,Social security survivor and old age beneficiaries by type of pension or benefit,ok
385,portugal,Beneficiários da Segurança Social do subsídio por doença: total e por grupo etário,Social security beneficiaries of sickness benefit total and by age group,ok
709,portugal,Beneficiários das prestações de desemprego da Segurança Social no total de desempregados inscritos nos centros de emprego e de formação profissional (%),Social security beneficiaries of unemployment benefits in total of unemployment registered at the public employment offic (percentage),ok
761,portugal,Beneficiários do Rendimento Mínimo Garantido e Rendimento Social de Inserção da Segurança Social: total e por grupo etário,Social security beneficiaries of guaranteed minimum income and social integration benefit total and by age group,ok
760,portugal,Beneficiários do Rendimento Mínimo Garantido e Rendimento Social de Inserção da Segurança Social: total e por sexo,Social security beneficiaries of guaranteed minimum income and social integration benefit total and by sex,ok
109,portugal,Beneficiários do subsídio de desemprego da Segurança Social: total e por grupo etário,Social security beneficiaries of unemployment benefit total and by age group,ok
108,portugal,Beneficiários do subsídio de desemprego da Segurança Social: total e por sexo,Social security beneficiaries of unemployment benefit total and by sex,ok
120,portugal,Beneficiários do subsídio de maternidade e do subsídio parental inicial da Segurança Social: total e por grupo etário,Social security beneficiaries of maternity and initial parental benefits total and by age group,ok
118,portugal,Beneficiários do subsídio por doença da Segurança Social: total e por sexo,Social security beneficiaries of sickness benefit total and by sex,ok
112,portugal,Beneficiários do subsídio social de desemprego da Segurança Social: total e por grupo etário,Social security beneficiaries of supplementary unemployment benefit total and by age group,ok
110,portugal,Beneficiários do subsídio social de desemprego da Segurança Social: total e por sexo,Social security beneficiaries of supplementary unemployment benefit total and by sex,ok
807,portugal,Biblioteca Nacional: despesa,National library expenditure,ok
806,portugal,Biblioteca Nacional: livros e leitores,National library books and library users,ok
401,portugal,"Bibliotecas: número, utilizadores, volumes existentes e consultas (1960-2003)",Libraries number users existing volumes and consultations (1960 2003),ok
589,portugal,Bibliotecas: utilizadores por mil habitantes (1960-2003),Libraries users per thousand inhabitants (1960 2003),ok
351,portugal,Bolsas de doutoramento concedidas/aprovadas e em execução ? FCT,Phds grants awarded approved and being used fct (1994 2017),ok
243,portugal,Bolsas de doutoramento concedidas: total e por área científica ? FCT,Phds grants awarded by scientific area fct (1994 2015),ok
864,portugal,Bolseiros do ensino superior em % de alunos matriculados no ensino superior: total e por subsistema de ensino,Grant students in higher education as a percentage of enrolled students in higher education total and by sub system of education,ok
659,portugal,Bolseiros do ensino superior: total e por subsistema de ensino,Grant students in higher education total and by sub system of education,ok
1085,portugal,Caixa Geral de Aposentações: média de idades dos aposentados/reformados à data da aposentação,Public administration retirement fund average retirement age of retirees,ok
3467,portugal,Caixa Geral de Aposentações: pensões por tipo,Public administration retirement fund pensions by type,ok
2040,portugal,Caixa Geral de Aposentações: receitas e despesas em % do PIB,Public administration retirement fund revenue and expenditure as a percentage of gdp,ok
387,portugal,Caixa Geral de Aposentações: receitas e despesas,Public administration retirement fund revenue and expenditure,ok
3466,portugal,Caixa Geral de Aposentações: utentes,Public administration retirement fund subscribers,ok
1178,portugal,Caixas Automáticas Multibanco por 100 mil habitantes,Atm machines per 100 thousand inhabitants,ok
1177,portugal,Caixas Automáticas Multibanco,Atm machines,ok
2570,portugal,Hóspedes nos parques de campismo: total e por país de residência do hóspede,Campers total and by country of residence,ok
2563,portugal,Capacidade dos alojamentos turisticos: total e por tipo de estabelecimento,Lodging capacity in tourist accommodations total and by type of establishment,ok
279,portugal,Cartórios notariais: principais atos notariais celebrados por escritura pública por tipo de ato,Notary's office main notary deeds entered into by public deed by type of deed,ok
3395,portugal,Casamentos entre pessoas do sexo oposto: total e por estado civil anterior do cônjuge do sexo feminino,Marriages between people of the opposite sex total and by wife´s previous marital status,ok
3394,portugal,Casamentos entre pessoas do sexo oposto: total e por estado civil anterior do cônjuge do sexo masculino,Marriages between people of the opposite sex total and by husband´s previous marital status,ok
1933,portugal,Casamentos entre pessoas do sexo oposto: total e por forma de celebração,Marriages between people of the opposite sex total and by type of ceremony,ok
420,portugal,Casamentos não católicos entre pessoas do sexo oposto (%),Non catholic marriages between people of the opposite sex (percentage),ok
16,portugal,Dados sobre os casamentos em Portugal,Marriages,ok
325,portugal,Dados sobre casos de SIDA em Portugal,Aids diagnosed cases,ok
1147,portugal,"Centros de Arbitragem: processos entrados, findos e pendentes",Arbitration centres initiated terminated proceedings and proceedings pending,ok
584,portugal,Dados sobre os centros de saúde em Portugal,Primary health centres number branches and beds (1961 2012),ok
1985,portugal,Cesarianas nos hospitais (%),Caesarean births in hospitals (percentage),ok
862,portugal,Cinema: ecrãs por 100 mil habitantes,Cinema screens per 100 thousand inhabitants,ok
593,portugal,Cinema: espectadores por mil habitantes,Cinema audience per thousand inhabitants,ok
321,portugal,Cinema: exibições/sessões: total e por país de origem dos filmes,Screenings total and by film's country of origin,ok
594,portugal,Cinema: número médio de espectadores por sessão,Cinema average audience per screening,ok
399,portugal,Cinema: receitas de bilheteira,Cinema box office revenue,ok
184,portugal,"Cinema: recintos, ecrãs, sessões e espectadores",Cinema facilities screens screenings and audiences,ok
3088,portugal,Circulação do transporte metropolitano - Continente,Underground circulation mainland,ok
3667,portugal,Volume de cirurgias em Portugal por dia,Daily surgeries in hospitals,ok
2238,portugal,Dados sobre os clubes desportivos em Portugal,Clubs total and by certain sport federations,ok
2568,portugal,Colónias de férias: número e capacidade de alojamento,Holiday camps number and lodging capacity,ok
2233,portugal,Comparticipação financeira: total e a algumas federações desportivas,Funding total and by certain sport federations,ok
2948,portugal,Compras efetuadas em terminais de pagamento automático: número e montantes,Purchases made with automatic payment terminals number and amounts,ok
1198,portugal,Computadores com ligação à Internet em % do total de computadores no ensino básico e secundário: por subsistema e nível de ensino ? Continente,Computers with internet connection as a percentage of total computers in primary lower secondary and upper secondary education by sub system and level of education – mainland,ok
1197,portugal,Computadores com ligação à Internet em % do total de computadores no ensino básico e secundário: total e por nível de ensino ? Continente,Computers with internet connection as a percentage of total computers in primary lower secondary and upper secondary education total and by level of education – mainland,ok
1120,portugal,Computadores com ligação à Internet no ensino básico e secundário privado: total e por nível de ensino ? Continente,Computers with internet connection in private primary lower secondary and upper secondary education total and by level of education – mainland,ok
1119,portugal,Computadores com ligação à Internet no ensino básico e secundário público: total e por nível de ensino ? Continente,Computers with internet connection in public primary lower secondary and upper secondary education total and by level of education – mainland,ok
1113,portugal,Computadores com ligação à Internet no ensino básico e secundário: total e por nível de ensino ? Continente,Computers with internet connection in primary lower secondary and upper secondary education total and by level of education – mainland,ok
1115,portugal,Computadores no ensino básico e secundário privado: total e por nível de ensino ? Continente,Computers in private primary lower secondary and upper secondary education total and by level of education – mainland,ok
1114,portugal,Computadores no ensino básico e secundário público: total e por nível de ensino ? Continente,Computers in public primary lower secondary and upper secondary education total and by level of education – mainland,ok
1112,portugal,Computadores no ensino básico e secundário: total e por nível de ensino ? Continente,Computers in primary lower secondary and upper secondary education total and by level of education – mainland,ok
3469,portugal,Condenados no total de arguidos (%): total e por sexo,Convicted persons in total of indicted persons(percentage) total and by sex,ok
634,portugal,Condenados por mil habitantes,Convicted persons per thousand inhabitants,ok
267,portugal,Condenados: total e por categoria de crime (1960-1983),Convicted persons total and by category of crime (1960 1983),ok
263,portugal,Condenados: total e por grupo etário,Convicted persons total and by age group,ok
266,portugal,Condenados: total e por sexo,Convicted persons total and by sex,ok
268,portugal,Condenados: total e por tipo de crime (1984-),Convicted persons total and by type of crime (1984 ),ok
1123,portugal,Consumidores de eletricidade: total e por tipo de consumo,Electricity consumers total and by type of consumption,ok
2825,portugal,"Consumo das famílias no território económico: total, duradouro e não duradouro",Consumption by households in the economic territory total durable and non durable,ok
1226,portugal,Consumo de água distribuída pela rede pública per capita (1991-2009),Consumption of water distributed by public water supply per capita (1991 2009),ok
1230,portugal,Consumo de energia elétrica per capita: total e por tipo de consumo,Electricity consumption per capita total and by type of consumption,ok
1231,portugal,Consumo de energia elétrica por consumidor: total e por tipo de consumo,Electricity consumption by consumer total and by type of consumption,ok
3341,portugal,Consumo de energia elétrica por superfície agrícola utilizada,Consumption of electrical energy per utilized agricultural area,ok
1125,portugal,Consumo de energia elétrica: total e por setor de atividade económica,Electricity consumption total and by sector of economic activity,ok
1124,portugal,Consumo de energia elétrica: total e por tipo de consumo,Electricity consumption total and by type of consumption,ok
1130,portugal,Consumo de energia primária em Portugal,Primary energy consumption total and by type of energy source,ok
1194,portugal,Consumo energético das famílias: total e por alguns produtos energéticos,Energy consumption of families total and by certain energy products,ok
1191,portugal,Consumo energético: total e por alguns produtos energéticos,Energy consumption total and by certain energy products,ok
2416,portugal,Consumo final das famílias no território económico: total e por tipo de bens e serviços,Household final consumption in economic territory total and by goods and services type,ok
2937,portugal,Consumo Privado em % do PIB,Private consumption as percentage of gdp,ok
2821,portugal,Consumo Privado,Private consumption,ok
2823,portugal,Consumo Público em % do PIB,Public consumption as percentage of gdp,ok
2820,portugal,Consumo Público,Public consumption,ok
765,portugal,Contribuições no total das receitas da Segurança Social (%),Contributions in total of social security revenue (percentage),ok
762,portugal,Contributo dos saldos natural e migratório para a variação populacional anual (%),Contribution of natural and migratory growth to annual population variation (percentage),ok
1107,portugal,Corpos de Bombeiros - unidades nacionais,Fire brigade,ok
2954,portugal,Crédito malparado: empresas devedoras e montantes (%),Non performing loans enterprises debtors and amounts (percentage),ok
2952,portugal,Dados sobre o crédito malparado em Portugal,Non performing loans individual debtors and amounts (percentage),ok
1174,portugal,Crimes registados na Autoridade de Segurança Alimentar e Económica,Crimes registered at the economic and food safety authority,ok
257,portugal,Crimes registados na Guarda Nacional Republicana e Brigada de Trânsito da Guarda Nacional Republicana: total e por tipo,Crimes registered with the republican national guard and the transit division of the republican national guard total and by type,ok
258,portugal,Crimes registados na Polícia de Segurança Pública: total e por tipo,Crimes registered with the public security police total and by type,ok
256,portugal,Crimes registados na Polícia Judiciária: total e por tipo,Crimes registered with the criminal investigation department total and by type,ok
3716,portugal,Crimes registados pelas polícias: total e por tipo de crime,Crimes registered by the police total and by type,ok
789,portugal,Declarações de IRC com valor líquido negativo em % do total de declarações sem valor nulo: total e por setor de atividade económica,Corporate tax declarations with negative balances as a percentage of total of non null balance declarations total and by sector of economic activity,ok
700,portugal,Declarações de IRC com valor líquido positivo em % do total de declarações sem valor nulo: total e por setor de atividade económica,Corporate tax declarations with positive balances as a percentage of total of non null balance declarations total and by sector of economic activity,ok
314,portugal,Declarações de IRC com valores líquidos negativos: total e por setor de atividade económica,Corporate tax declarations with negative balances total and by sector of economic activity,ok
313,portugal,Declarações de IRC com valores líquidos positivos: total e por setor de atividade económica,Corporate tax declarations with positive balances total and by sector of economic activity,ok
502,portugal,Deflatores (base=2016),Deflators,ok
60,portugal,Desempregados inscritos nos centros de emprego e de formação profissional (média anual): total e por grupo etário ? Continente,Unemployment registered at the public employment office (yearly average) total and by age group mainland portugal,ok
61,portugal,Desempregados inscritos nos centros de emprego e de formação profissional (média anual): total e por nível de escolaridade completo ? Continente,Unemployment registered at the public employment office (yearly average) total and by highest level of education completed mainland portugal,ok
58,portugal,Desempregados inscritos nos centros de emprego e de formação profissional (média anual): total e por sexo,Unemployment registered at the public employment office (yearly average) total and by sex,ok
59,portugal,Desempregados inscritos nos centros de emprego e de formação profissional (média anual): total e por tempo de inscrição,Unemployment registered at the public employment office (yearly average) total and by length of registration,ok
57,portugal,Desempregados inscritos nos centros de emprego e de formação profissional (média anual): total e por tipo de desemprego,Unemployment registered at the public employment office (yearly average) total and by unemployment type,ok
320,portugal,Desempregados inscritos nos centros de emprego e de formação profissional à procura de novo emprego (média anual): total e por grandes setores de atividade económica ? Continente,Unemployment registered at the public employment office seeking a new job (yearly average) total and by large sectors of economic activity – mainland portugal,ok
56,portugal,Desemprego em Portugal: inscritos nos centros de emprego,Unemployment registered at the public employment office,ok
1205,portugal,"Design: concessões da Via Nacional a residentes em Portugal, total e por tipo de requerente",Design concessions made via the portuguese process to residents in portugal total and by type of applicant,ok
1211,portugal,"Design: pedidos, concessões e objetos da Via Nacional",Design applications concessions and objects made via the portuguese process,ok
2168,portugal,Desigualdade na distribuição do rendimento (S80/S20),Inequality of income distribution (s80 s20),ok
1110,portugal,Despesa consolidada das Administrações Públicas: total e por domínios de gestão e proteção do ambiente,Consolidated expenditure of public administration total and by environmental management and protection domains,ok
610,portugal,Despesa corrente em cuidados de saúde em % do PIB,Current expenditure on healthcare as a percentage of gdp,ok
609,portugal,Despesa corrente em cuidados de saúde per capita,Current expenditure on healthcare per capita,ok
2959,portugal,Despesa corrente em cuidados de saúde: total e por tipo de agente financiador,Current expenditure on healthcare total and by type of funding agent,ok
2958,portugal,Despesa corrente em cuidados de saúde: total e por tipo de prestador,Current expenditure on healthcare total and by type of provider,ok
3010,portugal,Despesa corrente em cuidados de saúde,Current expenditure on healthcare,ok
116,portugal,Despesa da Segurança Social com subsídios de maternidade ou doença,Social security expenditure on maternal and illness benefits,ok
705,portugal,Despesa da Segurança Social em % do PIB,Social security expenditure as percentage of gdp,ok
121,portugal,"Despesa da Segurança Social: subsídios à infância e à família, por tipo",Social security expenditure child and family benefits by type,ok
100,portugal,Despesa da Segurança Social: total e por tipo,Social security expenditure total and by type,ok
187,portugal,Despesa das Câmaras Municipais em cultura e desporto: total e por domínio cultural (1987-2012),Town council expenditure on culture and sports total and by cultural area (1987 2012),ok
2755,portugal,Despesa das Câmaras Municipais em cultura e desporto: total e por domínio cultural (2013-),Town council expenditure on culture and sports total and by cultural area (2013 ),ok
708,portugal,"Despesa média da Segurança Social com as prestações de desemprego por beneficiário: total, subsídio de desemprego e subsídio social de desemprego",Social security average expenditure on unemployment benefits per beneficiary total unemployment benefit and supplementary unemployment benefit,ok
2626,portugal,"Despesa média diária por turista: total, por motivo principal e por destino da viagem",Average daily expenditure per tourist total by main purpose and by destination of the trip,ok
2625,portugal,"Despesa média por viagem: total, por motivo principal e por destino da viagem",Average expenditure per trip total by main purpose and by destination of the trip,ok
660,portugal,Despesas com bolsas de ação social do ensino superior: total e por subsistema de ensino,Expenditure on social work grants in higher education total and by sub system of education,ok
1078,portugal,Despesas da Ação Social Escolar no ensino não superior: total e por subsistema de ensino ? Continente,School welfare measures expenditure in non higher education total and by sub system of education – mainland portugal,ok
1076,portugal,Despesas da Ação Social Escolar no ensino não superior: total e por tipo de benefício ? Continente (1993 - 2019),School welfare measures expenditure in non higher education total and by benefit type mainland portugal (1993 2019),ok
867,portugal,Despesas das Administrações Públicas em educação em % do PIB,General government expenditure on education as percentage of gdp,ok
866,portugal,Despesas das Administrações Públicas em educação,General government expenditure on education,ok
2793,portugal,"Despesas das Administrações Públicas em % do PIB: total, correntes e de capital",General government expenditure as percentage of gdp total current and capital,ok
855,portugal,Despesas das Administrações Públicas em saúde em % do PIB,General government expenditure on health as percentage of gdp,ok
856,portugal,Despesas das Administrações Públicas em saúde per capita,General government expenditure on health per capita,ok
854,portugal,Despesas das Administrações Públicas em saúde,General government expenditure on health,ok
2790,portugal,"Despesas das Administrações Públicas: total, correntes e de capital",General government expenditure total current and capital,ok
2791,portugal,Despesas das Administrações Públicas: total e por classificação económica,General government expenditure total and by economic classification,ok
3699,portugal,Despesas das Administrações Públicas: total e por funções,General government expenditure total and by functions,ok
1132,portugal,Despesas dos Corpos de Bombeiros,Fire brigade expenditure,ok
1225,portugal,Despesas dos municípios em ambiente per capita: por domínios de gestão e proteção ambiental,Municipalities expenditure on environment per capita by environmental management and protection domains,ok
1108,portugal,Despesas dos municípios: total e por domínios de gestão e proteção do ambiente,Municipalities expenditure total and by environmental management and protection domains,ok
1133,portugal,Despesas em atividades de investigação e desenvolvimento (I&D) em % do PIB: por setor de execução,Expenditure in research and development activities (r d) as a percentage of gdp by sector of performance,ok
779,portugal,Despesas em atividades de investigação e desenvolvimento (I&D) em % do PIB,Expenditure in research and development activities (r d) as a percentage of gdp,ok
774,portugal,Despesas em atividades de investigação e desenvolvimento (I&D): total e do setor empresas,Expenditure in research and development activities (r d) total and of enterprises sector,ok
1106,portugal,Despesas em atividades de investigação e desenvolvimento (I&D): total e por setor de execução,Expenditure in research and development activities (r d) total and by sector of performance,ok
768,portugal,Despesas médias de consumo final das famílias: total e por tipo de bens e serviços,Average final consumption expenditure by families total and by goods and services type,ok
3676,portugal,Dias de internamento nos hospitais,Hospitalisation days in hospitals,ok
2999,portugal,Dimensão média das empresas do setor empresarial público,Average size of enterprises in the corporate public sector,ok
2858,portugal,Dimensão média das empresas: total e por setor de atividade económica,Average size of enterprises total and by sector of economic activity,ok
3458,portugal,Dimensão média das explorações agrícolas,Average size of agriculture holdings,ok
2962,portugal,Dimensão média das sociedades: total e por setor de atividade económica,Average size of corporations total and by sector of economic activity,ok
511,portugal,Dimensão média dos agregados domésticos privados,Average private households size,ok
680,portugal,Diplomados do sexo feminino em % dos diplomados no ensino superior: total e por área de educação e formação,Female graduates as a percentage of graduates in higher education total and by area of education and training,ok
224,portugal,Diplomados do sexo feminino no ensino superior: total e por área de educação e formação,Female graduates in higher education total and by area of education and training,ok
221,portugal,Diplomados do sexo feminino no ensino superior: total e por nível de formação,Female graduates in higher education total and by level of training,ok
223,portugal,Diplomados do sexo masculino no ensino superior: total e por área de educação e formação,Male graduates in higher education total and by area of education and training,ok
220,portugal,Diplomados do sexo masculino no ensino superior: total e por nível de formação,Male graduates in higher education total and by level of training,ok
804,portugal,"Diplomados no ano, no ensino superior na área da Saúde: total, por área de educação e formação e sexo",Graduates in year in higher education in the area of health total by area of education and training and sex,ok
797,portugal,"Diplomados no ano, no ensino superior na área da Saúde: total e por subsistema e tipo de ensino",Graduates in year in higher education in the area of health total and by sub system and type of education,ok
1171,portugal,Diplomados no ensino superior em Tecnologias da Informação e Comunicação (TIC): total e por sexo,Graduates in higher education in information and communication technology (ict) total and by sex,ok
691,portugal,Diplomados no ensino superior: por subsistema de ensino e por sexo,Graduates in higher education by sub system of education and sex,ok
690,portugal,Diplomados no ensino superior: por tipo de ensino e por sexo,Graduates in higher education by type of education and sex,ok
222,portugal,Diplomados no ensino superior: total e por área de educação e formação,Graduates in higher education total and by area of education and training,ok
219,portugal,Diplomados no ensino superior: total e por nível de formação,Graduates in higher education total and by level of training,ok
664,portugal,Diplomados no ensino superior: total e por sexo,Graduates in higher education total and by sex,ok
429,portugal,Diplomados no ensino superior: total e por subsistema e tipo de ensino,Graduates in higher education total and by sub system and type of education,ok
3706,portugal,Diplomados nos cursos de formação de professores,How many people graduate annually from master's degrees that give professional qualifications for teaching,ok
3421,portugal,Dirigentes de explorações agrícolas: total e por grupo etário,Managers of agricultural holdings total and by age group,ok
3420,portugal,Dirigentes de explorações agrícolas: total e por sexo,Managers of agricultural holdings total and by sex,ok
2232,portugal,Dirigentes: total e por algumas federações desportivas,Officials total and by certain sports federations,ok
3463,portugal,"Disparidade da remuneração base média mensal entre os trabalhadores por conta de outrem de todos os ramos de atividade face aos do ramo Agricultura, Pesca e Floresta",Disparity in the average monthly base remuneration among employees of all branches of activity compared to those in agriculture fisheries and forestry,ok
3418,portugal,"Disparidade entre sexos na remuneração base média mensal dos trabalhadores por conta de outrem da Agricultura, Pesca e Floresta",Gender disparity in the average monthly basic remuneration of employees in agriculture fishing and forestry,ok
3022,portugal,Disparidade entre sexos na remuneração base média mensal dos trabalhadores por conta de outrem: total e por nível de qualificação,Gender disparity in the average monthly basic remuneration of employees total and by level of qualification,ok
3023,portugal,Disparidade entre sexos no ganho médio mensal dos trabalhadores por conta de outrem: total e por nível de qualificação,Gender disparity in the average monthly earnings of employees total and by level of qualification,ok
2950,portugal,Dívida externa líquida em % do PIB,Net external debt position as a percentage of gdp,ok
2949,portugal,Dados sobre a dívida externa líquida de Portugal- PORDATA,Net external debt position,ok
2783,portugal,Dívida pública (bruta) em Portugal,General government gross debt,ok
1281,portugal,Divórcios entre pessoas do sexo oposto: total e por forma de celebração do casamento,Divorces between people of the opposite sex total and by type of type of marriage ceremony,ok
323,portugal,Evolução do número de Divórcios,Divorces,ok
354,portugal,"Docentes do ensino superior: total, por subsistema e por tipo de ensino",Teaching staff in higher education total by sub system and by type of education,ok
666,portugal,Docentes do ensino superior: total e por sexo,Teaching staff in higher education total and by sex,ok
225,portugal,Docentes do ensino superior: total e por subsistema de ensino,Teaching staff in higher education total and by sub system of education,ok
352,portugal,Docentes do ensino superior: total e por tipo de ensino,Teaching staff in higher education total and by type of education,ok
777,portugal,"Docentes do sexo feminino em exercício nos ensinos pré-escolar, básico e secundário: total e por nível de ensino",Female teaching staff in pre school primary lower secondary and upper secondary education total and by level of education,ok
782,portugal,"Docentes do sexo feminino em % dos docentes em exercício nos ensinos pré-escolar, básico e secundário: total e por nível de ensino",Females as a percentage of teaching staff in pre school primary lower secondary and upper secondary education total and by level of education,ok
776,portugal,"Docentes do sexo masculino em exercício nos ensinos pré-escolar, básico e secundário: total e por nível de ensino",Male teaching staff in pre school primary lower secondary and upper secondary education total and by level of education,ok
242,portugal,"Docentes em exercício nos ensinos pré-escolar, básico e secundário privado: total e por nível de ensino",Teaching staff in pre school primary lower secondary and upper secondary private education total and by level of education,ok
241,portugal,"Docentes em exercício nos ensinos pré-escolar, básico e secundário público: total e por nível de ensino",Teaching staff in pre school primary lower secondary and upper secondary public education total and by level of education,ok
240,portugal,"Docentes em exercício nos ensinos pré-escolar, básico e secundário: total e por nível de ensino",Teaching staff in pre school primary lower secondary and upper secondary education total and by level of education,ok
2569,portugal,Dormidas nas colónias de férias: total e por país de residência do hóspede,Nights spent in holiday camps total and by country of residence of the guest,ok
2567,portugal,Dormidas nas pousadas de juventude: total e por país de residência do hóspede,Nights spent in youth hostels total residents in portugal and residents abroad,ok
2636,portugal,Dormidas nos alojamentos turísticos coletivos: total e por tipo de alojamento,Nights spent in collective tourist accommodations total and by type of accommodation,ok
2645,portugal,Dormidas nos alojamentos turísticos por 100 habitantes,Nights spent in tourist accommodations per 100 inhabitants,ok
2611,portugal,Dormidas nos alojamentos turísticos: total e por país de residência do hóspede,Nights spent in tourist accommodations total and by country of residence of the guest,ok
2612,portugal,Dormidas nos alojamentos turísticos: total e por tipo de estabelecimento,Nights spent in tourist accommodations total and by type of establishment,ok
2577,portugal,"Dormidas nos parques de campismo: total, de campistas residentes em Portugal e de residentes no estrangeiro",Nights spent in camping sites total campers residents in portugal and residents abroad,ok
1038,portugal,Duração média da pré-escolarização,Average length of pre school education,ok
2329,portugal,Duração média das pensões da Caixa Geral de Aposentações,Average length of public administration retirement fund pensions,ok
992,portugal,Duração média de alguns processos cíveis findos nos Tribunais Judiciais de 1.ª instância,Average length of some terminated civil proceedings in courts of first instance,ok
940,portugal,Duração média semanal do trabalho efetivo da população empregada: total e por situação na profissão,Average length of working week of employed population total and by occupational situation,ok
362,portugal,Duração média semanal do trabalho efetivo dos trabalhadores do sexo feminino por conta de outrem: total e por setor de atividade económica,Average length of working week by female employees total and by sector of economic activity,ok
820,portugal,Duração média semanal do trabalho efetivo dos trabalhadores do sexo masculino por conta de outrem: total e por setor de atividade económica,Average length of working week by male employees total and by sector of economic activity,ok
361,portugal,Duração média semanal do trabalho efetivo dos trabalhadores por conta de outrem: total e por setor de atividade económica,Average length of working week by employees total and by sector of economic activity,ok
92,portugal,Edifícios de habitação familiar clássica,Conventional family housing buildings,ok
2181,portugal,"Eleitores nas eleições para a Assembleia da República: total, votantes e abstenção",Registered voters in the elections for the parliament total voters and abstention,ok
2242,portugal,"Eleitores nas eleições para a Assembleia Legislativa da Região Autónoma da Madeira: total, votantes e abstenção",Registered voters in the elections for the legislative assembly of the autonomous region of madeira total voters and abstention,ok
2246,portugal,"Eleitores nas eleições para a Assembleia Legislativa da Região Autónoma dos Açores: total, votantes e abstenção",Registered voters in the elections for the legislative assembly of the autonomous region of the azores total voters and abstention,ok
2172,portugal,"Eleitores nas eleições para a Presidência da República: total, votantes e abstenção",Registered voters in the elections for the presidency of the republic total voters and abstention,ok
2190,portugal,"Eleitores nas eleições para as Autarquias Locais: total, votantes e abstenção",Registered voters in the elections for the local authorities total voters and abstention,ok
2197,portugal,"Eleitores nas eleições para o Parlamento Europeu: total, votantes e abstenção",Registered voters in the elections for the european parliament total voters and abstention,ok
2182,portugal,"Eleitores residentes em Portugal nas eleições para a Assembleia da República: total, votantes e abstenção",Registered voters resident in portugal in the elections for the parliament total voters and abstention,ok
2173,portugal,"Eleitores residentes em Portugal nas eleições para a Presidência da República: total, votantes e abstenção",Registered voters resident in portugal in the elections fo the presidency of the republic total voters and abstention,ok
2198,portugal,"Eleitores residentes em Portugal nas eleições para o Parlamento Europeu: total, votantes e abstenção",Registered voters resident in portugal in the elections for the european parliament total voters and abstention,ok
2183,portugal,"Eleitores residentes no estrangeiro nas eleições para a Assembleia da República: total, votantes e abstenção",Registered voters resident abroad in the elections for the parliament total voters and abstention,ok
2174,portugal,"Eleitores residentes no estrangeiro nas eleições para a Presidência da República: total, votantes e abstenção",Registered voters resident abroad in the elections for the presidency of the republic total voters and abstention,ok
2199,portugal,"Eleitores residentes no estrangeiro nas eleições para o Parlamento Europeu: total, votantes e abstenção",Registered voters resident abroad in the elections for the european parliament total voters and abstention,ok
3168,portugal,"Embarcações de comércio: total, entradas e saídas",Commercial vessels total entrances and exits,ok
3167,portugal,Embarcações de comércio: total e por principais embarcações,Commercial vessels total and by main vessels,ok
3446,portugal,"Embarcações de pesca: total, com e sem motor",Fishing vessels total with and without motor,ok
3447,portugal,Embarcações de pesca: total e licenciadas,Fishing vessels total and licenced,ok
3448,portugal,Embarcações de pesca: total e por classes de arqueação bruta,Fishing vessels total and by gross tonnage class,ok
2522,portugal,Emigrantes permanentes: total e por grupo etário,Permanent emigrants total and by age group,ok
3797,portugal,Emigrantes permanentes: total e por nacionalidade,Permanent emmigrants total and by nationality,ok
3794,portugal,Emigrantes permanentes por nível de escolaridade,Permanent emigrants total and by highest level of education completed (percentage),ok
2523,portugal,Emigrantes temporários: total e por grupo etário,Temporary emigrants total and by age group,ok
23,portugal,Emigrantes: total e por tipo e sexo,Emigrants total by type and sex,ok
3345,portugal,Emissões de gases com efeito de estufa por superfície agrícola utilizada,Emissions of greenhouse gases per utilized agricultural area,ok
1256,portugal,Emissões de gases por habitante,Gas emissions per inhabitant,ok
1081,portugal,Evolução anual das emissões de gases,Gas emissions,ok
2810,portugal,"Emprego nas Administrações Públicas: Central, Regional, Local e Fundos da Segurança Social por mil habitantes",Employment in general government central regional local and social security funds per thousand inhabitants,ok
497,portugal,"Emprego nas Administrações Públicas: Central, Regional, Local e Fundos da Segurança Social",Employment in general government central regional local government and social security funds,ok
3128,portugal,Emprego nas Administrações Públicas em % da população ativa,Employment in general government as a percentage of active population,ok
667,portugal,Emprego nas Administrações Públicas: total e por relação jurídica (1996-2005),Employment in general government total and by legal relationship (1996 2005),ok
2526,portugal,Emprego nas Administrações Públicas: total e por relação jurídica (2011-),Employment in general government total and by legal relationship (2011 ),ok
2296,portugal,"Emprego: total e por ramo de atividade, equivalente a tempo completo",Employment total and by industry full time equivalent,ok
1144,portugal,Empresas com ligação à Internet em % do total de empresas: por escalão de pessoal ao serviço,Enterprises with an internet connection as a percentage of total of enterprises by band of personnel employed,ok
1145,portugal,Empresas com presença na Internet em % do total de empresas: por escalão de pessoal ao serviço,Enterprises with a presence on the internet as a percentage of total of enterprises by band of personnel employed,ok
3444,portugal,Empresas da Pesca e Aquicultura,Fishing and aquaculture enterprises,ok
3690,portugal,Empresas e pessoal ao serviço da Silvicultura,Enterprises and persons employed in forestry,ok
2965,portugal,Empresas individuais: total e por setor de atividade económica,Individual business total and by sector of economic activity,ok
2877,portugal,Empresas mortas: total e por forma jurídica,Enterprises' deaths total and by legal form,ok
2878,portugal,Empresas mortas: total e por setor de atividade económica,Enterprises' deaths total and by sector of economic activity,ok
2860,portugal,Empresas não financeiras: total e por escalão de pessoal ao serviço,Non financial enterprises total and by band of personnel employed,ok
2873,portugal,"Empresas nascidas, mortas e sobreviventes",Born dead and surviving enterprises,ok
2874,portugal,Empresas nascidas: total e por forma jurídica,Enterprises' births total and by legal form,ok
2875,portugal,Empresas nascidas: total e por setor de atividade económica,Enterprises' births total and by sector of economic activity,ok
2955,portugal,Empresas no setor da indústria transformadora em Portugal,Enterprises in the manufacturing sector total and by type,ok
2994,portugal,Empresas no setor público empresarial,Enterprises in the corporate public sector,ok
1143,portugal,Empresas que utilizam computador em % do total de empresas: por escalão de pessoal ao serviço,Enterprises that use computers as a percentage of total of enterprises by band of personnel employed (2003 2019),ok
2881,portugal,Empresas sobreviventes a 1 ano: total e por setor de atividade económica,Enterprises' survival at 1 year total and by sector of economic activity,ok
2880,portugal,Empresas sobreviventes a 1 e 2 anos: total e por forma jurídica,Enterprises' survival at 1 and 2 years total and by legal form,ok
2857,portugal,Empresas: total e por dimensão,Enterprises total and by size,ok
2855,portugal,Empresas: total e por forma jurídica,Enterprises total and by legal form,ok
2856,portugal,Empresas: total e por setor de atividade económica,Enterprises total and by sector of economic activity,ok
2854,portugal,Evolução do número total de empresas,Enterprises total,ok
2924,portugal,Endividamento das sociedades não financeiras privadas: total e por dimensão,Indebtedness of non financial private corporations total and by size,ok
2998,portugal,Endividamento do setor público empresarial,Indebtedness of the corporate public sector,ok
1128,portugal,Energias renováveis no balanço energético,Renewable energies to the energy balance,ok
863,portugal,Entidades empregadoras e indivíduos do serviço doméstico com declaração de remuneração à Segurança Social,Employers and domestic workers with remuneration declared to the social security office,ok
3638,portugal,Entidades empregadoras em situações de lay-off e beneficiários de lay-off por tipo de prestação,Enterprises in lay off and social security beneficiaries of lay off,ok
418,portugal,Esperança de vida à nascença: total e por sexo (base: triénio a partir de 2001),Life expectancy at birth total and by sex (base three years from 2001 onwards),ok
419,portugal,Esperança de vida aos 65 anos: total e por sexo (base: triénio a partir de 2001),Life expectancy at 65 years old total and by sex (base three years from 2001 onwards),ok
400,portugal,Espetáculos ao vivo: receitas de bilheteira,Live shows box office revenue,ok
583,portugal,Espetáculos ao vivo: sessões e espectadores,Live shows performances and audiences,ok
602,portugal,Estabelecimentos de saúde: camas por 100 mil habitantes,Health establishments beds per 100 thousand inhabitants,ok
3324,portugal,"Estabelecimentos de saúde: consultas, internamentos e urgências por mil habitantes",Health establishments appointments admissions and emergencies per thousand inhabitants,ok
3321,portugal,"Estabelecimentos de saúde: consultas, internamentos e urgências",Health establishments appointments admissions and emergencies,ok
1237,portugal,"Estabelecimentos nos ensinos pré-escolar, básico e secundário: por nível de ensino",Schools in pre school primary lower secondary and upper secondary education by level of education,ok
1242,portugal,"Estabelecimentos nos ensinos pré-escolar, básico e secundário privado: total e por nível de ensino",Schools in pre school primary lower secondary and upper secondary private education total and by level of education,ok
1241,portugal,Dados sobre as escolas em Portugal,Schools in pre school primary lower secondary and upper secondary public education total and by level of education,ok
277,portugal,Estabelecimentos prisionais: pessoal ao serviço e pessoal vigilante,Prisons personnel employed and surveillance personnel,ok
1259,portugal,"Estabelecimentos públicos em % do total de estabelecimentos nos ensinos pré-escolar, básico e secundário: por nível de ensino",Public schools as a percentage of the total schools in pre school primary lower secondary and upper secondary education by level of education,ok
3110,portugal,Estações de comboio e passagens de nível - Continente,Railway stations and level crossings mainland,ok
2622,portugal,"Estada média nas colónias de férias: total, residentes em Portugal e residentes no estrangeiro",Average stay in holiday camps total residents and non residents,ok
2623,portugal,"Estada média nas pousadas de juventude: total, residentes em Portugal e residentes no estrangeiro",Average stay in youth hostels total residents and non residents,ok
2620,portugal,"Estada média nos alojamentos turísticos: total, residentes em Portugal e residentes no estrangeiro",Average stay in tourist accommodations total residents and non residents,ok
2621,portugal,Estada média nos alojamentos turísticos: total e por tipo de estabelecimento,Average stay in tourist accommodations total and by type of establishment,ok
2624,portugal,"Estada média nos parques de campismo: total, residentes em Portugal e residentes no estrangeiro",Average stay in camping sites total residents and non residents,ok
74,portugal,Evolução do salário mínimo em Portugal,National minimum wage,ok
3348,portugal,Explorações agrícolas e superfície agrícola utilizada: total e por dimensão,Agricultural holdings and utilized agricultural area total and per size,ok
3347,portugal,Explorações agrícolas: total e por forma de exploração,Agricultural holdings total and by type of tenure,ok
3417,portugal,Explorações agrícolas: total por principais formas jurídicas,Agricultural holdings total and by main legal form,ok
2341,portugal,"Exportações, importações e saldo da balança de bens: total e por principais grupos de países parceiros comerciais",Exports imports and goods balance total and by main groups of trading partner countries,ok
2344,portugal,"Exportações, importações e saldo da balança de serviços: total e por principais grupos de países parceiros comerciais",Exports imports and services balance total and by main groups of trading partner countries,ok
2291,portugal,Exportações de bens e serviços: total e por produto,Export of goods and services total and by product,ok
2346,portugal,Exportações de bens: total e por principais países parceiros comerciais,Exports of goods total and by main trading partner countries,ok
2327,portugal,Exportação de bens em Portugal: total e por tipo,Exports of goods total and by type,ok
2349,portugal,Exportações de serviços: total e por principais países parceiros comerciais,Exports of services total and by main trading partner countries,ok
2352,portugal,Exportações de serviços: total e por tipo,Exports of services total and by type,ok
3691,portugal,Exportações dos principais produtos de origem florestal,Exports of major forestry products,ok
3126,portugal,Extensão da rede de autoestradas - Continente,Extent of the motorway network mainland,ok
3109,portugal,"Extensão da rede ferroviária explorada: total, eletrificada e não eletrificada - Continente",Extent of the operating rail network total electrified and non electrified mainland,ok
3108,portugal,"Extensão da rede ferroviária: total, explorada e desativada - Continente",Extent of the rail network total operated and deactivated mainland,ok
3125,portugal,Dados sobre a rede rodoviária nacional em Portugal,Extent of the national road network mainland,ok
532,portugal,Famílias clássicas monoparentais do sexo feminino (%),Female private lone parent households (percentage),ok
153,portugal,Farmácias: número de estabelecimentos,Pharmacies number,ok
607,portugal,Farmácias por 10 mil habitantes,Pharmacies per 10 thousand inhabitants,ok
189,portugal,Fogos concluídos em construções novas para habitação familiar: total e por tipologia do fogo,Completed dwellings in new constructions for family housing total and by dwelling typology,ok
3379,portugal,Formação bruta de capital fixo da agricultura: total e por tipo de produtos,Gross fixed capital formation of agriculture total and by type of products,ok
2917,portugal,Formação bruta de capital fixo das empresas não financeiras: total e por setor de atividade,Gross fixed capital formation of non financial enterprises total and by sector of economic activity,ok
2933,portugal,Formação bruta de capital fixo das pequenas e médias empresas não financeiras: total e por dimensão,Gross fixed capital formation in no financial small and medium sized enterprises total and by size,ok
2918,portugal,Formação bruta de capital fixo nas empresas não financeiras: total e por dimensão,Gross fixed capital formation of non financial enterprises total and by dimension,ok
2289,portugal,Formação bruta de capital fixo: total e por ramo de atividade investidor,Gross fixed capital formation total and by investment industry,ok
2290,portugal,Formação bruta de capital: total e por produto,Gross capital formation total and by product,ok
3192,portugal,Frota aérea: número e idade média,Air fleet number and average fleet age,ok
389,portugal,"Galerias de arte e outros espaços de exposição temporária: número de espaços, exposições e obras expostas",Art galleries and other places for temporary exhibitions places exhibitions and works exhibited,ok
654,portugal,Galerias de arte por 100 mil habitantes,Art galleries per 100 thousand inhabitants,ok
891,portugal,Ganho médio mensal dos trabalhadores do sexo feminino por conta de outrem: total e por nível de qualificação,Average monthly earnings of female employees total and by qualification level,ok
3810,portugal,Ganho médio mensal dos trabalhadores do sexo feminino por conta de outrem: total e por algumas profissões,Average monthly earnings of females employees total and by occupation,ok
537,portugal,Ganho médio mensal dos trabalhadores do sexo feminino por conta de outrem: total e por setor de atividade económica,Average monthly earnings of female employees total and by sector of economic activity,ok
376,portugal,Ganho médio mensal dos trabalhadores do sexo masculino por conta de outrem: total e por nível de qualificação,Average monthly earnings of male employees total and by qualification level,ok
3809,portugal,Ganho médio mensal dos trabalhadores do sexo masculino por conta de outrem: total e por algumas profissões,Average monthly earnings of males employees total and by occupation,ok
536,portugal,Ganho médio mensal dos trabalhadores do sexo masculino por conta de outrem: total e por setor de atividade económica,Average monthly earnings of male employees total and by sector of economic activity,ok
557,portugal,"Ganho médio mensal dos trabalhadores por conta de outrem da Administração Pública, Defesa e Segurança Social Obrigatória: total e por nível de qualificação",Average monthly earnings of employees in public administration defence and compulsory social security total and by level of qualification,ok
538,portugal,"Ganho médio mensal dos trabalhadores por conta de outrem da Agricultura, Pesca e Floresta: total e por nível de qualificação",Average monthly earnings of employees in agriculture fishing and forestry total and by level of qualification,ok
3410,portugal,Ganho médio mensal dos trabalhadores por conta de outrem da Agricultura e Pesca: total e por nível de qualificação,Average monthly earnings of employees in agriculture and fishing total and by level of qualification,ok
540,portugal,Ganho médio mensal dos trabalhadores por conta de outrem da Construção: total e por nível de qualificação,Average monthly earnings of employees in construction total and by level of qualification,ok
546,portugal,Ganho médio mensal dos trabalhadores por conta de outrem da Educação: total e por nível de qualificação,Average monthly earnings of employees in education total and by level of qualification,ok
539,portugal,"Ganho médio mensal dos trabalhadores por conta de outrem da Eletricidade, gás e água: total e por nível de qualificação",Average monthly earnings of employees in electricity gas and water supply total and by level of qualification,ok
548,portugal,Ganho médio mensal dos trabalhadores por conta de outrem da Saúde Humana e Apoio Social: total e por nível de qualificação,Average monthly earnings of employees in human health and social work total and by level of qualification,ok
552,portugal,Ganho médio mensal dos trabalhadores por conta de outrem das Atividades Financeiras e de Seguros: total e por nível de qualificação,Average monthly earnings of employees in financial and insurance activities total and by level of qualification,ok
542,portugal,Ganho médio mensal dos trabalhadores por conta de outrem das Indústrias Extrativas: total e por nível de qualificação,Average monthly earnings of employees in mining and quarrying total and by level of qualification,ok
543,portugal,Ganho médio mensal dos trabalhadores por conta de outrem das Indústrias Transformadoras: total e por nível de qualificação,Average monthly earnings of employees in manufacturing total and by level of qualification,ok
545,portugal,Ganho médio mensal dos trabalhadores por conta de outrem do Alojamento e Restauração: total e por nível de qualificação,Average monthly earnings of employees in accommodation and food service activities total and by level of qualification,ok
544,portugal,Ganho médio mensal dos trabalhadores por conta de outrem do Comércio por Grosso e a Retalho: total e por nível de qualificação,Average monthly earnings of employees in wholesale and retail trade total and by level of qualification,ok
541,portugal,Ganho médio mensal dos trabalhadores por conta de outrem dos Transportes e Armazenagem: total e por nível de qualificação,Average monthly earnings of employees in transportation and storage total and by level of qualification,ok
890,portugal,Ganho médio mensal dos trabalhadores por conta de outrem: total e por nível de qualificação,Average monthly earnings of employees total and by qualification level,ok
3808,portugal,Ganho médio mensal dos trabalhadores por conta de outrem: total e por profissões,Average monthly earnings of employees total and by occupation,ok
377,portugal,Ganho médio mensal dos trabalhadores por conta de outrem: total e por setor de atividade económica,Average monthly earnings of employees total and by sector of economic activity,ok
375,portugal,Ganho médio mensal dos trabalhadores por conta de outrem: total e por sexo,Average monthly earnings of employees total and by sex,ok
2935,portugal,Gastos com pessoal das pequenas e médias empresas: total e por dimensão,Staff costs in small and medium sized enterprises total and by size,ok
2899,portugal,Gastos com pessoal por trabalhador: total e por dimensão,Staff costs by worker total and by size,ok
2898,portugal,Gastos com pessoal por trabalhador: total e por setor de atividade económica,Staff costs by worker total and by sector of economic activity,ok
70,portugal,Greves: dias de trabalho perdidos por setor de atividade económica,Strikes working days lost by sector of economic activity,ok
71,portugal,"Greves: total, trabalhadores abrangidos e dias de trabalho perdidos",Strikes total workers involved and workdays lost,ok
67,portugal,Greves: total e por setor de atividade económica,Strikes total and by sector of economic activity,ok
69,portugal,Greves: trabalhadores abrangidos por setor de atividade económica,Strikes workers involved by sector of economic activity,ok
2572,portugal,"Hóspedes nas colónias de férias: total, residentes em Portugal e residentes no estrangeiro",Guests in holiday camps total residents in portugal and residents abroad,ok
2571,portugal,"Hóspedes nas pousadas de juventude: total, residentes em Portugal e residentes no estrangeiro",Guests in youth hostels total residents in portugal and residents abroad,ok
2644,portugal,Hóspedes nos alojamentos turísticos por 100 habitantes,Guests in tourist accommodations per 100 inhabitants,ok
2613,portugal,"Hóspedes nos alojamentos turísticos: total, residentes em Portugal e residentes no estrangeiro",Guests in tourist accommodations total residents in portugal and residents abroad,ok
2614,portugal,Hóspedes nos alojamentos turísticos: total e por tipo de estabelecimento,Guests in tourist accommodations total and by type of establishment,ok
142,portugal,Hospitais: número e camas,Hospitals number and beds,ok
421,portugal,"Idade média ao primeiro casamento, por sexo",Mean age on first marriage by sex,ok
417,portugal,Idade média da mãe ao nascimento de um filho,Mean age of the mother at birth of a child,ok
805,portugal,Idade média da mãe ao nascimento do primeiro filho,Mean age of the mother at birth of first child,ok
3255,portugal,Imigrantes permanentes: total e por grupo etário,Permanent immigrants total and by age group,ok
3795,portugal,Imigrantes permanentes: total e por nacionalidade,Permanent immigrants total and by nationality,ok
3256,portugal,Imigrantes permanentes: total e por naturalidade,Permanent immigrants total and by birthplace,ok
3254,portugal,Dados dos imigrantes em Portugal,Permanent immigrants total and by sex,ok
2292,portugal,Importações de bens e serviços: total e por produto,Import of goods and services total and by product,ok
2345,portugal,Importações de bens: total e por principais países parceiros comerciais,Imports of goods total and by main trading partner countries,ok
2326,portugal,Importação de bens em Portugal: total e por tipo,Imports of goods total and by type,ok
3712,portugal,Importações de energia: total e por principais países de origem,Energy imports total and main countries,ok
2348,portugal,Importações de serviços: total e por principais países parceiros comerciais,Imports of services total and by main trading partner countries,ok
2351,portugal,Importações de serviços: total e por tipo,Imports of services total and by type,ok
3692,portugal,Importações dos principais produtos de origem florestal,Imports of major forestry products,ok
114,portugal,Indemnizações compensatórias da Segurança Social por salários em atraso,Social security compensation for late payment of salaries,ok
416,portugal,Indicadores de fecundidade: Índice sintético de fecundidade e taxa bruta de reprodução,Fertility indicators total fertility rate and gross reproduction rate,ok
2578,portugal,Índice de bem-estar em Portugal,Well being index,ok
1013,portugal,"Índice de envelhecimento dos docentes do ensino superior: total, por subsistema e por tipo de ensino",Ageing index of teaching staff in higher education total by sub system and by type of education,ok
944,portugal,"Índice de envelhecimento dos docentes em exercício nos ensinos pré-escolar, básico e secundário: por nível de ensino - Continente",Ageing index of teaching staff in pre school primary lower secondary and upper secondary education by level of education mainland portugal,ok
3372,portugal,Indicadores de envelhecimento do sexo feminino,Ageing female indicators,ok
3373,portugal,Indicadores de envelhecimento do sexo masculino,Ageing male indicators,ok
526,portugal,Dados sobre o índice de envelhecimento em Portugal,Ageing indicators,ok
2166,portugal,Evolução do índice de Gini em Portugal,Gini index (percentage),ok
3099,portugal,Índice de hierarquia de gestão dos resíduos urbanos,Urban waste management hierarchy index,ok
2944,portugal,Índices bolsistas: PSI Geral e PSI 20 histórico em Portugal,Stock market indices psi general and psi 20,ok
1140,portugal,Indivíduos com 16 e mais anos que utilizam computador e Internet em % do total de indivíduos: por condição perante o trabalho,Individuals of 16 or over that use computers and internet as a percentage of total of individuals by work situation,ok
1139,portugal,Indivíduos com 16 e mais anos que utilizam computador e Internet em % do total de indivíduos: por grupo etário,Individuals of 16 or over that use computers and internet as a percentage of total of individuals by age group,ok
1141,portugal,Indivíduos com 16 e mais anos que utilizam computador e Internet em % do total de indivíduos: por nível de escolaridade mais elevado completo,Individuals of 16 or over that use computers and internet as a percentage of total of individuals by highest level of education completed,ok
1142,portugal,Indivíduos com 16 e mais anos que utilizam computador e Internet em % do total de indivíduos: por sexo,Individuals of 16 or over that use computers and internet as a percentage of total of individuals by sex,ok
3477,portugal,Intensidade carbónica da economia por setor de atividade,Carbon intensity of the economy by sector of activity,ok
1204,portugal,"Invenções/patentes: concessões da Via Nacional a residentes em Portugal, total e por tipo de requerente",Inventions patents concessions made via the portuguese process to residents in portugal total and by type of applicant,ok
1206,portugal,Invenções/patentes de não residentes em Portugal: pedidos e concessões da Via Nacional,Inventions patents a not resident in portugal applications and concessions made via de portuguese process,ok
1279,portugal,"Invenções/patentes de residentes em Portugal: pedidos e concessões da Via Nacional, Europeia e Internacional",Inventions patents of residents in portugal applications and concessions made via the portuguese european and international processes,ok
775,portugal,Investigadores (ETI) em atividades de investigação e desenvolvimento (I&D): total e do setor empresas,Researchers (fte) in research and development activities (r d) total and of enterprises sector,ok
1183,portugal,Investigadores (ETI) em atividades de investigação e desenvolvimento (I&D): total e por área científica,Researchers (fte) involved in research and development activities (r d) total and by field of scientific activity,ok
1095,portugal,Investigadores (ETI) em atividades de investigação e desenvolvimento (I&D): total e por setor de execução,Researchers (fte) involved in research and development activities (r d) total and by sector of performance,ok
1102,portugal,Investimento das empresas: total e por domínios de gestão e proteção do ambiente,Investments by enterprises total and by environmental management and protection domains,ok
2833,portugal,Investimento: Formação bruta de capital fixo em % do PIB,Investment gross fixed capital formation as percentage of gdp,ok
2324,portugal,Investimento: Formação bruta de capital fixo por setor institucional,Investment gross fixed capital formation by institutional sector,ok
2831,portugal,Investimento: Formação bruta de capital fixo,Investment gross fixed capital formation,ok
3113,portugal,"Investimentos efetuados no transporte ferroviário: total, pelo Estado e pelas empresas ferroviárias - Continente",Investments made in rail transport total by the state and by railway companies mainland,ok
3091,portugal,Investimentos efetuados no transporte metropolitano - Continente,Investments made in underground transport mainland,ok
2239,portugal,"Jornais e outras publicações periódicas: circulação total, exemplares vendidos e exemplares distribuídos gratuitamente por tipo de publicação",Newspapers and other periodicals total circulation copies sold and copies distributed free,ok
402,portugal,"Jornais e outras publicações periódicas: edições, tiragem, circulação e exemplares vendidos",Newspapers and other periodicals editions print run circulation and copies sold,ok
588,portugal,Jornais e outras publicações periódicas: tiragem e circulação por habitante,Newspapers and other periodicals print run and circulation per inhabitant,ok
1308,portugal,Jornais e outras publicações periódicas: títulos publicados por tipo de publicação,Newspapers and other periodical publications titles published by publication type,ok
180,portugal,Jornais e outras publicações periódicas: títulos publicados,Newspapers and other periodicals titles published,ok
2240,portugal,Jornais e outras publicações periódicas: total e por suporte de difusão,Newspapers and other periodicals total and by broadcast support,ok
1146,portugal,"Julgados de Paz: processos entrados, findos e pendentes",Justices of the peace initiated terminated proceedings and proceedings pending,ok
3439,portugal,Lagares de azeite: total e por tipo de lagar ? Continente,Oil press units total and by type of oil press unit – mainland portugal,ok
2946,portugal,"Levantamentos, consultas e pagamentos de serviços nas caixas automáticas multibanco",Withdrawals balance requests and payment of services in atms,ok
2167,portugal,Limiar de risco de pobreza,At risk of poverty threshold,ok
3191,portugal,Linhas aéreas operadas: número e extensão,Operating airlines number and extent,ok
1703,portugal,Magistrados judiciais: total e por sexo,Judges total and by sex,ok
627,portugal,Magistrados nos Tribunais Judiciais e advogados por 100 mil habitantes,Judges in courts of justice and lawyers per 100 thousand inhabitants,ok
2195,portugal,Maiorias absolutas nas eleições para as Câmaras Municipais: total e por partido político ou coligação,Absolute majorities in the elections for the city hall total and by political party or coalition,ok
2261,portugal,"Mandatos nas eleições para a Assembleia da República: deputados do sexo feminino em % do total, por partido político",Mandates in the elections for the parliament female mps as a percentage of the total by political party,ok
2260,portugal,Mandatos nas eleições para a Assembleia da República: deputados do sexo feminino por partido político,Mandates in the elections for the parliament female mps by political party,ok
2259,portugal,Mandatos nas eleições para a Assembleia da República: deputados do sexo masculino por partido político,Mandates in the elections for the parliament male mps by political party,ok
2257,portugal,Mandatos nas eleições para a Assembleia da República: total e por partido político,Mandates in the elections for the parliament total and by political party,ok
2258,portugal,Mandatos nas eleições para a Assembleia da República: total e por sexo,Mandates in the elections for the parliament total and by sex,ok
3438,portugal,"Mão de obra agrícola: total, a tempo completo e parcial",Agricultural labour force total and full and part time,ok
3435,portugal,Mão de obra agrícola: total e por grupo etário,Agricultural labour force total and by age group,ok
3436,portugal,Mão de obra agrícola: total e por nível de instrução,Agricultural labour force total and by level of education,ok
3434,portugal,Mão de obra agrícola: total e por sexo,Agricultural labour force total and by sex,ok
3437,portugal,Mão de obra agrícola: total e por tipo,Agricultural labour force total and by type,ok
1121,portugal,Média de idades dos novos pensionistas de velhice e invalidez da Segurança Social: total e por sexo,Average retirement age of new social security old age and disability pensioners total and by sex,ok
2496,portugal,Média global dos resultados nas provas de exame do ensino básico e secundário,Overall average results of the exams in lower secondary and upper secondary education,ok
639,portugal,Médicos e outro pessoal de saúde por 100 mil habitantes,Doctors and other healthcare personnel per 100 thousand inhabitants,ok
147,portugal,Médicos: não especialistas e especialistas por especialidade,Doctors non specialists and specialist by specialist area,ok
1966,portugal,Quantos médicos há em Portugal: total e por sexo,Doctors total and by sex,ok
278,portugal,Menores em instituições tutelares: total e por grupo etário,Minors in institutional care total and by age group,ok
3173,portugal,"Mercadorias carregadas e descarregadas por via marítima: total, nacional e internacional",Goods loaded and unloaded by sea total national and international,ok
3105,portugal,Mercadorias carregadas pelas empresas de transporte rodoviário: total e por principais países de destino - Continente,Goods loaded by road transport companies total and by main countries of destination mainland,ok
3174,portugal,Mercadorias carregadas por via marítima com destino internacional: total e por país de destino,Loaded goods by sea with international destination total and by destination country,ok
3176,portugal,Mercadorias carregadas por via marítima: total e por principais mercadorias,Goods carried by sea total and by main goods,ok
3106,portugal,Mercadorias descarregadas pelas empresas de transporte rodoviário: total e por principais países de origem - Continente,Goods unloaded by road transport companies total and by main countries of origin mainland,ok
3175,portugal,Mercadorias descarregadas por via marítima provenientes do estrangeiro: total e por país de origem,Unloaded goods by sea of foreign origin total and by country of origin,ok
3177,portugal,Mercadorias descarregadas por via marítima: total e por principais mercadorias,Goods unloaded by sea total and by main goods,ok
3118,portugal,Mercadorias transportadas no sistema ferroviário: total e por principais mercadorias - Continente (1998-2007),Goods transported in the rail system total and by main goods mainland (1998 2007),ok
3319,portugal,Mercadorias transportadas no sistema ferroviário: total e por principais mercadorias - Continente (2008-),Goods transported in the rail system total and by main goods mainland (2008 ),ok
3117,portugal,Mercadorias transportadas no sistema ferroviário: total e por tipo de tráfego - Continente,Goods carried on the rail system total and by type of traffic mainland,ok
3104,portugal,"Mercadorias transportadas pelas empresas de transporte rodoviário: total, nacional e internacional - Continente",Goods transported by road transport companies total national and international mainland,ok
3107,portugal,Mercadorias transportadas pelas empresas de transporte rodoviário: total e por principais mercadorias - Continente,Goods transported by road transport companies total and by main goods mainland,ok
3172,portugal,"Mercadorias transportadas por via marítima: total, carregadas e descarregadas",Goods transported by sea total loaded and unloaded,ok
249,portugal,Ministério Público nos Tribunais Judiciais: processos de inquérito registados e movimentados,Public prosecution service in courts of justice inquiry proceedings registered and acted upon,ok
3812,portugal,"Ministério Público nos Tribunais Judiciais: processos entrados, findos e pendentes",Public prosecution service in courts of justice initiated terminated proceedings and proceedings pending,ok
2849,portugal,Montantes de depósitos de empresas: total e por tipo,Amounts of deposits by enterprises total and by type,ok
2848,portugal,Montantes de depósitos de particulares: total e por tipo,Amounts of deposits by individuals total and by type,ok
2846,portugal,Montantes de empréstimos concedidos no ano a empresas: total e por escalão de crédito,Loan amounts given to enterprises total and by credit scales,ok
2844,portugal,Montantes de empréstimos concedidos no ano a particulares: total e por tipo de finalidade,Loan amounts given to individuals total and by purpose type,ok
316,portugal,Montantes relativos a declarações de IRC com valores líquidos negativos: total e por setor de atividade económica,Amount related to corporate tax declarations with negative balances total and by sector of economic activity,ok
315,portugal,Montantes relativos a declarações de IRC com valores líquidos positivos: total e por setor de atividade económica,Amount related to corporate tax declarations with positive balances total and by sector of economic activity,ok
1309,portugal,"Museus, jardins zoológicos, botânicos e aquários: número e visitantes",Museums zoological botanic gardens and aquariums number and visitors,ok
585,portugal,"Museus, jardins zoológicos, botânicos e aquários por 100 mil habitantes",Museums zoological botanic gardens and aquariums per 100 thousand inhabitants,ok
179,portugal,"Museus, jardins zoológicos, botânicos e aquários: visitantes escolares",Museums zoological botanic gardens and aquariums school visitors,ok
655,portugal,"Museus, jardins zoológicos, botânicos e aquários: visitantes por mil habitantes",Museums zoological botanic gardens and aquariums visitors per thousand inhabitants,ok
388,portugal,"Museus, palácios e monumentos da Direção-Geral do Património Cultural: visitantes",Museums palaces and monuments of direccao geral do patrimonio cultural visitors,ok
590,portugal,"Música, dança e variedades: espectadores por mil habitantes",Music dance and variety audience per thousand inhabitants,ok
595,portugal,"Música, dança e variedades: número médio de espectadores por sessão",Music dance and variety average audience per performance,ok
181,portugal,"Música, dança e variedades: sessões e espectadores",Music dance and variety performances and audiences,ok
1435,portugal,Nados-vivos de mães residentes em Portugal fora do casamento: total e por coabitação dos pais,Live births of mothers resident in portugal outside marriage total and by cohabitation of parents,ok
2575,portugal,Nados-vivos de mães residentes em Portugal: total e de pais com filhos anteriores não comuns,Live births of mothers resident in portugal total and from parents with previous children not in common,ok
14,portugal,Nados-vivos de mães residentes em Portugal: total e fora do casamento,Live births of mothers resident in portugal total and outside marriage,ok
3057,portugal,Nados-vivos de mães residentes em Portugal: total e por condição perante o trabalho da mãe,Live births of mothers resident in portugal total and by mother's work situation,ok
2512,portugal,Nados-vivos de mães residentes em Portugal: total e por nacionalidade da mãe,Live births of mothers resident in portugal total and by mother's nationality,ok
2513,portugal,Nados-vivos de mães residentes em Portugal: total e por nível de escolaridade completo mais elevado da mãe,Live births of mothers resident in portugal total and by mother's highest level of educational qualifications obtained,ok
620,portugal,"Nados-vivos fora do casamento, com coabitação e sem coabitação dos pais (%)",Live births outside of marriage with parents co habiting or not (percentage),ok
3170,portugal,Navios de cruzeiro e passageiros transportados,Cruise ships and transported passengers,ok
1188,portugal,Número de bombeiros em Portugal,Firemen,ok
1337,portugal,Número de dias com onda de calor,Number of heat wave days,ok
1071,portugal,Número de dias sem chuva,Number of rain free days,ok
640,portugal,Número de habitantes por médico e por outro pessoal de saúde,Number of inhabitants per doctor and healthcare personnel,ok
735,portugal,Número de indivíduos em idade ativa por idoso,Number of active age people per old person,ok
3086,portugal,Número de linhas e extensão da rede de transporte metropolitano - Continente,Number of lines and extension of the underground network mainland,ok
697,portugal,Número de sociedades constituídas por escritura pública por número de sociedades dissolvidas,Number of corporations constituted by public deed by number of corporations dissolved,ok
3230,portugal,Número médio de passageiros transportados no metropolitano por serviço realizado - Continente,Average number of passengers transported in the underground per service performed mainland,ok
771,portugal,Número médio de trabalhadores por greve e de dias de trabalho perdidos por trabalhador em greve,Average number of workers by strike and working days lost by worker on strike,ok
3497,portugal,Óbitos de residentes em Portugal do sexo feminino: total e por grupo etário,Female deaths of residents in portugal total and by age group,ok
3496,portugal,Óbitos de residentes em Portugal do sexo masculino: total e por grupo etário,Male deaths of residents in portugal total and by age group,ok
156,portugal,Óbitos de residentes em Portugal por algumas causas de morte,Deaths of residents in portugal by certain cause,ok
15,portugal,Óbitos de residentes em Portugal: total e no primeiro ano de vida,Deaths of residents in portugal total and in first year of life,ok
3495,portugal,Óbitos de residentes em Portugal: total e por grupo etário,Deaths of residents in portugal total and by age group,ok
3499,portugal,Óbitos de residentes em Portugal: total e por mês de morte,Deaths of residents in portugal total and by month of death,ok
3500,portugal,Óbitos de residentes em Portugal: total e por sexo,Deaths of residents in portugal total and by sex,ok
155,portugal,Óbitos infantis de mães residentes em Portugal: perinatais e neonatais,Infant deaths of mothers residents in portugal perinatal and neonatal,ok
154,portugal,Óbitos maternos de residentes em Portugal,Maternal deaths of residents in portugal,ok
758,portugal,Óbitos por algumas causas de morte (%),Deaths by certain causes (percentage),ok
1987,portugal,Óbitos por algumas causas de morte por 100 mil habitantes,Deaths by certain causes per 100 thousand inhabitants,ok
635,portugal,Ocupação efetiva das prisões (%),Actual prison occupancy (percentage),ok
319,portugal,Ofertas de emprego (média anual) disponíveis nos centros de emprego e formação profissional: total e por grandes setores de atividade económica ? Continente,Job offers (yearly average) available at the public employment office total and by large sectors of economic activity – mainland portugal,ok
591,portugal,Ópera: espectadores por mil habitantes,Opera audience per thousand inhabitants,ok
596,portugal,Ópera: número médio de espectadores por sessão,Opera average audience per performance,ok
182,portugal,Ópera: sessões e espectadores,Opera performances and audiences,ok
1091,portugal,Organizações não governamentais de Ambiente: número e associados,Environmental non governmental organizations (engo) number and associates,ok
2606,portugal,Dados sobre os parques de campismo em Portugal,Camping sites number and capacity,ok
1561,portugal,Partos nos hospitais privados: total e por tipo,Childbirths in private hospitals total and by type,ok
1514,portugal,Partos nos hospitais públicos e hospitais em parceria público-privada: total e por tipo,Childbirths in public hospitals and hospitals in public private partnership total and by type,ok
1509,portugal,Partos nos hospitais: total e por tipo,Childbirths in hospitals total and by type,ok
3089,portugal,Passageiros transportados no metropolitano - Continente,Passengers transported in the underground mainland,ok
3116,portugal,Passageiros transportados no sistema ferroviário: total e por tipo de tráfego - Continente,Passengers transported in the rail system total and by type of traffic mainland,ok
3121,portugal,Passageiros transportados no território nacional pelas empresas de transporte rodoviário: total e por tipo de serviço - Continente,Passengers transported in national territory by road transport companies total and by type of service mainland,ok
3120,portugal,"Passageiros transportados pelas empresas de transporte rodoviário: total, nacional e internacional - Continente",Passengers transported by road transport companies total national and international mainland,ok
3202,portugal,Passageiros transportados por via aérea: total e por continente de destino,Passengers transported by air total and by continent of destination,ok
3253,portugal,Passageiros transportados por via aérea: total e por continente de origem,Passengers transported by air total and by continent of origin,ok
3169,portugal,"Passageiros transportados por via marítima: total, embarcados e desembarcados",Passengers transported by sea total embarked and disembarked,ok
3450,portugal,Peixe capturado: total e por principais espécies,Captured fish total and by main species,ok
3454,portugal,Peixe produzido em aquicultura: total e por principais espécies,Fish produced in aquaculture total and by main species,ok
2003,portugal,Pensionistas de invalidez e velhice do regime geral da Segurança Social com pensões inferiores ao salário mínimo nacional,Disability and old age pensioners of the general social security scheme with pensions below the national minimum wage,ok
102,portugal,Pensões da Segurança Social: despesa total e por tipo,Social security pensions total expenditure and by type,ok
942,portugal,Pensões da Segurança Social em % do PIB: despesa total e por tipo,Social security pensions as percentage of gdp total expenditure and by type,ok
96,portugal,"Pensões da Segurança Social: total, de sobrevivência, de invalidez e de velhice",Social security pensions total survivors pensioners disability pensioners old age pensioners,ok
2131,portugal,Pensões de sobrevivência e outras da Caixa Geral de Aposentações: total e por escalões de pensão,Survivor and other public administration retirement fund pensions total and pension scales,ok
704,portugal,Pensões de velhice da Segurança Social e reformados/aposentados da Caixa Geral de Aposentações em % da população ativa,Social security old age pensions and public administration retirement fund retirees as a percentage of active population,ok
718,portugal,"Pensões em % da população residente com 15 e mais anos: total, da Segurança Social e da Caixa Geral de Aposentações",Pensions as a percentage of resident population aged 15 and over total social security and public administration retirement fund,ok
851,portugal,Dados sobre as pensões em Portugal,Pensions total social security and public administration retirement fund,ok
3095,portugal,Peões atropelados: total e mortos - Continente,Pedestrians hit by cars total and fatalities mainland,ok
2859,portugal,Dados de pequenas e médias empresas em Portugal,Small and medium sized enterprises as a percentage of total enterprises total and by size,ok
2927,portugal,Pequenas e médias empresas: total e por dimensão,Small and medium sized enterprises total and by size,ok
2928,portugal,Pequenas e médias empresas: total e por setor de atividade económica,Small and medium sized enterprises total and by sector of economic activity,ok
3445,portugal,Pescadores matriculados,Registered fishermen,ok
317,portugal,Pessoal (ETI) em atividades de investigação e desenvolvimento (I&D): total e do setor empresas,Personnel (fte) in research and development activities (r d) total and of enterprises sector,ok
3443,portugal,Pessoal ao serviço nas empresas da Pesca e Aquicultura,Personnel employed by fishing and aquaculture enterprises,ok
3005,portugal,Pessoal ao serviço nas empresas não financeiras: total e por escalão de pessoal ao serviço,Personnel employed in non financial enterprises total and by band of personnel employed,ok
2896,portugal,Pessoal ao serviço nas empresas: total e por dimensão,Personnel employed in enterprises total and by size,ok
2894,portugal,Pessoal ao serviço nas empresas: total e por forma jurídica,Personnel employed in enterprises total and by legal form,ok
2895,portugal,Pessoal ao serviço nas empresas: total e por setor de atividade económica,Personnel employed in enterprises total and by sector of economic activity,ok
2893,portugal,Pessoal ao serviço nas empresas: total,Personnel employed in enterprises total,ok
2931,portugal,Pessoal ao serviço nas pequenas e médias empresas,Personnel employed in small and medium sized enterprises,ok
276,portugal,Pessoal ao serviço nas polícias e outros organismos de apoio à investigação,Personnel employed within the police force,ok
2039,portugal,Pessoal ao serviço nas polícias por 100 mil habitantes,Personnel employed within the police force per 100 thousand inhabitants,ok
3195,portugal,Pessoal ao serviço nas transportadoras aéreas e empresas aeroportuárias: total e por tipo,Personnel employed by air carriers and airport undertakings total and by type,ok
3112,portugal,Pessoal ao serviço no transporte ferroviário - Continente,Personnel employed in rail transport mainland,ok
3092,portugal,Pessoal ao serviço no transporte metropolitano - Continente,Personnel employed in the underground mainland,ok
2627,portugal,Pessoal ao serviço nos alojamentos turísticos: total e por tipo de estabelecimento (1966-2018),Personnel employed in tourist accommodations total and by type of establishment (1966 2018),ok
404,portugal,Pessoal ao serviço nos Tribunais Judiciais,Personnel employed in courts of justice,ok
1096,portugal,Pessoal total (ETI) em atividades de investigação e desenvolvimento (I&D): total e por setor de execução,Total personnel (fte) involved in research and development activities (r d) total and by sector of performance,ok
1097,portugal,Pessoal total e investigadores em atividades de investigação e desenvolvimento (I&D): equivalente a tempo integral por 1000 ativos,Total personnel and researchers involved in research and development activities (r d) full time equivalent per 1 000 active persons,ok
2283,portugal,PIB na ótica da despesa em Portugal,Gdp in terms of expenditure,ok
2280,portugal,Produto Interno Bruto na ótica da produção,Gdp in terms of production,ok
2282,portugal,PIB na ótica do rendimento,Gdp in terms of income,ok
2297,portugal,PIB per capita,Gdp per capita,ok
252,portugal,"Polícia Judiciária: processos entrados, findos e pendentes",Criminal investigation department initiated terminated proceedings and proceedings pending,ok
2589,portugal,População ativa do sexo feminino: total e por nível de escolaridade completo,Female labour force total and by highest level of education completed,ok
2588,portugal,População ativa do sexo masculino: total e por nível de escolaridade completo,Male labour force total and by highest level of education completed,ok
2382,portugal,População ativa por inativa em Portugal,Active population per inactive population,ok
2381,portugal,População ativa por pensionista de velhice da Segurança Social e reformado/aposentado da Caixa Geral de Aposentações,Active population per social security old age pensioner and public administration retirement fund retiree,ok
29,portugal,População ativa: total e por grupo etário,Labour force total and by age group,ok
1008,portugal,População ativa: total e por nível de escolaridade completo,Labour force total and by highest level of education completed,ok
28,portugal,População ativa: total e por sexo,Labour force total and by sex,ok
438,portugal,População desempregada à procura de novo emprego: total e por sexo,Unemployed persons seeking a new job total and by sex,ok
41,portugal,População desempregada do sexo feminino: total e por duração da procura de emprego,Female unemployment total and by duration of job seeking,ok
55,portugal,População desempregada do sexo feminino: total e por nível de escolaridade completo,Female unemployment total and by highest level of education completed,ok
42,portugal,População desempregada do sexo feminino: total e por tipo de desemprego,Female unemployment total and by type of unemployment,ok
43,portugal,População desempregada do sexo masculino: total e por duração da procura de emprego,Male unemployment total and by duration of job seeking,ok
54,portugal,População desempregada do sexo masculino: total e por nível de escolaridade completo,Male unemployment total and by highest level of education completed,ok
359,portugal,População desempregada do sexo masculino: total e por tipo de desemprego,Unemployed males total and by type of unemployment,ok
3246,portugal,População desempregada há 1 ano ou mais: total e por grupo etário,Unemployment total and by age group,ok
2809,portugal,População desempregada: total e há 25 meses ou mais,Unemployment total and for 25 months or more,ok
360,portugal,População desempregada: total e por duração da procura de emprego,Unemployment total and by duration of job seeking,ok
40,portugal,População desempregada: total e por grupo etário,Unemployment by age group,ok
53,portugal,População desempregada: total e por nível de escolaridade completo,Unemployment total and by highest level of education completed,ok
38,portugal,População desempregada: total e por sexo,Unemployment total and by sex,ok
358,portugal,População desempregada: total e por tipo de desemprego,Unemployment total and by type of unemployment,ok
826,portugal,População empregada do sexo feminino em % da população empregada: total e por situação na profissão principal,Female employment as a percentage of employment total and by situation in main occupation,ok
355,portugal,População empregada do sexo feminino: total e a tempo completo e parcial,Female employment total and full and part time,ok
33,portugal,População empregada do sexo feminino: total e por grandes setores de atividade económica,Female employment total and by large sectors of economic activity,ok
37,portugal,População empregada do sexo feminino: total e por situação na profissão principal,Female employment total and by situation in main occupation,ok
357,portugal,População empregada do sexo masculino: total e a tempo completo e parcial,Male employment total and full and part time,ok
34,portugal,População empregada do sexo masculino: total e por grandes setores de atividade económica,Male employment total and by large sectors of economic activity,ok
36,portugal,População empregada do sexo masculino: total e por situação na profissão principal,Male employment total and by situation in main occupation,ok
356,portugal,População empregada em Portugal,Employment total and full and part time,ok
32,portugal,População empregada: total e por grandes setores de atividade económica,Employment total and by large sectors of economic activity,ok
31,portugal,População empregada: total e por grupo etário,Employment total and by age group,ok
1388,portugal,População empregada: total e por nível de escolaridade completo,Employment total and by highest level of education completed,ok
3385,portugal,População empregada: total e por profissões,Employment total and by occupation,ok
3384,portugal,População empregada: total e por setor de atividade económica,Employment total and by sector of economic activity,ok
30,portugal,População empregada: total e por sexo,Employment total and by sex,ok
35,portugal,População empregada: total e por situação na profissão principal,Employment total and by situation in main occupation,ok
24,portugal,População estrangeira com estatuto legal de residente: total e por algumas nacionalidades,Foreign population with legal resident status total and by certain nationalities,ok
25,portugal,População estrangeira com estatuto legal de residente: total e por sexo,Foreign population with legal resident status total and by sex,ok
623,portugal,População estrangeira com permanência regular: total e por sexo,Foreign population with regular residence total and by sex,ok
1995,portugal,População estrangeira residente: total e por enquadramento legal,Resident foreign population total and by legal framework,ok
784,portugal,População inativa com 16 e mais anos: total e por condição perante o trabalho e sexo,Inactive population aged 16 and over total and by work situation and sex,ok
778,portugal,População inativa com 16 e mais anos: total e por sexo,Inactive population aged 16 and over total and by sex,ok
783,portugal,População inativa: total e por grupo etário,Inactive population total and by age group,ok
11,portugal,População média anual residente do sexo feminino: total e por grupo etário,Annual average resident female population total and by age group,ok
12,portugal,População média anual residente do sexo masculino: total e por grupo etário,Annual average resident male population total and by age group,ok
10,portugal,População média anual residente: total e por grupo etário,Annual average resident population total and by age group,ok
6,portugal,População média anual residente em Portugal: total e por sexo,Annual average resident population total and by sex,ok
7,portugal,"População residente, estimativas a 31 de dezembro: total e por grupo etário",Resident population estimates at december 31st total and by age group,ok
5,portugal,"População residente, estimativas a 31 de dezembro: total e por sexo",Resident population estimates at december 31st total and by sex,ok
2266,portugal,População residente com 16 a 64 anos e 65 a 89 anos: por nível de escolaridade completo mais elevado (percentagem),Resident population aged 16 to 64 and 65 to 89 by highest level of educational qualifications obtained (percentage),ok
332,portugal,População residente com 16 a 64 anos e 65 a 89 anos: por nível de escolaridade completo mais elevado,Resident population aged 16 to 64 and 65 to 89 by highest level of educational qualifications obtained,ok
3512,portugal,População residente com 30 a 34 anos com o ensino superior completo em % da população residente: total e por sexo,Resident population aged 30 to 34 with completed higher education as a percentage of resident population total and by sex,ok
3508,portugal,População residente com 65 e mais anos: total e por grupo etário,Resident population aged 65 and over total and by age group,ok
884,portugal,População residente com idade entre 16 e 89 anos por nível de escolaridade completo mais elevado (%),Resident population aged between 16 and 89 by level of highest educational qualifications obtained (percentage),ok
333,portugal,População residente com idade entre 16 e 89 anos por nível de escolaridade completo mais elevado: total e por sexo,Resident population aged between 16 and 89 by level of highest educational qualifications obtained total and by sex,ok
2101,portugal,População residente com idade entre 16 e 89 anos: total e por nível de escolaridade completo mais elevado,Resident population aged between 16 and 89 total and by highest level of educational qualifications obtained,ok
8,portugal,"População residente do sexo feminino, estimativas a 31 de dezembro: total e por grupo etário",Resident female population estimates at december 31st total and by age group,ok
195,portugal,População residente do sexo feminino com 16 a 64 anos e 65 a 89 anos: por nível de escolaridade completo mais elevado,Resident female population aged 16 to 64 and 65 to 89 by highest level of educational qualifications obtained,ok
3510,portugal,População residente do sexo feminino com 65 e mais anos: total e por grupo etário,Resident female population aged 65 and over total and by age group,ok
885,portugal,População residente do sexo feminino com idade entre 16 e 89 anos por nível de escolaridade completo mais elevado (%),Resident female population aged between 16 and 89 by level of highest educational qualifications obtained (percentage),ok
2103,portugal,População residente do sexo feminino com idade entre 16 e 89 anos: total e por nível de escolaridade completo mais elevado,Resident female population aged between 16 and 89 total and by highest level of educational qualifications obtained,ok
519,portugal,População residente do sexo feminino: total e por grandes grupos etários,Resident female population total and by major age groups,ok
9,portugal,"População residente do sexo masculino, estimativas a 31 de dezembro: total e por grupo etário",Resident male population estimates at december 31st total and by age group,ok
196,portugal,População residente do sexo masculino com 16 a 64 anos e 65 a 89 anos: por nível de escolaridade completo mais elevado,Resident male population aged 16 to 64 and 65 to 89 by highest level of educational qualifications obtained,ok
3509,portugal,População residente do sexo masculino com 65 e mais anos: total e por grupo etário,Resident male population aged 65 and over total and by age group,ok
886,portugal,População residente do sexo masculino com idade entre 16 e 89 anos por nível de escolaridade completo mais elevado (%),Resident male population aged between 16 and 89 by level of highest educational qualifications obtained (percentage),ok
2102,portugal,População residente do sexo masculino com idade entre 16 e 89 anos: total e por nível de escolaridade completo mais elevado,Resident male population aged between 16 and 89 total and by highest level of educational qualifications obtained,ok
518,portugal,População residente do sexo masculino: total e por grandes grupos etários,Resident male population total and by major age groups,ok
3245,portugal,População residente em idade ativa: total e por grupos etários,Resident population of working age total and by age group,ok
3251,portugal,População estrangeira que adquiriu nacionalidade portuguesa: total e por grupo etário,Foreign population that acquired portuguese nationality total and by age group,ok
3252,portugal,População estrangeira que adquiriu nacionalidade portuguesa por motivo de aquisição,Foreign population that acquired portuguese nationality total and by type of acquisition of nationality,ok
3249,portugal,População estrangeira que adquiriu nacionalidade portuguesa: total e por principais nacionalidades anteriores,Foreign population who acquired portuguese nationality total and by major previous nationalities,ok
3250,portugal,População estrangeira que adquiriu nacionalidade portuguesa: total e por sexo,Foreign population that acquired portuguese nationality total and by sex,ok
2619,portugal,População residente que viajou em turismo em % da população residente: total e por destino da viagem,Resident population who went on tourism as percentage of resident population total and by destination of trip,ok
2814,portugal,População residente que viajou em turismo em % da população residente: total e por grupo etário,Resident population who went on tourism as percentage of resident population total and by age group,ok
2617,portugal,População residente que viajou em turismo: total e por condição perante o trabalho (%),Resident population who went on tourism total and by work situation (percentage),ok
2616,portugal,População residente que viajou em turismo: total e por destino da viagem,Resident population who went on tourism total and by destination of trip,ok
2561,portugal,População residente que viajou em turismo: total e por grupo etário,Resident population who went on tourism total and by age group,ok
2618,portugal,População residente que viajou em turismo: total e por nível de instrução (%),Resident population who went on tourism total and by level of schooling (percentage),ok
2560,portugal,População residente que viajou em turismo: total e por sexo,Resident population who went on tourism total and by sex,ok
3018,portugal,População residente: total e por grandes grupos etários (%),Resident population total and by major age groups (percentage),ok
513,portugal,População residente em Portugal: total e grupos etários,Resident population total and by major age groups,ok
2374,portugal,Posição de investimento internacional: ativos e passivos financeiros face ao estrangeiro em % do PIB,International investment position financial assets and liabilities abroad as a percentage of gdp,ok
2373,portugal,Posição de investimento internacional: ativos e passivos financeiros face ao estrangeiro,International investment position financial assets and liabilities abroad,ok
1200,portugal,Postos/acessos telefónicos por mil habitantes,Telephone accesses stations per thousand inhabitants,ok
1179,portugal,"Postos telefónicos analógicos: total, públicos e principais",Analogue telephone stations total public and main lines,ok
1073,portugal,"Potencial de acidificação: total, das atividades económicas e das famílias",Acidification potential total of the industries and of the households,ok
1080,portugal,Potencial de acidificação: total e por alguns setores de atividade económica,Acidification potential total and by some sectors of economic activity,ok
3351,portugal,Potencial de efeito de estufa na agricultura,Potential greenhouse effect on agriculture,ok
1072,portugal,"Potencial de efeito de estufa: total, das atividades económicas e das famílias",Global warming potential total of the industries and of the households,ok
1077,portugal,Potencial de efeito de estufa: total e por alguns setores de atividade económica,Global warming potential total and by some sectors of economic activity,ok
2323,portugal,Poupança das famílias,Saving of households,ok
710,portugal,Poupança e ordenados/salários no total do rendimento disponível das famílias (%),Savings and wages salaries in total of disposable income (percentage),ok
2566,portugal,Pousadas de juventude: número e capacidade de alojamento,Youth hostels number and lodging capacity,ok
2237,portugal,Praticantes desportivos federados por mil habitantes,Sportspersons per thousand inhabitants,ok
2228,portugal,Praticantes desportivos federados: total e por escalão etário,Associated sportspersons total and by age group,ok
2229,portugal,Praticantes desportivos federados: total e por sexo,Associated sportspersons total and by sex,ok
2227,portugal,Dados sobre jogadores federados em Portugal,Associated sportspersons total and by all sport federations,ok
1338,portugal,Precipitação do mês com maior precipitação,Rainfall in month of heaviest rainfall,ok
1070,portugal,Dados sobre a precipitação total em Portugal,Total rainfall,ok
1265,portugal,Preços dos combustíveis líquidos e gasosos em Portugal,Average price of liquid and gas fuel sold to the public – mainland portugal,ok
2194,portugal,Presidentes da Câmara: total e por partido político ou coligação,Mayors total and by political party or coalition,ok
104,portugal,"Prestações de desemprego da Segurança Social: despesa total, subsídio de desemprego e subsídio social de desemprego",Social security unemployment benefit total benefits unemployment benefit and supplementary unemployment benefit,ok
381,portugal,"Prestações de desemprego da Segurança Social: total de subsídios, subsídio de desemprego e subsídio social de desemprego",Social security unemployment benefits total benefits unemployment benefit and supplementary unemployment benefit,ok
122,portugal,Prestações familiares da Segurança Social,Family benefits from social security,ok
270,portugal,Prisões: total e lotação,Prisons total and capacity,ok
742,portugal,"Processos entrados, findos e pendentes por advogado",Initiated terminated proceedings and proceedings pending per lawyer,ok
630,portugal,"Processos entrados, findos e pendentes por magistrado judicial",Initiated terminated proceedings and proceedings pending per judge,ok
629,portugal,Processos entrados e findos por tribunal judicial,Initiated and terminated proceedings by law court,ok
1428,portugal,Processos findos de adoção plena: total e por duração,Terminated proceedings of full adoption total and by duration,ok
1426,portugal,Processos findos de adoção,Terminated proceedings of adoption,ok
1126,portugal,Produção bruta de energia elétrica: total e por tipo de produção de energia elétrica,Gross production of electricity total and by type of electricity generation,ok
3357,portugal,Produção das principais culturas agrícolas,Main crops prodution,ok
3441,portugal,Produção de azeite: total e por tipo de lagar ? Continente,Olive oil produced total and by type of oil press unit – mainland portugal,ok
3362,portugal,Produção de azeitona ? Continente,Olive production – mainland portugal,ok
1232,portugal,Produção de energia elétrica a partir de fontes renováveis (%),Electricity production from renewable sources (percentage),ok
1127,portugal,Produção de energia elétrica em Portugal,Production of electricity total and from renewable sources,ok
3364,portugal,Produção de vinho por cor,Wine production by colour,ok
2303,portugal,Produtividade aparente do trabalho: total e por ramo de atividade,Apparent labour productivity total and by industry,ok
3361,portugal,Produtividade das principais culturas agrícolas,Main crops yield,ok
2817,portugal,Produtividade do trabalho em Portugal,Labour productivity,ok
130,portugal,Evolução anual do PIB - Riqueza criada,Gross domestic product (gdp),ok
3424,portugal,Produtores agrícolas singulares: total e por grupo etário,Individual agricultural producers total and by age group,ok
3422,portugal,Produtores agrícolas singulares: total e por sexo,Individual agricultural producers total and by sex,ok
144,portugal,Dados sobre os profissionais de saúde em Portugal,Healthcare personnel doctors dentists odontologists nurses and pharmacists,ok
872,portugal,"Provedoria de Justiça: processos entrados, findos e pendentes",Ombudsman initiated terminated proceedings and proceedings pending,ok
2584,portugal,Proveitos totais dos alojamentos turísticos: total e por tipo de estabelecimento,Total incomes of tourist accommodations total and by type of establishment,ok
1996,portugal,"Publicações científicas: número, publicações citadas e citações",Scientific publications number referenced publications and references,ok
1196,portugal,Publicações científicas por 100 mil habitantes,Scientific publications per 100 thousand inhabitants,ok
1137,portugal,Publicações científicas por área científica ? Contagem global,Scientific publications total and by scientific area – global count,ok
1134,portugal,Publicações científicas: total e em coautoria com instituições de outros países,Scientific publications total and in co authorship with institutions of other countries,ok
1154,portugal,Publicações científicas: total e por tipo de documento,Scientific publications total and by type of document,ok
1122,portugal,Qualidade da água para consumo humano,Water quality for human consumption,ok
1215,portugal,Qualidade das águas balneares costeiras e de transição/estuarinas (%),Coastal and transition estuary bathing water quality (percentage),ok
1216,portugal,Qualidade das águas balneares interiores (%),Bathing water quality in the interior (percentage),ok
2564,portugal,Quartos nos alojamentos turísticos: total e por tipo de estabelecimento,Bedrooms in tourist accommodations total and by type of establishment,ok
766,portugal,Receitas da Segurança Social em % do PIB,Social security revenue as a percentage of gdp,ok
123,portugal,Receitas da Segurança Social: total e por tipo,Social security revenue total and by type,ok
2802,portugal,"Receitas das Administrações Públicas em % do PIB: total, correntes e de capital",General government revenue as percentage of gdp total current and capital,ok
2795,portugal,"Receitas das Administrações Públicas: total, correntes e de capital",General government revenue total current and capital,ok
2796,portugal,Receitas das Administrações Públicas: total e por classificação económica,General government revenue total and by economic classification,ok
3452,portugal,Receitas do peixe vendido em lota: total e por principais espécies,Revenue from fish auction sales total and by main species,ok
3090,portugal,Receitas do transporte metropolitano - Continente,Revenues from underground transport mainland,ok
3749,portugal,Receitas fiscais e contribuições sociais das Administrações Públicas,General government tax revenue and social contributions,ok
2252,portugal,Recenseados residentes em Portugal: total e por grupo etário,Registred individuals resident in portugal total and by age group,ok
2251,portugal,Recenseados residentes em Portugal: total e por sexo,Registred individuals resident in portugal total and by sex,ok
2250,portugal,"Recenseados: total, por nacionalidade e por residência",Registred individuals total by citizenship and by residence,ok
185,portugal,Recintos culturais: número e lotação,Cultural facilities number and capacity,ok
274,portugal,Dados dos reclusos condenados em Portugal,Convicted prisoners total and by category of crime,ok
275,portugal,Reclusos saídos: total e por principais motivos,Prisoners released total and by main reasons,ok
269,portugal,Reclusos: total e em prisão preventiva,Prisoners total and in protective custody,ok
272,portugal,Reclusos: total e por grupo etário,Prisoners total and by age group,ok
273,portugal,Reclusos: total e por nível de instrução completo,Prisoners total and by level of education completed,ok
271,portugal,Reclusos: total e por sexo,Prisoners total and by sex,ok
2000,portugal,Rede de Bibliotecas Escolares: investimento,School library network investment,ok
1999,portugal,Rede de Bibliotecas Escolares: número de bibliotecas escolares por subsistema de ensino,School library network number of school libraries by sub system of education,ok
2129,portugal,Reformados e aposentados da Caixa Geral de Aposentações: total e por escalões de pensão,Retirees of the public administration retirement fund total and by pension scales,ok
984,portugal,Registos de títulos no âmbito do Depósito Legal,Registration of titles in the area of legal deposit,ok
551,portugal,Relação de masculinidade da população empregada por setor de atividade económica,Employment sex ratio by sector of economic activity,ok
2751,portugal,Relação de masculinidade: total e por grupo etário,Sex ratio total and by age group,ok
621,portugal,Relação de masculinidade,Sex ratio,ok
2366,portugal,"Remessas de emigrantes, imigrantes e saldo em % do PIB",Remittances by emigrants immigrants and balance as a percentage of gdp,ok
2365,portugal,"Remessas de emigrantes, imigrantes e saldo",Remittances by emigrants immigrants and balance,ok
2367,portugal,Remessas de emigrantes: total e por principais países de origem,Remittances from emigrants total and by countries of origin,ok
2368,portugal,Remessas de imigrantes: total e por principais países de destino,Remittances from immigrants total and by countries of destination,ok
3377,portugal,Remuneração anual dos empregados da agricultura,Annual remuneration of agriculture employees,ok
893,portugal,Remuneração base média mensal dos trabalhadores do sexo feminino por conta de outrem: total e por nível de qualificação,Average monthly basic remuneration of female employees total and by qualification level,ok
369,portugal,Remuneração base média mensal dos trabalhadores do sexo feminino por conta de outrem: total e por setor de atividade económica,Average monthly basic remuneration of female employees total and by sector of economic activity,ok
892,portugal,Remuneração base média mensal dos trabalhadores do sexo masculino por conta de outrem: total e por nível de qualificação,Average monthly basic remuneration of male employees total and by qualification level,ok
368,portugal,Remuneração base média mensal dos trabalhadores do sexo masculino por conta de outrem: total e por setor de atividade económica,Average monthly basic remuneration of male employees total and by sector of economic activity,ok
451,portugal,"Remuneração base média mensal dos trabalhadores por conta de outrem da Administração Pública, Defesa e Segurança Social Obrigatória: total e por nível de qualificação",Average monthly basic remuneration of employees in public administration defence and compulsory social security total and by qualification level,ok
440,portugal,"Remuneração base média mensal dos trabalhadores por conta de outrem da Agricultura, Pesca e Floresta: total e por nível de qualificação",Average monthly basic remuneration of employees in agriculture fishing and forestry total and by qualification level,ok
3413,portugal,Remuneração base média mensal dos trabalhadores por conta de outrem da Agricultura e Pesca: total e por nível de qualificação,Average monthly basic remuneration of employees in agriculture and fishing total and by qualification level,ok
444,portugal,Remuneração base média mensal dos trabalhadores por conta de outrem da Construção: total e por nível de qualificação,Average monthly basic remuneration of employees in construction total and by qualification level,ok
449,portugal,Remuneração base média mensal dos trabalhadores por conta de outrem da Educação: total e por nível de qualificação,Average monthly basic remuneration of employees in education total and by qualification level,ok
443,portugal,"Remuneração base média mensal dos trabalhadores por conta de outrem da Eletricidade, Gás e Água: total e por nível de qualificação",Average monthly basic remuneration of employees in electricity gas and water supply total and by qualification level,ok
450,portugal,Remuneração base média mensal dos trabalhadores por conta de outrem da Saúde Humana e Apoio Social: total e por nível de qualificação,Average monthly basic remuneration of employees in human health and social work total and by qualification level,ok
448,portugal,Remuneração base média mensal dos trabalhadores por conta de outrem das Atividades Financeiras e de Seguros: total e por nível de qualificação,Average monthly basic remuneration of employees in financial and insurance activities total and by qualification level,ok
441,portugal,Remuneração base média mensal dos trabalhadores por conta de outrem das Indústrias Extrativas: total e por nível de qualificação,Average monthly basic remuneration of employees in mining and quarrying total and by qualification level,ok
442,portugal,Remuneração base média mensal dos trabalhadores por conta de outrem das Indústrias Transformadoras: total e por nível de qualificação,Average monthly basic remuneration of employees in manufacturing total and by qualification level,ok
446,portugal,Remuneração base média mensal dos trabalhadores por conta de outrem do Alojamento e Restauração: total e por nível de qualificação,Average monthly basic remuneration of employees in accommodation and food service activities total and by qualification level,ok
445,portugal,Remuneração base média mensal dos trabalhadores por conta de outrem do Comércio por Grosso e a Retalho: total e por nível de qualificação,Average monthly basic remuneration of employees in wholesale and retail trade total and by qualification level,ok
447,portugal,Remuneração base média mensal dos trabalhadores por conta de outrem dos Transportes e Armazenagem: total e por nível de qualificação,Average monthly basic remuneration of employees in transportation and storage total and by qualification level,ok
374,portugal,Remuneração base média mensal dos trabalhadores por conta de outrem: total e por nível de qualificação,Average monthly basic remuneration of employees total and by qualification level,ok
363,portugal,Remuneração base média mensal dos trabalhadores por conta de outrem: total e por setor de atividade económica,Average monthly basic remuneration of employees total and by sector of economic activity,ok
367,portugal,Remuneração base média mensal dos trabalhadores por conta de outrem: total e por sexo,Average monthly basic remuneration of employees total and by sex,ok
2404,portugal,Remunerações dos empregados,Compensation of employees,ok
496,portugal,Remunerações máximas mensais das carreiras especiais das Administrações Públicas,Maximum monthly remunerations of general governement's special careers,ok
494,portugal,Remunerações mínimas e máximas mensais das carreiras gerais das Administrações Públicas,Minimum and maximum monthly remunerations of general government's general careers,ok
495,portugal,Remunerações mínimas mensais das carreiras especiais das Administrações Públicas,Minimum monthly remunerations of general government's special careers,ok
2407,portugal,Rendimento disponível bruto das famílias,Gross disposable income of households,ok
2380,portugal,Rendimento disponível bruto: total e por setor institucional,Gross disposable income total and by institutional sector,ok
78,portugal,Rendimento e poupança das famílias,Households income and savings,ok
3381,portugal,Rendimento empresarial líquido da agricultura,Net entrepreneurial income from agriculture,ok
82,portugal,Rendimento médio anual líquido dos agregados domésticos privados por categoria sócio-económica (1980-2000),Net annual mean income of private households by socio economic category (1980 2000),ok
2633,portugal,Rendimento médio por quarto nos alojamentos turísticos: total e por tipo de estabelecimento,Revenue per bedroom in tourist accommodations total and by type of establishment,ok
2942,portugal,Rendimento nacional bruto e rendimento disponível bruto em % do PIB,Gross national income and gross disposable income as percentage of gdp,ok
2379,portugal,Rendimento nacional bruto e rendimento disponível bruto,Gross national income and gross disposable income,ok
699,portugal,Rendimentos médios declarados das empresas: total e por setor de atividade económica,Enterprises' average income declared total and by sector of economic activity,ok
1104,portugal,Resíduos urbanos de recolha indiferenciada e seletiva,Urban waste by collection method undifferentiated and selective,ok
1229,portugal,Resíduos urbanos recolhidos por habitante: total e seletivamente,Urban waste collection per inhabitant total and selectively,ok
1228,portugal,Dados sobre a reciclagem em Portugal,Selective urban waste collection (percentage),ok
1105,portugal,Resíduos urbanos: total e por tipo de operação de destino,Urban waste total and by destination type,ok
2241,portugal,Resultados nas eleições para a Assembleia da República: eleitos por partido político ou coligação,Results in the elections for the parliament elected individuals by political party or coalition,ok
2245,portugal,Resultados nas eleições para a Assembleia Legislativa da Região Autónoma da Madeira: eleitos por partido político ou coligação,Results in the elections for the legislative assembly of the autonomous region of madeira elected individuals by political party or coalition,ok
2249,portugal,Resultados nas eleições para a Assembleia Legislativa da Região Autónoma dos Açores: eleitos por partido político ou coligação,Results in the elections for the legislative assembly of the autonomous region of the azores elected individuals by political party or coalition,ok
2193,portugal,Resultados nas eleições para as Câmaras Municipais: eleitos por partido político ou coligação,Results in the elections for the city hall elected individuals by political party or coalition,ok
2206,portugal,Resultados nas eleições para o Parlamento Europeu: eleitos por partido político ou coligação,Results in the elections for the european parliament elected individuals by political party or coalition,ok
3514,portugal,"Resultados no PISA, a Matemática, dos alunos residentes em Portugal",Pisa mathematics results for students residing in portugal,ok
3515,portugal,"Resultados no PISA, em Ciências, dos alunos residentes em Portugal",Pisa science results for students residing in portugal,ok
3513,portugal,"Resultados no PISA, em Leitura, dos alunos residentes em Portugal",Pisa reading results for students residing in portugal,ok
906,portugal,"Salário médio mensal dos trabalhadores por conta de outrem da Administração Pública, Defesa e Segurança Social Obrigatória: remuneração base e ganho por sexo",Average monthly wage of employees in public administration defence and compulsory social security basic remuneration and earnings by sex,ok
895,portugal,"Salário médio mensal dos trabalhadores por conta de outrem da Agricultura, Pesca e Floresta: remuneração base e ganho por sexo",Average monthly wage of employees basic remuneration and earnings in agriculture fishing and forestry total and by sex,ok
899,portugal,Salário médio mensal dos trabalhadores por conta de outrem da Construção: remuneração base e ganho por sexo,Average monthly wage of employees in construction basic remuneration and earnings by sex,ok
903,portugal,Salário médio mensal dos trabalhadores por conta de outrem da Educação: remuneração base e ganho por sexo,Average monthly wage of employees in education basic remuneration and earnings by sex,ok
898,portugal,"Salário médio mensal dos trabalhadores por conta de outrem da Eletricidade, Gás e Água: remuneração base e ganho por sexo",Average monthly wage of employees in electricity gas and water supply basic remuneration and earnings by sex,ok
904,portugal,Salário médio mensal dos trabalhadores por conta de outrem da Saúde Humana e Apoio Social: remuneração base e ganho por sexo,Average monthly wage of employees in human health and social work basic remuneration and earnings by sex,ok
905,portugal,Salário médio mensal dos trabalhadores por conta de outrem das Atividades Financeiras e de Seguros: remuneração base e ganho por sexo,Average monthly wage of employees in financial and insurance activities basic remuneration and earnings by sex,ok
896,portugal,Salário médio mensal dos trabalhadores por conta de outrem das Indústrias Extrativas: remuneração base e ganho por sexo,Average monthly wage of employees in mining and quarrying basic remuneration and earnings by sex,ok
897,portugal,Salário médio mensal dos trabalhadores por conta de outrem das Indústrias Transformadoras: remuneração base e ganho por sexo,Average monthly wage of employees in manufacturing basic remuneration and earnings by sex,ok
901,portugal,Salário médio mensal dos trabalhadores por conta de outrem do Alojamento e Restauração: remuneração base e ganho por sexo,Average monthly wage of employees in accommodation and food service activities basic remuneration and earnings by sex,ok
900,portugal,Salário médio mensal dos trabalhadores por conta de outrem do Comércio por Grosso e a Retalho: remuneração base e ganho por sexo,Average monthly wage of employees in wholesale and retail trade basic remuneration and earnings by sex,ok
902,portugal,Salário médio mensal dos trabalhadores por conta de outrem dos Transportes e Armazenagem: remuneração base e ganho por sexo,Average monthly wage of employees in transportation and storage basic remuneration and earnings by sex,ok
894,portugal,Salário médio mensal dos trabalhadores por conta de outrem: remuneração base e ganho por sexo,Average monthly wage of employees basic remuneration and earnings by sex,ok
2347,portugal,Saldo da balança de bens: total e por principais países parceiros comerciais,Goods balance total and by main trading partner countries,ok
2328,portugal,Saldo da balança de bens: total e por tipo,Goods balance total and by type,ok
2350,portugal,Saldo da balança de serviços: total e por principais países parceiros comerciais,Services balance total and by main trading partner countries,ok
2813,portugal,Saldo da balança de serviços: total e por tipo,Services balance total and by type,ok
3693,portugal,Saldo da balança dos principais produtos de origem florestal,Trade balance of major forestry products,ok
2370,portugal,Saldo das remessas de emigrantes e imigrantes: total e por principais países de origem / destino,Balance of remittances from emigrants and immigrants by main countries of origin destination,ok
917,portugal,Saldo processual na Provedoria de Justiça,Balance of proceedings at the ombudsman,ok
913,portugal,Saldo processual no Supremo Tribunal Administrativo,Balance of proceedings at the supreme administrative court,ok
684,portugal,Saldo processual no Supremo Tribunal de Justiça,Balance of proceedings at supreme court of justice,ok
916,portugal,Saldo processual no Tribunal Constitucional,Balance of proceedings at the constitutional court,ok
914,portugal,Saldo processual no Tribunal de Contas,Balance of proceedings at the state auditor’s office,ok
915,portugal,Saldo processual nos Tribunais da Relação,Balance of proceedings at the appellate courts,ok
665,portugal,Saldo processual nos Tribunais Judiciais,Balance of proceedings in courts of justice,ok
657,portugal,Saldos populacionais anuais: saldo migratório e natural,Annual population growth total natural and migratory,ok
938,portugal,SNS: camas nos hospitais - Continente,Nhs beds in hospitals mainland portugal,ok
641,portugal,SNS: camas nos hospitais por 100 mil habitantes - Continente,Nhs beds in hospitals per 100 thousand inhabitants mainland portugal,ok
159,portugal,SNS: urgências nos hospitais em Portugal,Nhs appointments admissions and emergencies in hospitals mainland portugal,ok
3409,portugal,"SNS: consultas, internamentos e urgências nos hospitais por mil habitantes - Continente",Nhs appointments admissions and emergencies in hospitals per thousand inhabitants mainland portugal,ok
330,portugal,SNS: despesa total e com pessoal ao serviço - Continente,Nhs total expenditure and on personnel employed mainland portugal,ok
830,portugal,SNS: despesa total per capita - Continente,Nhs total expenditure per capita mainland portugal,ok
327,portugal,SNS: encargos com medicamentos - Continente,Nhs spending on medicines mainland portugal,ok
158,portugal,Dados sobre os hospitais em Portugal,Nhs hospitals mainland portugal,ok
160,portugal,SNS: partos em estabelecimentos de saúde - Continente,Nhs childbirths in health establishments mainland portugal,ok
3322,portugal,SNS: pessoal ao serviço nos hospitais - Continente,Nhs personnel employed in hospitals mainland portugal,ok
3408,portugal,SNS: pessoal ao serviço nos hospitais por 100 mil habitantes - Continente,Nhs personnel employed in hospitals per 100 thousand inhabitants mainland portugal,ok
600,portugal,Dados sobre o SNS: receitas médicas em Portugal,Nhs medical prescriptions and prescribed medicines mainland portugal,ok
176,portugal,Sociedades constituídas por escritura pública: total e por setor de atividade económica principal,Corporations constituted by public deed total and by main sector of economic activity,ok
177,portugal,Sociedades dissolvidas por escritura pública: total e por setor de atividade económica principal,Dissolved corporations by public deed total and by main sector of economic activity,ok
3004,portugal,Sociedades não financeiras com 10 ou mais pessoas remuneradas de elevado crescimento: total e por dimensão,High growth non financial corporations with at least 10 employees total and by dimension,ok
3002,portugal,Sociedades não financeiras com 10 ou mais pessoas remuneradas: total e de elevado crescimento,High growth non financial corporations with at least 10 employees,ok
2960,portugal,Sociedades: total e por setor de atividade económica,Corporations total and by sector of economic activity,ok
246,portugal,Solicitadores: total e por sexo,Court officials responsible for executing sentences total and by sex,ok
2574,portugal,"Subscritores por pensões de reforma, aposentação e outras da Caixa Geral de Aposentações",Subscribers per retirement and other pensions of public administration retirement fund,ok
3342,portugal,Superfície agrícola utilizada: irrigável e regada (%),Utilized agricultural area irrigable and watered (percentage),ok
3460,portugal,Superfície agrícola utilizada na superfície total do país (%),Agricultural area used in the total area of the country (percentage),ok
3346,portugal,Superfície agrícola utilizada: total e por tipo de composição,Utilized agricultural area total and per type of composition,ok
3480,portugal,Superfície ardida ? Continente (%),Burnt area – mainland (percentage),ok
3365,portugal,Superfície das principais árvores de fruto e oliveiras,Surface area of the main fruit and olive trees,ok
3352,portugal,Superfície das principais culturas agrícolas,Main crops area,ok
3363,portugal,Superfície de vinha: total e para vinho,Surface of vineyard total and for wine,ok
3689,portugal,Superfície florestal por espécie - Continente,Forest area by specie mainland,ok
3382,portugal,Superfície: total e por tipo de utilização,Agricultural area total and by type of use,ok
871,portugal,"Supremo Tribunal Administrativo: processos entrados, findos e pendentes",Supreme administrative court initiated terminated proceedings and proceedings pending,ok
248,portugal,"Supremo Tribunal de Justiça: processos entrados, findos e pendentes por área processual",Supreme court of justice initiated terminated proceedings and proceedings pending by legal area,ok
832,portugal,Dados sobre os emigrantes portugueses,Gross emigration rate,ok
436,portugal,Taxa bruta de escolarização do sexo feminino por nível de ensino,Crude schooling rate of females by level of education,ok
435,portugal,Taxa bruta de escolarização do sexo masculino por nível de ensino,Crude schooling rate of males by level of education,ok
434,portugal,Taxa bruta de escolarização por nível de ensino,Crude schooling rate by level of education,ok
527,portugal,Dados sobre a taxa bruta de natalidade em Portugal,Crude birth rate,ok
433,portugal,Taxa de abandono escolar em Portugal,Early leavers from education and training rate total and by sex,ok
2208,portugal,"Taxa de abstenção nas eleições para a Assembleia da República: total, residentes em Portugal e residentes no estrangeiro",Abstention rate in the elections for the parliament total residents in portugal and residents abroad,ok
2255,portugal,Taxa de abstenção nas eleições para a Assembleia Legislativa da Região Autónoma da Madeira,Abstention rate in the elections for the legislative assembly of the autonomous region of madeira,ok
2256,portugal,Taxa de abstenção nas eleições para a Assembleia Legislativa da Região Autónoma dos Açores,Abstention rate in the elections for the legislative assembly of the autonomous region of the azores,ok
2207,portugal,"Taxa de abstenção nas eleições para a Presidência da República: total, residentes em Portugal e residentes no estrangeiro",Abstention rate in the elections for the presidency of the republic total residents in portugal and residents abroad,ok
2210,portugal,Taxa de abstenção em Portugal: Autárquicas,Abstention rate in the elections for the local authorities,ok
2209,portugal,"Taxa de abstenção nas eleições para o Parlamento Europeu: total, residentes em Portugal e residentes no estrangeiro",Abstention rate in the elections for the european parliament total residents in portugal and residents abroad,ok
547,portugal,Taxa de atividade: total e por sexo (%),Activity rate total and by sex (percentage),ok
631,portugal,Taxa de congestão nos tribunais (%),Congestion rate in courts (percentage),ok
2298,portugal,Taxa de crescimento do PIB em Portugal,Real gdp growth rate,ok
550,portugal,Taxa de desemprego em Portugal: total e por sexo,Unemployment rate total and by sex (percentage),ok
651,portugal,Dados sobre a taxa de divórcio em Portugal,Crude divorce rate,ok
918,portugal,Taxa de eficácia nos tribunais (%),Backlog rate in courts (percentage),ok
3827,portugal,Taxa de emprego: total e por grupo etário (%),Employment rate total and by age group (percentage),ok
3464,portugal,Taxa de emprego: total e por nível de escolaridade completo (%),Employment rate total and by highest level of education completed (percentage),ok
549,portugal,Taxa de emprego em Portugal: total e por sexo (%),Employment rate total and by sex (percentage),ok
618,portugal,Taxa de fecundidade geral em Portugal,General fertility rate,ok
415,portugal,Taxa de fecundidade por grupo etário,Fertility rate by age group,ok
790,portugal,Taxa de inatividade: total e por sexo (%),Inactivity rate total and by sex (percentage),ok
2315,portugal,Evolução da inflação em Portugal,Inflation rate (growth rate consumer price index) total and individual consumption by purpose,ok
2360,portugal,Taxa de intensidade da pobreza,Relative median at risk of poverty gap,ok
2920,portugal,Taxa de investimento das empresas não financeiras: total e por dimensão,Investment rate in non financial enterprises total and by dimension,ok
2919,portugal,Taxa de investimento das empresas não financeiras: total e por setor de atividade,Investment rate in non financial enterprises total and by sector of economic activity,ok
2934,portugal,Taxa de investimento das pequenas e médias empresas não financeiras: total e por dimensão,Investment rate in non financial small and medium sized enterprises total and by size,ok
2887,portugal,Taxa de mortalidade das empresas: total e por forma jurídica,Enterprises' death rate total and by legal form,ok
2888,portugal,Taxa de mortalidade das empresas: total e por setor de atividade económica,Enterprises' death rate total and by sector of economic activity,ok
528,portugal,Taxa de mortalidade infantil em Portugal,Infant mortality rate,ok
619,portugal,Taxa de mortalidade materna em Portugal,Maternal mortality rate,ok
529,portugal,Taxa de mortalidade perinatal e neonatal,Perinatal and neonatal mortality rates,ok
2883,portugal,"Taxa de natalidade, mortalidade e sobrevivência das empresas",Birth death and survival rates of enterprises,ok
2884,portugal,Taxa de natalidade das empresas: total e por forma jurídica,Enterprises' birth rate total and by legal form,ok
2885,portugal,Taxa de natalidade das empresas: total e por setor de atividade económica,Enterprises' birth rate total and by sector of economic activity,ok
530,portugal,Dados sobre a taxa de nupcialidade em Portugal,Crude marriage rate,ok
3666,portugal,Taxa de ocupação nos hospitais,Hospitals bed occupancy rate,ok
2340,portugal,Dados da taxa de poupança das famílias em Portugal,Savings rate of households,ok
3787,portugal,Taxa de privação material severa,Severe material and social deprivation rate,ok
2358,portugal,Taxa de privação material severa,Severe material deprivation rate (2004 2020),ok
921,portugal,Taxa de resolução nos tribunais (%),Clearance rate in courts (percentage),ok
3507,portugal,Taxa de retenção e desistência no ensino básico: total e por ano de escolaridade,Retention and desistance rate in primary and lower secondary education total and by school years,ok
3511,portugal,"Taxa de retenção e desistência no ensino secundário: total, por modalidade de ensino e ano de escolaridade",Retention and desistance rate in upper secondary education total and by school years,ok
2399,portugal,Taxa de risco de pobreza: antes e após transferências sociais,At risk of poverty rate before and after social transfers,ok
3008,portugal,Taxa de risco de pobreza após transferências sociais: total e por composição do agregado doméstico privado,At risk of poverty rate after social transfers total and by household type,ok
3760,portugal,Taxa de risco de pobreza após transferências sociais: total e por condição perante o trabalho,At risk of poverty rate after social transfers by work situation,ok
3009,portugal,Taxa de risco de pobreza por grupo etário: antes e após transferências sociais,At risk of poverty rate by age group before and after social transfers,ok
2891,portugal,Taxa de sobrevivência das empresas a 1 ano: por setor de atividade económica,Enterprises' survival rate at 1 year total and by sector of economic activity,ok
2890,portugal,Taxa de sobrevivência das empresas a 1 e 2 anos: por forma jurídica,Enterprises' survival rate at 1 and 2 years total and by legal form,ok
987,portugal,Taxa real de escolarização,Actual schooling rate,ok
2847,portugal,Taxas de juro sobre novas operações de empréstimos (média anual) a empresas: total e por escalão de crédito,Interest rates on new loan operations (annual average) to enterprises total and by credit scales,ok
2845,portugal,Taxas de juro sobre novas operações de empréstimos (média anual) a particulares: total e por tipo de finalidade,Interest rates on new loan operations (annual average) to individuals total and by purpose type,ok
2803,portugal,Taxas de rendibilidade de obrigações do tesouro em Portugal,Return rate of treasury bonds,ok
592,portugal,Teatro: espectadores por mil habitantes,Theatre audience per thousand inhabitants,ok
597,portugal,Teatro: número médio de espectadores por sessão,Theatre average audience per performance,ok
392,portugal,Teatro: receitas de bilheteira,Theatre box office revenue,ok
183,portugal,Teatro: sessões e espectadores,Theatre performances and audiences,ok
1339,portugal,Temperatura máxima do ar no mês mais quente do ano (média mensal),Maximum air temperature in the hottest month of the year (monthly average),ok
1068,portugal,Temperatura máxima do ar,Maximum air temperature (yearly average),ok
1067,portugal,Temperatura média anual do ar,Average air temperature,ok
1340,portugal,Temperatura mínima do ar no mês mais frio do ano (média mensal),Minimum air temperature in the coldest month of the year (monthly average),ok
1069,portugal,Temperatura mínima do ar,Minimum air temperature,ok
3343,portugal,Terra arável com culturas temporárias sucessivas (%),Arable land with successive temporary crops (percentage),ok
986,portugal,"Títulos em língua portuguesa: total, originais e traduzidos",Titles in portuguese total originals and translated,ok
847,portugal,Trabalhadores do sexo feminino em % dos trabalhadores por conta de outrem: total e por tipo de contrato,Female employees as a percentage of employees total and by contract type,ok
846,portugal,Trabalhadores do sexo feminino por conta de outrem: total e por tipo de contrato,Female employees total and by contract type,ok
845,portugal,Trabalhadores do sexo masculino por conta de outrem: total e por tipo de contrato,Male employees total and by contract type,ok
2996,portugal,Trabalhadores no setor público empresarial,Workers in the corporate public sector,ok
3811,portugal,Trabalhadores por conta de outrem por nível de escolaridade e setores de atividade (%),Employees highest level of education and by sector of economic activity,ok
1386,portugal,Trabalhadores por conta de outrem: total e por nível de escolaridade completo,Employees total and by highest level of education completed,ok
844,portugal,Trabalhadores por conta de outrem em Portugal,Employees total and by contract type,ok
1719,portugal,Trabalhadores por conta própria como empregadores: total e por nível de escolaridade completo,Employers total and by highest level of education completed,ok
1387,portugal,Trabalhadores Independentes em Portugal,Self employed persons with or without workers total and by highest level of education completed,ok
3198,portugal,"Tráfego de passageiros, carga e correio nos principais aeroportos: total, nacional e internacional",Passenger freight and mail traffic at major airports total national and international,ok
3248,portugal,Tráfego de passageiros nos aeroportos em Portugal,Passenger traffic at major airports lisbon oporto and faro,ok
3240,portugal,"Tráfego de passageiros nos principais aeroportos: total, embarcados, desembarcados e em trânsito direto",Passenger traffic at major airports total embarked disembarked and in direct transit,ok
2339,portugal,Tráfego telefónico nacional: rede fixa e móvel (percentagem),National telephone traffic fixed and mobile networks (percentage),ok
1181,portugal,Tráfego telefónico nacional: rede fixa e móvel,National telephone traffic fixed and mobile networks,ok
3380,portugal,Transferências de capital na agricultura,Capital transfers in agriculture,ok
2364,portugal,Transferências públicas com a União Europeia em % do PIB,Public transfers with the eu as a percentage of the gdp,ok
2363,portugal,Transferências públicas com a União Europeia,Public transfers with the the european union,ok
2230,portugal,Treinadores federados: total e por algumas federações desportivas,Associated coaches total and by certain sport federations,ok
874,portugal,"Tribunais da Relação: processos entrados, findos e pendentes",Appelate courts initiated terminated proceedings and proceedings pending,ok
625,portugal,Tribunais Judiciais por 100 mil habitantes,Courts of justice per 100 thousand inhabitants,ok
247,portugal,"Tribunais Judiciais: processos entrados, findos e pendentes",Courts of justice initiated terminated proceedings and proceedings pending,ok
628,portugal,Tribunais Judiciais: processos entrados e findos por mil habitantes,Courts of justice initiated and terminated proceedings per thousand inhabitants,ok
244,portugal,Evolução do número de Tribunais Judiciais,Courts of justice,ok
873,portugal,"Tribunal Constitucional: processos entrados, findos e pendentes",Constitutional court initiated terminated proceedings and proceedings pending (1993 2010),ok
870,portugal,"Tribunal de Contas: processos entrados, findos e pendentes",State auditor's office initiated terminated proceedings and proceedings pending,ok
608,portugal,Tuberculose: casos por 100 mil habitantes,Tuberculosis cases per 100 thousand inhabitants,ok
157,portugal,Tuberculose: novos casos e retratamentos,Tuberculosis new cases and repeat treatments,ok
3715,portugal,Valor acrescentado bruto da agricultura em % do PIB,Gross value added of agriculture in percentage of gdp,ok
3374,portugal,Valor acrescentado bruto da agricultura,Gross value added of agriculture,ok
3707,portugal,Valor acrescentado bruto da silvicultura em % do PIB,Gross value added of forestry in percentage of gdp,ok
3694,portugal,Valor acrescentado bruto da silvicultura,Gross value added of forestry,ok
2916,portugal,Valor acrescentado bruto das empresas: total e por dimensão,Enterprises' gross value added total and by size,ok
2915,portugal,Valor acrescentado bruto das empresas: total e por setor de atividade económica,Enterprises' gross value added total and by sector of economic activity,ok
3742,portugal,Valor acrescentado bruto das pescas e aquicultura em % do PIB,Gross value added of fishing in percentage of gdp,ok
3741,portugal,Valor acrescentado bruto das pescas e aquicultura,Gross value added of fishing and aquaculture,ok
2968,portugal,Valor acrescentado bruto nas pequenas e médias empresas: total e por dimensão,Gross value added in small and medium sized enterprises total and by size,ok
2293,portugal,Valor acrescentado bruto em Portugal,Gross value added total and by industry,ok
3376,portugal,Valor da produção agrícola: total e por tipo,Value of the agricultural production total and by type,ok
3375,portugal,Valor da produção vegetal: total e por tipo de bens,Value of the crop output total and by goods,ok
2128,portugal,"Valor mínimo mensal das pensões da Caixa Geral de Aposentações: pensões de aposentação, reforma, invalidez e sobrevivência",Minimum monthly amount of pensions of the public administration retirement fund retirement forces disability and survivor pensions,ok
103,portugal,"Valor mínimo mensal das pensões do regime geral da Segurança Social: pensões de velhice, invalidez e sobrevivência",Minimum monthly pension within general scheme from social security old age disability and survivors pensions,ok
115,portugal,Valores mensais de algumas prestações familiares da Segurança Social,Monthly amounts of particular family benefits from social security,ok
2947,portugal,Valores processados em levantamentos e pagamentos de serviços nas caixas automáticas multibanco,Amounts of withdrawals and payment of services in atms,ok
3111,portugal,Veículos do transporte ferroviário - Continente,Railway vehicles mainland,ok
3087,portugal,Veículos do transporte metropolitano - Continente,Underground transport vehicles mainland,ok
3235,portugal,Veículos matriculados por 100 mil habitantes,Vehicles registered per 100 thousand inhabitants,ok
3103,portugal,Veículos matriculados: total e por tipo de veículo,Vehicles registered total and by type of vehicle,ok
3102,portugal,Veículos rodoviários motorizados de passageiros em circulação: total e por idade do veículo,Passenger motor vehicles in circulation total and by age of vehicle,ok
3101,portugal,Veículos rodoviários motorizados em circulação: total e por tipo de combustível,Motor vehicles in circulation total and by type of fuel used,ok
3100,portugal,Veículos rodoviários motorizados em circulação: total e por tipo de veículos,Motor vehicles in circulation total and by type of vehicle,ok
3234,portugal,Veículos rodoviários motorizados por mil habitantes,Motor vehicles per thousand inhabitants,ok
1131,portugal,Venda de combustíveis para consumo,Fuel sales for consumption,ok
3455,portugal,Vendas do peixe produzido em aquicultura: total e por principais espécies,Sales from fish produced in aquaculture total and by main species,ok
2551,portugal,"Viagens turísticas de residentes: total, por destino e meio de transporte principal",Touristic trips by residents total by main destination and mode of transport,ok
2549,portugal,"Viagens turísticas de residentes: total, por destino e motivo principal",Touristic trips by residents total by main destination and purpose,ok
2552,portugal,"Viagens turísticas de residentes: total, por destino principal e duração",Touristic trips by residents total by main destination and duration,ok
2550,portugal,Viagens turísticas de residentes: total e por destino principal,Touristic trips by residents total and by main destination,ok
3403,portugal,Viveiros - Continente,Nursery gardens mainland,ok
3196,portugal,Volume de negócios das empresas de transporte aéreo: total e por área,Turnover of air transport enterprises total and by area,ok
2914,portugal,Volume de negócios das empresas: total e por dimensão,Enterprises' turnover total and by size,ok
2913,portugal,Volume de negócios das empresas: total e por setor de atividade económica,Enterprises' turnover total and by sector of economic activity,ok
2932,portugal,Volume de negócios das pequenas e médias empresas: total e por dimensão,Turnover in small and medium sized enterprises total and by size,ok
3456,portugal,Volume de trabalho (UTA) da mão de obra agrícola: total e por tipo de mão de obra,Labour volume (awu) of the agricultural labour force total and by type of labour,ok
3193,portugal,"Voos de transporte de passageiros e carga: total, doméstico e internacional",Passenger and cargo transport flights total domestic and international,ok
2185,portugal,"Votos de residentes em Portugal nas eleições para a Assembleia da República: total, válidos, brancos e nulos",Votes of residents in portugal in the elections for the parliament total valid blank and null,ok
2176,portugal,"Votos de residentes em Portugal nas eleições para a Presidência da República: total, válidos, brancos e nulos",Votes of residents in portugal in the elections for the presidency of the republic total valid blank and null,ok
2201,portugal,"Votos de residentes em Portugal nas eleições para o Parlamento Europeu: total, válidos, brancos e nulos",Votes of residents in portugal in the elections for the european parliament total valid blank and null,ok
2186,portugal,"Votos de residentes no estrangeiro nas eleições para a Assembleia da República: total, válidos, brancos e nulos",Votes of residents abroad in the elections for the parliament total valid blank and null,ok
2177,portugal,"Votos de residentes no estrangeiro nas eleições para a Presidência da República: total, válidos, brancos e nulos",Votes of residents abroad in the elections for the presidency of the republic total valid blank and null,ok
2202,portugal,"Votos de residentes no estrangeiro nas eleições para o Parlamento Europeu: total, válidos, brancos e nulos",Votes of residents abroad in the elections for the european parliament total valid blank and null,ok
2184,portugal,"Votos nas eleições para a Assembleia da República: total, válidos, brancos e nulos",Votes in the elections for the parliament total valid blank and null,ok
2243,portugal,"Votos nas eleições para a Assembleia Legislativa da Região Autónoma da Madeira: total, válidos, brancos e nulos",Votes in the elections for the legislative assembly of the autonomous region of madeira total valid blank and null,ok
2247,portugal,"Votos nas eleições para a Assembleia Legislativa da Região Autónoma dos Açores: total, válidos, brancos e nulos",Votes in the elections for the legislative assembly of the autonomous region of the azores total valid blank and null,ok
2175,portugal,"Votos nas eleições para a Presidência da República: total, válidos, brancos e nulos",Votes in the elections for the presidency of the republic total valid blank and null,ok
2191,portugal,"Votos nas eleições para as Câmaras Municipais: total, válidos, brancos e nulos",Votes in the elections for the city hall total valid blank and null,ok
2200,portugal,"Votos nas eleições para o Parlamento Europeu: total, válidos, brancos e nulos",Votes in the elections for the european parliament total valid blank and null,ok
2188,portugal,Votos válidos de residentes em Portugal nas eleições para a Assembleia da República: total e por partido político ou coligação,Valid votes of residents in portugal in the elections for the parliament total and by political party or coalition,ok
2179,portugal,Votos válidos de residentes em Portugal nas eleições para a Presidência da República: total e por candidato Presidencial,Valid votes of residents in portugal in the elections for the presidency of the republic total and by presidential candidate,ok
2204,portugal,Votos válidos de residentes em Portugal nas eleições para o Parlamento Europeu: total e por partido político ou coligação,Valid votes of residents in portugal in the elections for the european parliament total and by political party or coalition,ok
2189,portugal,Votos válidos de residentes no estrangeiro nas eleições para a Assembleia da República: total e por partido político ou coligação,Valid votes of residents abroad in the elections for the parliament total and by political party or coalition,ok
2180,portugal,Votos válidos de residentes no estrangeiro nas eleições para a Presidência da República: total e por candidato Presidencial,Valid votes of residents abroad in the elections for the presidency of the republic total and by presidential candidate,ok
2205,portugal,Votos válidos de residentes no estrangeiro nas eleições para o Parlamento Europeu: total e por partido político ou coligação,Valid votes of residents abroad in the elections for the european parliament total and by political party or coalition,ok
2187,portugal,Votos válidos nas eleições para a Assembleia da República: total e por partido político ou coligação,Valid votes in the elections for the parliament total and by political party or coalition,ok
2244,portugal,Votos válidos nas eleições para a Assembleia Legislativa da Região Autónoma da Madeira: total e por partido político ou coligação,Valid votes in the elections for the legislative assembly of the autonomous region of madeira total and by political party or coalition,ok
2248,portugal,Votos válidos nas eleições para a Assembleia Legislativa da Região Autónoma dos Açores: total e por partido político ou coligação,Valid votes in the elections for the legislative assembly of the autonomous region of the azores total and by political party or coalition,ok
2178,portugal,Votos válidos nas eleições para a Presidência da República: total e por candidato Presidencial,Valid votes in the elections for the presidency of the republic total and by presidential candidate,ok
2192,portugal,Votos válidos nas eleições para as Câmaras Municipais: total e por partido político ou coligação,Valid votes in the elections for the city hall total and by political party or coalition,ok
2203,portugal,Votos válidos nas eleições para o Parlamento Europeu: total e por partido político ou coligação,Valid votes in the elections for the european parliament total and by political party or coalition,ok
